order_id,customer_id,customer_name,city,category,product_name,unit_price,quantity,discount_percent,payment_method,order_status,order_timestamp
ORD-100001,CUST-1002,Charlie Brown,New York,Electronics,Bluetooth Speaker,651.35,2,0.1,Debit Card,COMPLETED,2025-08-13 02:08:06
ORD-100002,CUST-1007,Hannah Abbott,San Francisco,Clothing,Cotton T-Shirt,32.58,2,0.05,Apple Pay,COMPLETED,2025-02-26 18:24:50
ORD-100003,CUST-1015,Pam Beesly,Tokyo,Clothing,Winter Jacket,109.63,2,0.25,Debit Card,COMPLETED,2025-08-19 03:11:38
ORD-100004,CUST-1009,Julia Roberts,Sydney,Books,Economics 101,23.92,1,0.05,Credit Card,COMPLETED,2025-10-11 06:17:49
ORD-100005,CUST-1017,,New York,Sports & Outdoors,Dumbbell Set,67.51,2,0.1,UPI / Digital Wallet,PENDING,2025-04-30 10:16:57
ORD-100006,CUST-1009,Julia Roberts,Mumbai,Home & Kitchen,Vacuum Cleaner,329.77,4,0.05,UPI / Digital Wallet,COMPLETED,2025-05-15 06:26:15
ORD-100007,CUST-1010,Kevin Bacon,,Books,Cookbook,40.74,2,0.2,Debit Card,COMPLETED,2025-04-13 14:57:19
ORD-100008,CUST-1017,Rachel Green,San Francisco,Electronics,Laptop,779.88,2,0.05,PayPal,COMPLETED,2025-05-09 21:15:50
ORD-100009,CUST-1007,Hannah Abbott,Berlin,Clothing,Cotton T-Shirt,125.94,1,0.1,Debit Card,CANCELLED,2025-03-08 13:39:41
ORD-100010,CUST-1012,Michael Scott,London,Electronics,Laptop,911.23,3,0.25,Apple Pay,COMPLETED,2025-07-31 11:37:25
ORD-100011,CUST-1010,Kevin Bacon,Berlin,Home & Kitchen,Vacuum Cleaner,196.11,1,0.25,UPI / Digital Wallet,COMPLETED,2025-06-01 21:23:31
ORD-100012,CUST-1011,Laura Croft,New York,Books,History of Computing,18.4,1,0.2,Debit Card,COMPLETED,2025-12-16 18:27:57
ORD-100013,CUST-1010,Kevin Bacon,Singapore,Electronics,Smartwatch,118.91,1,0.1,Credit Card,COMPLETED,2025-04-17 18:49:31
ORD-100014,CUST-1006,George Clark,Singapore,Home & Kitchen,Air Fryer,252.3,2,0.2,Apple Pay,CANCELLED,2025-06-09 03:36:33
ORD-100015,CUST-1014,Oscar Martinez,Paris,Home & Kitchen,Air Fryer,282.53,4,0.05,Credit Card,RETURNED,2025-12-30 09:08:18
ORD-100016,CUST-1011,Laura Croft,Singapore,Books,Sci-Fi Novel,32.63,1,0.25,Apple Pay,COMPLETED,2025-12-20 07:49:53
ORD-100017,CUST-1002,Charlie Brown,London,Books,Sci-Fi Novel,9.26,1,0.15,Debit Card,COMPLETED,2025-09-23 23:19:12
ORD-100018,CUST-1005,Fiona Gallagher,Berlin,Electronics,Laptop,389.19,1,0.05,Credit Card,COMPLETED,2025-06-17 02:56:34
ORD-100019,CUST-1002,Charlie Brown,Singapore,Home & Kitchen,Espresso Machine,267.93,1,0.1,Debit Card,CANCELLED,2025-09-22 10:18:33
ORD-100020,CUST-1009,Julia Roberts,London,Electronics,Laptop,804.96,1,0.25,Credit Card,RETURNED,2025-07-15 15:58:55
ORD-100021,CUST-1011,Laura Croft,San Francisco,Home & Kitchen,Air Fryer,115.9,2,0.05,PayPal,COMPLETED,2025-03-04 06:15:18
ORD-100022,CUST-1001,Bob Jones,Sydney,Sports & Outdoors,Camping Tent,90.55,1,0.0,Apple Pay,RETURNED,2025-09-08 10:31:01
ORD-100023,CUST-1009,Julia Roberts,New York,Home & Kitchen,Air Fryer,282.86,2,0.25,Debit Card,COMPLETED,2025-03-09 05:37:06
ORD-100024,CUST-1014,Oscar Martinez,San Francisco,Home & Kitchen,Espresso Machine,209.0,1,0.2,PayPal,PENDING,2025-07-08 10:39:13
ORD-100025,CUST-1018,Steve Rogers,Singapore,Clothing,Hooded Sweatshirt,114.04,1,0.0,PayPal,CANCELLED,2025-09-04 09:32:56
ORD-100026,CUST-1007,Hannah Abbott,Paris,Electronics,4K Monitor,475.77,1,0.25,Debit Card,RETURNED,2025-12-07 00:55:53
ORD-100027,CUST-1019,Tony Stark,Singapore,Home & Kitchen,Air Fryer,345.22,1,0.05,Credit Card,PENDING,2025-05-25 15:51:01
ORD-100028,CUST-1000,Alice Smith,Mumbai,Clothing,Sneakers,99.12,2,0.2,Apple Pay,COMPLETED,2025-08-23 20:08:38
ORD-100029,CUST-1007,Hannah Abbott,New York,Sports & Outdoors,Bicycle Helmet,118.06,2,0.25,Debit Card,COMPLETED,2025-11-18 05:24:43
ORD-100030,CUST-1014,Oscar Martinez,Tokyo,Sports & Outdoors,Water Bottle,81.94,2,0.0,UPI / Digital Wallet,COMPLETED,2025-03-02 18:12:17
ORD-100031,CUST-1000,Alice Smith,Mumbai,Sports & Outdoors,Yoga Mat,67.44,1,0.1,UPI / Digital Wallet,COMPLETED,2025-04-06 13:05:29
ORD-100032,CUST-1016,Quentin Tarantino,Sydney,Clothing,Cotton T-Shirt,48.61,1,0.25,Apple Pay,COMPLETED,2025-12-01 07:52:00
ORD-100033,CUST-1003,,Berlin,Home & Kitchen,Toaster,243.64,2,0.2,PayPal,COMPLETED,2025-09-05 02:08:01
ORD-100034,CUST-1006,George Clark,Berlin,Sports & Outdoors,Dumbbell Set,180.65,5,0.25,UPI / Digital Wallet,CANCELLED,2025-02-07 21:57:38
ORD-100035,CUST-1005,Fiona Gallagher,Paris,Electronics,Bluetooth Speaker,114.76,2,0.0,PayPal,CANCELLED,2025-06-09 02:27:59
ORD-100036,CUST-1013,Nora Jones,Toronto,Home & Kitchen,Cookware Set,326.74,1,0.1,PayPal,COMPLETED,2025-03-17 18:01:21
ORD-100037,CUST-1004,Evan Wright,Toronto,Electronics,Smartphone,859.48,1,0.05,UPI / Digital Wallet,PENDING,2025-03-24 16:42:00
ORD-100038,CUST-1010,Kevin Bacon,Tokyo,Books,History of Computing,24.31,1,0.0,PayPal,COMPLETED,2025-05-02 05:36:06
ORD-100039,CUST-1000,,Paris,Electronics,4K Monitor,85.5,3,0.25,Credit Card,PENDING,2025-10-01 14:39:43
ORD-100040,CUST-1019,Tony Stark,Berlin,Sports & Outdoors,Camping Tent,101.57,1,0.1,Credit Card,PENDING,2025-11-29 08:13:14
ORD-100041,CUST-1014,Oscar Martinez,,Home & Kitchen,Blender,92.57,2,0.2,Credit Card,COMPLETED,2025-11-18 03:18:40
ORD-100042,CUST-1018,Steve Rogers,Tokyo,Sports & Outdoors,Hiking Backpack,240.53,1,0.15,PayPal,CANCELLED,2025-05-22 02:16:50
ORD-100043,CUST-1019,Tony Stark,New York,Home & Kitchen,Toaster,341.56,1,0.1,Credit Card,COMPLETED,2025-12-25 16:48:44
ORD-100044,CUST-1004,Evan Wright,Tokyo,Electronics,Smartphone,281.47,1,0.1,PayPal,COMPLETED,2025-06-29 08:09:58
ORD-100045,CUST-1010,Kevin Bacon,Mumbai,Sports & Outdoors,Water Bottle,221.51,2,0.25,UPI / Digital Wallet,COMPLETED,2025-12-18 10:08:54
ORD-100046,CUST-1009,Julia Roberts,Sydney,Electronics,Bluetooth Speaker,218.92,1,0.05,Debit Card,CANCELLED,2025-12-09 03:19:49
ORD-100047,CUST-1017,Rachel Green,Mumbai,Sports & Outdoors,Bicycle Helmet,57.92,1,0.2,Apple Pay,COMPLETED,2025-09-23 20:00:45
ORD-100048,CUST-1009,Julia Roberts,Paris,Electronics,Wireless Headphones,1174.68,5,0.1,Debit Card,RETURNED,2025-07-30 00:54:01
ORD-100049,CUST-1002,Charlie Brown,Singapore,Clothing,Sneakers,104.14,1,0.15,PayPal,COMPLETED,2025-07-11 19:35:37
ORD-100050,CUST-1014,Oscar Martinez,Mumbai,Books,Biography,13.48,2,0.2,Debit Card,RETURNED,2025-09-14 06:40:23
ORD-100051,CUST-1012,Michael Scott,San Francisco,Clothing,Running Shoes,125.17,5,0.1,PayPal,COMPLETED,2025-02-12 01:35:21
ORD-100052,CUST-1016,Quentin Tarantino,Tokyo,Books,Sci-Fi Novel,44.99,1,0.0,PayPal,COMPLETED,2025-03-03 17:38:36
ORD-100053,CUST-1013,,San Francisco,Books,Economics 101,35.46,1,0.0,PayPal,COMPLETED,2025-11-08 14:48:10
ORD-100054,CUST-1015,Pam Beesly,Paris,Home & Kitchen,Espresso Machine,173.49,4,0.15,UPI / Digital Wallet,COMPLETED,2025-12-25 23:12:31
ORD-100055,CUST-1009,Julia Roberts,Toronto,Books,Biography,23.74,1,0.15,Apple Pay,RETURNED,2025-07-08 20:43:00
ORD-100056,CUST-1017,Rachel Green,London,Electronics,Laptop,156.82,1,0.05,Apple Pay,COMPLETED,2025-06-25 04:37:15
ORD-100057,CUST-1016,Quentin Tarantino,Paris,Electronics,Bluetooth Speaker,1164.85,1,0.1,Debit Card,RETURNED,2025-10-13 07:22:52
ORD-100058,CUST-1008,Ian Malcolm,New York,Clothing,Hooded Sweatshirt,148.72,1,0.1,Credit Card,COMPLETED,2025-05-30 19:11:02
ORD-100059,CUST-1008,Ian Malcolm,Tokyo,Books,Sci-Fi Novel,40.34,2,0.25,UPI / Digital Wallet,PENDING,2025-07-29 23:26:40
ORD-100060,CUST-1002,Charlie Brown,Toronto,Home & Kitchen,Blender,167.41,1,0.25,Credit Card,COMPLETED,2025-11-02 07:48:28
ORD-100061,CUST-1004,Evan Wright,San Francisco,Books,Sci-Fi Novel,40.7,1,0.05,PayPal,COMPLETED,2025-11-07 21:38:17
ORD-100062,CUST-1011,Laura Croft,Paris,Electronics,Smartphone,1168.59,1,0.1,UPI / Digital Wallet,PENDING,2025-03-16 00:21:58
ORD-100063,CUST-1011,Laura Croft,,Books,Data Engineering Handbook,40.29,2,0.25,Debit Card,PENDING,2025-04-17 04:21:00
ORD-100064,CUST-1015,Pam Beesly,Berlin,Books,Cookbook,17.59,5,0.25,PayPal,PENDING,2025-04-15 14:40:22
ORD-100065,CUST-1018,Steve Rogers,Berlin,Home & Kitchen,Espresso Machine,247.65,1,0.1,Credit Card,COMPLETED,2025-06-18 14:30:28
ORD-100066,CUST-1003,Diana Prince,Paris,Books,Cookbook,18.36,1,0.1,Credit Card,COMPLETED,2025-07-04 20:33:41
ORD-100067,CUST-1006,George Clark,Sydney,Clothing,Hooded Sweatshirt,27.5,1,0.0,Apple Pay,COMPLETED,2025-02-16 02:57:41
ORD-100068,CUST-1006,George Clark,London,Clothing,Cotton T-Shirt,97.17,1,0.25,UPI / Digital Wallet,COMPLETED,2025-10-01 18:31:22
ORD-100069,CUST-1004,Evan Wright,Paris,Sports & Outdoors,Camping Tent,249.19,1,0.05,Debit Card,PENDING,2025-10-05 04:23:40
ORD-100070,CUST-1013,Nora Jones,San Francisco,Home & Kitchen,Toaster,85.32,-1,0.1,Credit Card,CANCELLED,2025-01-16 09:03:56
ORD-100071,CUST-1003,Diana Prince,Mumbai,Electronics,Smartphone,642.25,1,0.0,UPI / Digital Wallet,RETURNED,2025-10-15 18:55:15
ORD-100072,CUST-1006,George Clark,London,Books,Data Engineering Handbook,33.74,1,0.25,PayPal,CANCELLED,2025-08-16 17:28:17
ORD-100073,CUST-1004,Evan Wright,Toronto,Electronics,Laptop,192.95,2,0.05,Debit Card,RETURNED,2025-09-26 13:25:13
ORD-100074,CUST-1011,Laura Croft,Toronto,Home & Kitchen,Espresso Machine,208.75,2,0.2,UPI / Digital Wallet,RETURNED,2025-03-25 00:59:48
ORD-100075,CUST-1007,Hannah Abbott,San Francisco,Sports & Outdoors,Yoga Mat,137.91,3,0.2,Debit Card,COMPLETED,2025-02-13 09:52:32
ORD-100076,CUST-1010,Kevin Bacon,Toronto,Electronics,4K Monitor,515.39,1,0.0,Apple Pay,COMPLETED,2025-02-09 08:01:30
ORD-100077,CUST-1006,George Clark,Mumbai,Home & Kitchen,Cookware Set,202.08,3,0.2,UPI / Digital Wallet,COMPLETED,2025-08-19 20:54:01
ORD-100078,CUST-1008,Ian Malcolm,Paris,Electronics,Laptop,109.32,2,0.05,UPI / Digital Wallet,COMPLETED,2025-04-26 12:02:24
ORD-100079,CUST-1009,Julia Roberts,Mumbai,Sports & Outdoors,Camping Tent,140.42,1,0.05,UPI / Digital Wallet,RETURNED,2025-11-26 06:24:01
ORD-100080,CUST-1001,Bob Jones,Singapore,Books,Data Engineering Handbook,32.33,5,0.2,Credit Card,PENDING,2025-06-06 02:16:42
ORD-100081,CUST-1012,Michael Scott,Tokyo,Home & Kitchen,Blender,294.73,1,0.0,UPI / Digital Wallet,COMPLETED,2025-08-27 04:04:36
ORD-100082,CUST-1018,Steve Rogers,Berlin,Books,Biography,12.67,2,0.2,UPI / Digital Wallet,COMPLETED,2025-05-17 23:36:16
ORD-100083,CUST-1003,Diana Prince,Singapore,Books,Biography,34.4,2,0.15,Debit Card,PENDING,2025-06-30 19:27:58
ORD-100084,CUST-1010,Kevin Bacon,London,Books,Sci-Fi Novel,8.13,5,0.0,PayPal,COMPLETED,2025-07-21 08:48:37
ORD-100085,CUST-1011,Laura Croft,Singapore,Clothing,Running Shoes,142.53,3,0.1,Apple Pay,CANCELLED,2025-05-15 21:27:06
ORD-100086,CUST-1006,George Clark,New York,Electronics,Smartphone,236.61,1,0.2,UPI / Digital Wallet,RETURNED,2025-06-28 12:26:24
ORD-100087,CUST-1008,Ian Malcolm,Berlin,Home & Kitchen,Air Fryer,40.72,1,0.0,Debit Card,COMPLETED,2025-09-30 22:44:35
ORD-100088,CUST-1001,Bob Jones,Tokyo,Sports & Outdoors,Water Bottle,71.24,1,0.05,Debit Card,COMPLETED,2025-10-10 16:05:05
ORD-100089,CUST-1010,Kevin Bacon,Sydney,Home & Kitchen,Blender,118.34,1,0.0,Credit Card,COMPLETED,2025-10-20 09:24:03
ORD-100090,CUST-1019,Tony Stark,Paris,Clothing,Running Shoes,32.76,2,0.1,PayPal,COMPLETED,2025-04-15 22:17:36
ORD-100091,CUST-1017,Rachel Green,New York,Home & Kitchen,Air Fryer,107.38,1,0.2,Credit Card,COMPLETED,2025-06-06 03:35:09
ORD-100092,CUST-1016,Quentin Tarantino,San Francisco,Electronics,Smartwatch,1115.54,2,0.15,Apple Pay,COMPLETED,2025-02-16 13:06:20
ORD-100093,CUST-1015,Pam Beesly,Berlin,Clothing,Running Shoes,100.32,1,0.25,UPI / Digital Wallet,COMPLETED,2025-10-12 01:39:32
ORD-100094,CUST-1015,Pam Beesly,Toronto,Electronics,Smartwatch,1048.84,3,0.25,Credit Card,CANCELLED,2025-03-15 08:48:18
ORD-100095,CUST-1013,Nora Jones,London,Home & Kitchen,Blender,255.68,1,0.15,Credit Card,PENDING,2025-08-29 22:33:22
ORD-100096,CUST-1000,Alice Smith,New York,Sports & Outdoors,Water Bottle,223.42,3,0.2,Credit Card,COMPLETED,2025-12-20 02:03:44
ORD-100097,CUST-1000,Alice Smith,San Francisco,Electronics,Smartwatch,1002.36,1,0.15,Apple Pay,PENDING,2025-05-03 04:39:17
ORD-100098,CUST-1016,Quentin Tarantino,Berlin,Books,Biography,39.8,1,0.15,UPI / Digital Wallet,RETURNED,2025-01-09 01:22:56
ORD-100099,CUST-1008,Ian Malcolm,New York,Sports & Outdoors,Hiking Backpack,240.41,2,0.05,Credit Card,COMPLETED,2025-08-04 20:05:40
ORD-100100,CUST-1014,Oscar Martinez,Mumbai,Electronics,Laptop,179.34,1,0.1,UPI / Digital Wallet,RETURNED,2025-05-06 23:21:58
ORD-100101,CUST-1008,Ian Malcolm,London,Sports & Outdoors,Yoga Mat,245.08,2,0.05,Apple Pay,CANCELLED,2025-03-02 01:59:24
ORD-100102,CUST-1017,Rachel Green,New York,Home & Kitchen,Espresso Machine,340.59,2,0.2,Credit Card,RETURNED,2025-09-10 05:24:49
ORD-100103,CUST-1010,Kevin Bacon,Mumbai,Books,Cookbook,34.01,1,0.0,Debit Card,COMPLETED,2025-01-21 15:45:12
ORD-100104,CUST-1003,Diana Prince,New York,Books,Biography,31.73,2,0.05,Credit Card,COMPLETED,2025-10-10 19:06:36
ORD-100105,CUST-1006,George Clark,Berlin,Home & Kitchen,Toaster,197.42,1,0.05,Apple Pay,COMPLETED,2025-10-30 18:59:28
ORD-100106,CUST-1014,Oscar Martinez,San Francisco,Sports & Outdoors,Dumbbell Set,208.17,1,0.0,PayPal,COMPLETED,2025-01-07 00:26:17
ORD-100107,CUST-1000,Alice Smith,,Clothing,Hooded Sweatshirt,79.53,2,0.2,PayPal,RETURNED,2025-08-10 16:04:44
ORD-100108,CUST-1010,Kevin Bacon,Tokyo,Books,Data Engineering Handbook,36.29,1,0.05,Apple Pay,CANCELLED,2025-08-01 12:20:36
ORD-100109,CUST-1012,Michael Scott,Singapore,Sports & Outdoors,Bicycle Helmet,47.12,1,0.0,Debit Card,CANCELLED,2025-07-02 17:16:43
ORD-100110,CUST-1017,Rachel Green,Toronto,Clothing,Sneakers,70.03,1,0.15,PayPal,CANCELLED,2025-05-13 10:18:12
ORD-100111,CUST-1011,Laura Croft,Singapore,Sports & Outdoors,Dumbbell Set,72.99,3,0.0,PayPal,COMPLETED,2025-08-06 20:12:02
ORD-100112,CUST-1008,Ian Malcolm,San Francisco,Books,Sci-Fi Novel,22.54,5,0.05,Credit Card,RETURNED,2025-04-23 22:43:23
ORD-100113,CUST-1016,Quentin Tarantino,San Francisco,Electronics,Bluetooth Speaker,1157.37,2,0.25,Credit Card,COMPLETED,2025-05-24 13:12:51
ORD-100114,CUST-1008,Ian Malcolm,Sydney,Books,Cookbook,33.21,1,0.2,Apple Pay,COMPLETED,2025-04-05 21:25:08
ORD-100115,CUST-1018,Steve Rogers,Tokyo,Home & Kitchen,Air Fryer,294.75,5,0.05,Debit Card,COMPLETED,2025-02-11 17:41:38
ORD-100116,CUST-1017,Rachel Green,Singapore,Books,Economics 101,14.12,2,0.0,Apple Pay,COMPLETED,2025-05-08 15:41:53
ORD-100117,CUST-1010,Kevin Bacon,Toronto,Home & Kitchen,Espresso Machine,213.14,2,0.1,UPI / Digital Wallet,CANCELLED,2025-09-29 17:20:46
ORD-100118,CUST-1019,Tony Stark,San Francisco,Home & Kitchen,Vacuum Cleaner,336.93,1,0.2,Apple Pay,COMPLETED,2025-04-26 03:52:22
ORD-100119,CUST-1013,Nora Jones,Mumbai,Sports & Outdoors,Bicycle Helmet,60.84,1,0.0,Debit Card,COMPLETED,2025-08-21 10:15:11
ORD-100120,CUST-1017,Rachel Green,Sydney,Electronics,Laptop,723.3,1,0.25,UPI / Digital Wallet,COMPLETED,2025-10-04 01:41:17
ORD-100121,CUST-1018,Steve Rogers,San Francisco,Home & Kitchen,Blender,253.84,2,0.0,PayPal,COMPLETED,2025-08-13 18:17:11
ORD-100122,CUST-1008,Ian Malcolm,Singapore,Sports & Outdoors,Bicycle Helmet,87.94,1,0.05,Apple Pay,COMPLETED,2025-08-21 18:49:23
ORD-100123,CUST-1001,Bob Jones,Singapore,Home & Kitchen,Cookware Set,27.68,1,0.25,Apple Pay,COMPLETED,2025-03-11 21:35:01
ORD-100124,CUST-1018,Steve Rogers,London,Home & Kitchen,Blender,143.02,1,0.15,Credit Card,COMPLETED,2025-08-07 12:33:31
ORD-100125,CUST-1011,Laura Croft,London,Electronics,4K Monitor,398.77,2,0.1,Debit Card,RETURNED,2025-08-01 02:18:06
ORD-100126,CUST-1011,Laura Croft,Sydney,Clothing,Sneakers,126.95,4,0.0,PayPal,RETURNED,2025-06-11 19:50:48
ORD-100127,CUST-1005,Fiona Gallagher,New York,Sports & Outdoors,Camping Tent,82.34,4,0.0,PayPal,COMPLETED,2025-10-22 11:46:34
ORD-100128,CUST-1009,Julia Roberts,San Francisco,Electronics,Smartwatch,155.59,2,0.2,Credit Card,COMPLETED,2025-01-05 16:11:02
ORD-100129,CUST-1018,Steve Rogers,San Francisco,Electronics,Smartwatch,741.11,5,0.15,Apple Pay,RETURNED,2025-12-07 10:09:03
ORD-100130,CUST-1009,Julia Roberts,London,Home & Kitchen,Air Fryer,329.81,2,0.05,PayPal,COMPLETED,2025-01-10 17:52:26
ORD-100131,CUST-1014,Oscar Martinez,Paris,Electronics,Smartphone,139.53,1,0.25,PayPal,RETURNED,2025-03-28 07:22:01
ORD-100132,CUST-1017,Rachel Green,Paris,Books,Economics 101,21.96,2,0.15,UPI / Digital Wallet,COMPLETED,2025-05-30 00:35:29
ORD-100133,CUST-1006,George Clark,Singapore,Sports & Outdoors,Bicycle Helmet,180.96,1,0.1,Debit Card,COMPLETED,2025-08-25 09:18:59
ORD-100134,CUST-1008,Ian Malcolm,Tokyo,Clothing,Sneakers,96.26,2,0.0,Debit Card,COMPLETED,2025-01-20 13:02:05
ORD-100135,CUST-1016,Quentin Tarantino,London,Sports & Outdoors,Bicycle Helmet,172.19,-1,0.15,PayPal,COMPLETED,2025-03-29 14:59:06
ORD-100136,CUST-1002,Charlie Brown,Paris,Electronics,Smartwatch,654.57,2,0.05,Debit Card,RETURNED,2025-10-26 09:32:30
ORD-100137,CUST-1007,Hannah Abbott,Singapore,Sports & Outdoors,Hiking Backpack,50.07,1,0.25,PayPal,COMPLETED,2025-09-21 19:24:11
ORD-100138,CUST-1018,Steve Rogers,Toronto,Home & Kitchen,Air Fryer,212.46,1,0.05,Credit Card,RETURNED,2025-11-28 18:14:11
ORD-100139,CUST-1000,Alice Smith,Berlin,Books,Sci-Fi Novel,33.57,1,0.15,PayPal,COMPLETED,2025-05-20 20:37:00
ORD-100140,CUST-1002,Charlie Brown,Singapore,Sports & Outdoors,Dumbbell Set,122.65,2,0.2,Credit Card,COMPLETED,2025-11-01 03:15:53
ORD-100141,CUST-1015,Pam Beesly,San Francisco,Electronics,Smartphone,223.47,1,0.0,PayPal,CANCELLED,2025-06-16 04:22:33
ORD-100142,CUST-1009,Julia Roberts,London,Sports & Outdoors,Camping Tent,112.69,1,0.1,Apple Pay,RETURNED,2025-03-24 14:57:50
ORD-100143,CUST-1005,Fiona Gallagher,Sydney,Clothing,Running Shoes,83.39,1,0.05,PayPal,COMPLETED,2025-05-02 00:14:11
ORD-100144,CUST-1004,Evan Wright,New York,Sports & Outdoors,Dumbbell Set,44.32,2,0.0,UPI / Digital Wallet,PENDING,2025-02-11 02:37:19
ORD-100145,CUST-1002,Charlie Brown,New York,Home & Kitchen,Cookware Set,302.17,3,0.1,Debit Card,COMPLETED,2025-10-12 05:25:24
ORD-100146,CUST-1003,Diana Prince,Singapore,Electronics,Smartphone,429.33,1,0.0,PayPal,RETURNED,2025-01-08 09:51:12
ORD-100147,CUST-1002,Charlie Brown,Paris,Sports & Outdoors,Dumbbell Set,18.79,1,0.25,Apple Pay,COMPLETED,2025-03-08 06:48:07
ORD-100148,CUST-1001,Bob Jones,Mumbai,Sports & Outdoors,Hiking Backpack,91.35,5,0.25,Credit Card,COMPLETED,2025-12-21 17:03:31
ORD-100149,CUST-1009,Julia Roberts,London,Clothing,Sneakers,118.47,1,0.1,Apple Pay,COMPLETED,2025-10-24 11:29:29
ORD-100150,CUST-1006,George Clark,Paris,Books,Cookbook,17.76,1,0.0,Apple Pay,CANCELLED,2025-01-03 11:26:02
ORD-100151,CUST-1019,Tony Stark,Mumbai,Sports & Outdoors,Yoga Mat,171.57,1,0.2,Debit Card,CANCELLED,2025-10-25 18:27:48
ORD-100152,CUST-1012,Michael Scott,London,Books,Economics 101,42.76,1,0.25,Debit Card,COMPLETED,2025-01-14 14:09:54
ORD-100153,CUST-1004,Evan Wright,Sydney,Sports & Outdoors,Camping Tent,25.91,5,0.15,Apple Pay,COMPLETED,2025-11-28 20:11:09
ORD-100154,CUST-1015,Pam Beesly,Berlin,Books,Data Engineering Handbook,12.77,2,0.0,PayPal,COMPLETED,2025-09-22 08:46:47
ORD-100155,CUST-1000,Alice Smith,London,Books,History of Computing,29.42,2,0.2,Debit Card,COMPLETED,2025-08-31 08:11:52
ORD-100156,CUST-1003,Diana Prince,New York,Home & Kitchen,Cookware Set,248.95,3,0.25,Apple Pay,COMPLETED,2025-02-27 16:16:44
ORD-100157,CUST-1018,Steve Rogers,Singapore,Electronics,Wireless Headphones,1162.59,2,0.25,UPI / Digital Wallet,COMPLETED,2025-09-22 23:45:18
ORD-100158,CUST-1004,Evan Wright,Paris,Books,Data Engineering Handbook,35.98,2,0.05,Debit Card,CANCELLED,2025-12-28 17:11:44
ORD-100159,CUST-1018,Steve Rogers,Toronto,Clothing,Denim Jeans,22.3,1,0.05,Debit Card,PENDING,2025-06-03 19:19:56
ORD-100160,CUST-1002,Charlie Brown,Singapore,Clothing,Running Shoes,113.65,1,0.1,Apple Pay,COMPLETED,2025-04-21 05:54:27
ORD-100161,CUST-1004,Evan Wright,Berlin,Sports & Outdoors,Camping Tent,70.77,1,0.15,Debit Card,RETURNED,2025-07-16 23:35:44
ORD-100162,CUST-1002,,Paris,Electronics,Smartphone,759.87,1,0.05,Credit Card,COMPLETED,2025-07-29 09:40:57
ORD-100163,CUST-1015,Pam Beesly,Toronto,Clothing,Hooded Sweatshirt,37.76,2,0.05,PayPal,CANCELLED,2025-08-12 22:32:48
ORD-100164,CUST-1019,Tony Stark,Paris,Electronics,Laptop,226.3,4,0.2,Credit Card,RETURNED,2025-08-24 21:18:41
ORD-100165,CUST-1001,Bob Jones,,Clothing,Sneakers,85.64,2,0.15,Credit Card,COMPLETED,2025-12-05 18:46:29
ORD-100166,CUST-1010,Kevin Bacon,San Francisco,Electronics,Bluetooth Speaker,499.51,5,0.1,UPI / Digital Wallet,COMPLETED,2025-05-13 18:14:21
ORD-100167,CUST-1009,Julia Roberts,New York,Clothing,Sneakers,27.15,2,0.1,PayPal,COMPLETED,2025-11-10 17:18:45
ORD-100168,CUST-1009,Julia Roberts,Singapore,Sports & Outdoors,Hiking Backpack,138.75,2,0.15,Credit Card,COMPLETED,2025-05-02 18:23:10
ORD-100169,CUST-1018,Steve Rogers,Paris,Clothing,Winter Jacket,28.66,1,0.05,PayPal,CANCELLED,2025-05-08 02:27:07
ORD-100170,CUST-1003,Diana Prince,Berlin,Sports & Outdoors,Dumbbell Set,16.98,4,0.2,UPI / Digital Wallet,COMPLETED,2025-11-24 18:57:00
ORD-100171,CUST-1008,Ian Malcolm,Mumbai,Home & Kitchen,Air Fryer,284.02,1,0.05,PayPal,COMPLETED,2025-12-24 07:30:50
ORD-100172,CUST-1019,Tony Stark,Singapore,Home & Kitchen,Vacuum Cleaner,166.13,5,0.0,PayPal,PENDING,2025-04-27 22:11:41
ORD-100173,CUST-1012,Michael Scott,Tokyo,Home & Kitchen,Toaster,49.4,4,0.15,Credit Card,COMPLETED,2025-02-16 11:39:09
ORD-100174,CUST-1000,Alice Smith,Berlin,Electronics,Smartphone,548.92,1,0.0,UPI / Digital Wallet,COMPLETED,2025-09-06 04:47:09
ORD-100175,CUST-1019,Tony Stark,New York,Clothing,Running Shoes,34.09,2,0.05,PayPal,COMPLETED,2025-12-29 10:03:43
ORD-100176,CUST-1018,Steve Rogers,New York,Sports & Outdoors,Dumbbell Set,225.82,1,0.2,Credit Card,COMPLETED,2025-12-08 08:29:49
ORD-100177,CUST-1008,Ian Malcolm,San Francisco,Electronics,Laptop,808.67,3,0.15,PayPal,COMPLETED,2025-09-09 03:22:56
ORD-100178,CUST-1001,Bob Jones,Tokyo,Electronics,Bluetooth Speaker,109.06,1,0.05,Debit Card,RETURNED,2025-10-05 02:39:50
ORD-100179,CUST-1005,Fiona Gallagher,Paris,Home & Kitchen,Toaster,224.1,1,0.05,UPI / Digital Wallet,CANCELLED,2025-02-18 16:50:57
ORD-100180,CUST-1004,Evan Wright,Sydney,Books,History of Computing,16.74,2,0.0,Debit Card,RETURNED,2025-03-15 19:00:25
ORD-100181,CUST-1019,Tony Stark,London,Electronics,Laptop,274.38,1,0.25,Credit Card,COMPLETED,2025-03-14 02:42:01
ORD-100182,CUST-1005,Fiona Gallagher,New York,Sports & Outdoors,Camping Tent,50.73,2,0.25,Credit Card,COMPLETED,2025-03-20 12:47:01
ORD-100183,CUST-1007,Hannah Abbott,London,Sports & Outdoors,Dumbbell Set,47.67,1,0.25,Credit Card,COMPLETED,2025-10-05 10:31:28
ORD-100184,CUST-1018,Steve Rogers,London,Home & Kitchen,Espresso Machine,140.49,3,0.0,Apple Pay,PENDING,2025-10-14 11:44:12
ORD-100185,CUST-1015,Pam Beesly,Singapore,Clothing,Sneakers,126.48,1,0.15,PayPal,PENDING,2025-07-09 14:37:57
ORD-100186,CUST-1016,Quentin Tarantino,San Francisco,Home & Kitchen,Blender,326.06,3,0.0,Credit Card,COMPLETED,2025-03-09 22:32:23
ORD-100187,CUST-1013,Nora Jones,Toronto,Home & Kitchen,Cookware Set,293.53,1,0.15,UPI / Digital Wallet,COMPLETED,2025-05-20 13:51:38
ORD-100188,CUST-1002,Charlie Brown,Paris,Electronics,Smartphone,555.8,1,0.2,UPI / Digital Wallet,RETURNED,2025-04-30 15:04:19
ORD-100189,CUST-1019,Tony Stark,Berlin,Sports & Outdoors,Yoga Mat,132.18,2,0.15,UPI / Digital Wallet,COMPLETED,2025-05-09 03:41:40
ORD-100190,CUST-1003,Diana Prince,Mumbai,Books,Data Engineering Handbook,27.0,1,0.1,Credit Card,RETURNED,2025-02-23 01:25:24
ORD-100191,CUST-1000,Alice Smith,Tokyo,Clothing,Cotton T-Shirt,143.44,5,0.1,UPI / Digital Wallet,CANCELLED,2025-01-04 22:11:08
ORD-100192,CUST-1018,Steve Rogers,Singapore,Books,History of Computing,13.4,2,0.2,Debit Card,CANCELLED,2025-10-29 11:55:07
ORD-100193,CUST-1019,Tony Stark,Tokyo,Electronics,Wireless Headphones,582.95,1,0.25,UPI / Digital Wallet,PENDING,2025-05-31 16:33:11
ORD-100194,CUST-1007,Hannah Abbott,Mumbai,Books,Economics 101,22.88,3,0.2,Apple Pay,COMPLETED,2025-01-09 13:19:06
ORD-100195,CUST-1006,George Clark,Toronto,Home & Kitchen,Toaster,90.95,1,0.05,Debit Card,COMPLETED,2025-09-09 21:29:08
ORD-100196,CUST-1003,Diana Prince,Sydney,Books,History of Computing,19.0,1,0.25,UPI / Digital Wallet,CANCELLED,2025-03-30 23:04:51
ORD-100197,CUST-1005,Fiona Gallagher,Tokyo,Electronics,Wireless Headphones,642.39,2,0.1,Apple Pay,COMPLETED,2025-12-31 18:38:31
ORD-100198,CUST-1003,Diana Prince,Paris,Electronics,Smartphone,711.15,1,0.0,PayPal,COMPLETED,2025-06-30 00:55:41
ORD-100199,CUST-1017,Rachel Green,Mumbai,Clothing,Winter Jacket,63.79,4,0.2,Debit Card,COMPLETED,2025-09-11 04:54:31
ORD-100200,CUST-1006,George Clark,Tokyo,Electronics,4K Monitor,1017.07,2,0.2,Debit Card,COMPLETED,2025-12-22 07:01:01
ORD-100201,CUST-1001,Bob Jones,Mumbai,Home & Kitchen,Air Fryer,35.16,1,0.0,Debit Card,RETURNED,2025-05-08 15:23:20
ORD-100202,CUST-1004,Evan Wright,,Books,Sci-Fi Novel,12.45,1,0.05,Debit Card,CANCELLED,2025-02-15 12:02:42
ORD-100203,CUST-1018,Steve Rogers,London,Home & Kitchen,Toaster,54.04,4,0.05,Credit Card,COMPLETED,2025-07-22 10:32:32
ORD-100204,CUST-1004,Evan Wright,Tokyo,Electronics,Laptop,1074.16,1,0.15,Apple Pay,PENDING,2025-06-09 15:11:17
ORD-100205,CUST-1015,Pam Beesly,Toronto,Home & Kitchen,Blender,230.03,2,0.1,Apple Pay,CANCELLED,2025-08-04 08:07:50
ORD-100206,CUST-1015,Pam Beesly,Berlin,Clothing,Sneakers,149.62,1,0.1,UPI / Digital Wallet,COMPLETED,2025-03-21 06:22:43
ORD-100207,CUST-1015,Pam Beesly,Sydney,Books,Economics 101,37.38,1,0.15,Apple Pay,CANCELLED,2025-06-18 20:15:42
ORD-100208,CUST-1009,Julia Roberts,Berlin,Sports & Outdoors,Water Bottle,155.56,4,0.05,Credit Card,COMPLETED,2025-05-07 19:32:17
ORD-100209,CUST-1005,Fiona Gallagher,New York,Sports & Outdoors,Water Bottle,24.94,2,0.0,Debit Card,COMPLETED,2025-05-12 09:53:39
ORD-100210,CUST-1016,Quentin Tarantino,Berlin,Home & Kitchen,Cookware Set,87.32,2,0.15,PayPal,COMPLETED,2025-04-02 08:38:31
ORD-100211,CUST-1013,Nora Jones,Singapore,Electronics,Smartwatch,448.45,3,0.05,PayPal,COMPLETED,2025-01-02 23:30:26
ORD-100212,CUST-1007,Hannah Abbott,Toronto,Sports & Outdoors,Bicycle Helmet,178.7,3,0.25,PayPal,CANCELLED,2025-03-11 17:57:43
ORD-100213,CUST-1012,,Singapore,Electronics,Laptop,910.96,-1,0.15,Debit Card,COMPLETED,2025-09-27 23:05:24
ORD-100214,CUST-1013,Nora Jones,Singapore,Home & Kitchen,Vacuum Cleaner,254.67,1,0.1,Credit Card,CANCELLED,2025-11-10 16:30:42
ORD-100215,CUST-1002,Charlie Brown,Singapore,Sports & Outdoors,Water Bottle,67.21,1,0.2,Debit Card,COMPLETED,2025-09-25 04:38:11
ORD-100216,CUST-1014,,Toronto,Books,Sci-Fi Novel,17.3,2,0.15,Credit Card,COMPLETED,2025-04-01 16:00:09
ORD-100217,CUST-1004,Evan Wright,New York,Clothing,Denim Jeans,103.48,3,0.05,Apple Pay,COMPLETED,2025-12-04 23:16:56
ORD-100218,CUST-1005,Fiona Gallagher,Toronto,Sports & Outdoors,Camping Tent,198.54,1,0.1,Apple Pay,RETURNED,2025-11-05 07:31:54
ORD-100219,CUST-1013,Nora Jones,Berlin,Electronics,Smartwatch,145.83,1,0.1,UPI / Digital Wallet,PENDING,2025-07-20 18:37:38
ORD-100220,CUST-1001,Bob Jones,Paris,Clothing,Winter Jacket,30.3,2,0.1,UPI / Digital Wallet,RETURNED,2025-04-20 05:24:34
ORD-100221,CUST-1015,Pam Beesly,Sydney,Clothing,Denim Jeans,131.11,1,0.25,PayPal,COMPLETED,2025-11-18 00:57:46
ORD-100222,CUST-1013,Nora Jones,Tokyo,Electronics,Laptop,102.01,2,0.0,Apple Pay,PENDING,2025-10-05 02:45:59
ORD-100223,CUST-1016,Quentin Tarantino,San Francisco,Electronics,Smartphone,1032.19,1,0.05,Credit Card,COMPLETED,2025-02-12 12:15:40
ORD-100224,CUST-1005,Fiona Gallagher,New York,Clothing,Sneakers,132.38,3,0.1,PayPal,COMPLETED,2025-09-25 23:07:21
ORD-100225,CUST-1014,Oscar Martinez,Sydney,Home & Kitchen,Cookware Set,314.09,1,0.0,Credit Card,PENDING,2025-02-25 21:34:21
ORD-100226,CUST-1009,Julia Roberts,Toronto,Sports & Outdoors,Yoga Mat,101.6,1,0.0,UPI / Digital Wallet,CANCELLED,2025-04-10 22:34:34
ORD-100227,CUST-1018,Steve Rogers,New York,Books,Sci-Fi Novel,16.88,5,0.2,Apple Pay,COMPLETED,2025-04-06 09:10:37
ORD-100228,CUST-1011,Laura Croft,San Francisco,Clothing,Hooded Sweatshirt,41.51,2,0.1,Credit Card,COMPLETED,2025-01-23 05:51:52
ORD-100229,CUST-1001,Bob Jones,Singapore,Home & Kitchen,Vacuum Cleaner,89.05,2,0.05,Debit Card,RETURNED,2025-11-27 22:27:36
ORD-100230,CUST-1004,Evan Wright,Berlin,Sports & Outdoors,Hiking Backpack,157.9,1,0.25,Apple Pay,COMPLETED,2025-01-23 03:21:02
ORD-100231,CUST-1017,Rachel Green,London,Sports & Outdoors,Camping Tent,29.0,2,0.25,PayPal,RETURNED,2025-01-03 03:29:49
ORD-100232,CUST-1014,Oscar Martinez,Toronto,Home & Kitchen,Air Fryer,323.24,1,0.25,PayPal,COMPLETED,2025-01-18 14:22:02
ORD-100233,CUST-1004,Evan Wright,Singapore,Books,Economics 101,34.19,1,0.05,Apple Pay,COMPLETED,2025-05-24 03:09:29
ORD-100234,CUST-1012,Michael Scott,Singapore,Sports & Outdoors,Camping Tent,206.83,2,0.05,Credit Card,PENDING,2025-08-03 05:37:43
ORD-100235,CUST-1012,Michael Scott,Singapore,Sports & Outdoors,Camping Tent,228.64,1,0.25,UPI / Digital Wallet,COMPLETED,2025-11-24 20:49:43
ORD-100236,CUST-1002,Charlie Brown,Tokyo,Electronics,Wireless Headphones,487.17,1,0.05,UPI / Digital Wallet,RETURNED,2025-09-14 09:42:55
ORD-100237,CUST-1007,Hannah Abbott,Singapore,Sports & Outdoors,Water Bottle,240.42,1,0.05,Apple Pay,COMPLETED,2025-10-28 15:11:04
ORD-100238,CUST-1005,Fiona Gallagher,New York,Electronics,4K Monitor,381.71,4,0.25,UPI / Digital Wallet,COMPLETED,2025-10-12 23:06:13
ORD-100239,CUST-1001,Bob Jones,New York,Electronics,Laptop,165.98,3,0.2,Debit Card,RETURNED,2025-05-15 11:12:38
ORD-100240,CUST-1003,Diana Prince,San Francisco,Clothing,Denim Jeans,57.04,2,0.25,Debit Card,CANCELLED,2025-02-25 11:26:12
ORD-100241,CUST-1010,Kevin Bacon,Singapore,Home & Kitchen,Espresso Machine,92.32,4,0.05,PayPal,COMPLETED,2025-07-30 10:25:24
ORD-100242,CUST-1006,George Clark,Mumbai,Electronics,Smartwatch,819.7,1,0.1,UPI / Digital Wallet,RETURNED,2025-05-12 12:38:51
ORD-100243,CUST-1006,George Clark,Mumbai,Home & Kitchen,Blender,99.65,1,0.25,UPI / Digital Wallet,PENDING,2025-01-26 13:35:15
ORD-100244,CUST-1004,Evan Wright,Mumbai,Home & Kitchen,Air Fryer,163.39,1,0.0,PayPal,COMPLETED,2025-07-30 04:43:01
ORD-100245,CUST-1007,Hannah Abbott,Toronto,Sports & Outdoors,Dumbbell Set,153.79,5,0.2,UPI / Digital Wallet,CANCELLED,2025-07-15 17:11:14
ORD-100246,CUST-1017,Rachel Green,Mumbai,Books,Sci-Fi Novel,42.6,1,0.1,UPI / Digital Wallet,COMPLETED,2025-01-25 10:38:24
ORD-100247,CUST-1016,Quentin Tarantino,Berlin,Sports & Outdoors,Camping Tent,138.42,2,0.25,Debit Card,CANCELLED,2025-11-17 14:27:48
ORD-100248,CUST-1007,Hannah Abbott,San Francisco,Books,Cookbook,32.08,3,0.0,PayPal,COMPLETED,2025-05-05 00:55:56
ORD-100249,CUST-1002,Charlie Brown,Tokyo,Books,Data Engineering Handbook,41.42,1,0.0,UPI / Digital Wallet,COMPLETED,2025-02-11 07:10:36
ORD-100250,CUST-1009,Julia Roberts,Berlin,Sports & Outdoors,Hiking Backpack,58.15,2,0.2,UPI / Digital Wallet,COMPLETED,2025-02-13 19:22:02
ORD-100251,CUST-1016,Quentin Tarantino,Mumbai,Electronics,Smartphone,670.22,1,0.0,PayPal,RETURNED,2025-12-27 10:39:01
ORD-100252,CUST-1009,Julia Roberts,Paris,Home & Kitchen,Espresso Machine,237.25,2,0.0,UPI / Digital Wallet,RETURNED,2025-07-24 01:56:01
ORD-100253,CUST-1002,Charlie Brown,San Francisco,Home & Kitchen,Air Fryer,45.61,1,0.0,Debit Card,COMPLETED,2025-08-19 15:20:46
ORD-100254,CUST-1016,Quentin Tarantino,Paris,Books,History of Computing,20.7,1,0.15,PayPal,COMPLETED,2025-10-24 20:39:13
ORD-100255,CUST-1002,Charlie Brown,Singapore,Sports & Outdoors,Bicycle Helmet,41.12,2,0.0,Debit Card,COMPLETED,2025-05-10 22:34:16
ORD-100256,CUST-1001,Bob Jones,Tokyo,Sports & Outdoors,Dumbbell Set,75.83,2,0.25,UPI / Digital Wallet,COMPLETED,2025-01-20 22:15:57
ORD-100257,CUST-1008,Ian Malcolm,Mumbai,Home & Kitchen,Cookware Set,225.43,5,0.25,Credit Card,COMPLETED,2025-01-11 01:22:54
ORD-100258,CUST-1011,Laura Croft,Toronto,Sports & Outdoors,Camping Tent,63.2,1,0.0,Credit Card,COMPLETED,2025-03-19 07:21:18
ORD-100259,CUST-1008,Ian Malcolm,San Francisco,Electronics,Smartphone,367.13,2,0.25,Apple Pay,RETURNED,2025-08-06 13:55:32
ORD-100260,CUST-1016,Quentin Tarantino,Tokyo,Electronics,Smartphone,1155.97,1,0.0,Debit Card,RETURNED,2025-04-03 15:14:08
ORD-100261,CUST-1014,Oscar Martinez,Berlin,Home & Kitchen,Toaster,224.43,2,0.15,Debit Card,COMPLETED,2025-07-22 16:43:56
ORD-100262,CUST-1005,Fiona Gallagher,Sydney,Books,Sci-Fi Novel,16.58,1,0.05,Apple Pay,PENDING,2025-11-07 22:19:42
ORD-100263,CUST-1016,Quentin Tarantino,Singapore,Home & Kitchen,Vacuum Cleaner,284.11,2,0.25,Apple Pay,COMPLETED,2025-04-18 18:09:48
ORD-100264,CUST-1001,Bob Jones,New York,Books,Cookbook,29.23,1,0.0,UPI / Digital Wallet,CANCELLED,2025-03-10 19:58:06
ORD-100265,CUST-1000,Alice Smith,Toronto,Sports & Outdoors,Dumbbell Set,212.29,1,0.15,Apple Pay,CANCELLED,2025-10-10 09:36:20
ORD-100266,CUST-1000,Alice Smith,Berlin,Sports & Outdoors,Water Bottle,122.31,2,0.0,UPI / Digital Wallet,COMPLETED,2025-04-30 08:13:22
ORD-100267,CUST-1007,Hannah Abbott,Paris,Home & Kitchen,Air Fryer,215.95,1,0.1,UPI / Digital Wallet,COMPLETED,2025-10-25 05:13:47
ORD-100268,CUST-1005,Fiona Gallagher,London,Books,Sci-Fi Novel,41.52,1,0.2,Apple Pay,PENDING,2025-11-30 06:11:08
ORD-100269,CUST-1007,Hannah Abbott,Mumbai,Sports & Outdoors,Bicycle Helmet,52.99,1,0.1,Debit Card,COMPLETED,2025-02-25 11:31:10
ORD-100270,CUST-1014,Oscar Martinez,Toronto,Sports & Outdoors,Water Bottle,101.81,3,0.0,Credit Card,COMPLETED,2025-10-14 15:45:56
ORD-100271,CUST-1015,Pam Beesly,New York,Clothing,Cotton T-Shirt,24.64,5,0.15,Debit Card,COMPLETED,2025-11-28 18:37:05
ORD-100272,CUST-1007,Hannah Abbott,San Francisco,Books,Cookbook,37.92,1,0.0,Apple Pay,COMPLETED,2025-10-22 21:37:26
ORD-100273,CUST-1018,Steve Rogers,New York,Home & Kitchen,Vacuum Cleaner,263.69,2,0.0,PayPal,COMPLETED,2025-12-16 15:53:26
ORD-100274,CUST-1006,George Clark,Toronto,Books,Sci-Fi Novel,12.15,1,0.05,Credit Card,COMPLETED,2025-07-13 14:00:30
ORD-100275,CUST-1019,Tony Stark,London,Home & Kitchen,Vacuum Cleaner,192.99,1,0.2,PayPal,COMPLETED,2025-03-26 22:39:42
ORD-100276,CUST-1003,Diana Prince,Tokyo,Books,Economics 101,39.56,1,0.2,PayPal,PENDING,2025-10-12 14:26:49
ORD-100277,CUST-1000,Alice Smith,Toronto,Electronics,Wireless Headphones,1045.69,1,0.2,Debit Card,RETURNED,2025-12-05 10:56:40
ORD-100278,CUST-1002,Charlie Brown,Sydney,Books,Sci-Fi Novel,8.34,1,0.2,Credit Card,COMPLETED,2025-02-04 18:30:50
ORD-100279,CUST-1019,Tony Stark,Mumbai,Home & Kitchen,Vacuum Cleaner,159.97,2,0.05,Credit Card,COMPLETED,2025-06-03 13:14:30
ORD-100280,CUST-1015,Pam Beesly,Paris,Clothing,Denim Jeans,147.02,2,0.15,UPI / Digital Wallet,PENDING,2025-01-16 10:11:44
ORD-100281,CUST-1015,Pam Beesly,London,Sports & Outdoors,Dumbbell Set,160.87,1,0.15,Debit Card,PENDING,2025-06-13 22:13:04
ORD-100282,CUST-1002,Charlie Brown,Sydney,Books,Sci-Fi Novel,12.67,1,0.0,Debit Card,CANCELLED,2025-12-25 08:47:39
ORD-100283,CUST-1000,Alice Smith,Berlin,Books,Sci-Fi Novel,22.43,3,0.15,Apple Pay,RETURNED,2025-08-21 11:27:25
ORD-100284,CUST-1016,Quentin Tarantino,Paris,Electronics,Smartwatch,450.5,1,0.2,Debit Card,COMPLETED,2025-12-13 11:00:28
ORD-100285,CUST-1009,Julia Roberts,Berlin,Electronics,4K Monitor,287.71,2,0.0,UPI / Digital Wallet,COMPLETED,2025-05-14 10:46:20
ORD-100286,CUST-1017,Rachel Green,Sydney,Books,Economics 101,44.9,1,0.25,Debit Card,CANCELLED,2025-04-27 19:08:06
ORD-100287,CUST-1014,Oscar Martinez,Toronto,Books,Data Engineering Handbook,34.18,2,0.1,Credit Card,PENDING,2025-07-03 03:26:37
ORD-100288,CUST-1009,Julia Roberts,Paris,Clothing,Running Shoes,116.36,1,0.0,Debit Card,COMPLETED,2025-03-23 22:06:51
ORD-100289,CUST-1001,Bob Jones,New York,Sports & Outdoors,Hiking Backpack,83.86,1,0.0,Debit Card,COMPLETED,2025-05-04 23:33:10
ORD-100290,CUST-1017,,Mumbai,Clothing,Winter Jacket,64.39,3,0.0,Credit Card,COMPLETED,2025-05-24 13:18:23
ORD-100291,CUST-1011,Laura Croft,Berlin,Books,History of Computing,25.44,1,0.2,PayPal,COMPLETED,2025-03-09 09:18:24
ORD-100292,CUST-1006,George Clark,Paris,Home & Kitchen,Espresso Machine,314.86,5,0.1,Apple Pay,RETURNED,2025-12-03 19:49:03
ORD-100293,CUST-1015,Pam Beesly,Tokyo,Sports & Outdoors,Yoga Mat,111.3,1,0.25,UPI / Digital Wallet,PENDING,2025-02-22 04:33:48
ORD-100294,CUST-1010,Kevin Bacon,Toronto,Sports & Outdoors,Dumbbell Set,214.24,1,0.25,Debit Card,CANCELLED,2025-09-20 13:05:19
ORD-100295,CUST-1018,Steve Rogers,London,Books,Cookbook,30.67,2,0.05,UPI / Digital Wallet,COMPLETED,2025-12-06 03:29:04
ORD-100296,CUST-1007,Hannah Abbott,Singapore,Electronics,Smartphone,1169.3,2,0.1,PayPal,COMPLETED,2025-02-11 11:33:19
ORD-100297,CUST-1012,Michael Scott,Sydney,Electronics,Smartwatch,483.14,2,0.15,Credit Card,COMPLETED,2025-03-18 20:39:56
ORD-100298,CUST-1009,Julia Roberts,Toronto,Sports & Outdoors,Camping Tent,168.75,1,0.0,Credit Card,RETURNED,2025-09-17 04:27:40
ORD-100299,CUST-1001,Bob Jones,Tokyo,Books,History of Computing,42.61,1,0.1,UPI / Digital Wallet,COMPLETED,2025-10-10 03:47:47
ORD-100300,CUST-1015,Pam Beesly,Sydney,Electronics,Smartwatch,815.27,3,0.1,Apple Pay,CANCELLED,2025-11-13 06:12:44
ORD-100301,CUST-1013,Nora Jones,Mumbai,Clothing,Winter Jacket,118.79,2,0.1,UPI / Digital Wallet,COMPLETED,2025-10-16 20:46:20
ORD-100302,CUST-1011,Laura Croft,Mumbai,Home & Kitchen,Blender,275.29,1,0.25,UPI / Digital Wallet,COMPLETED,2025-10-30 15:29:00
ORD-100303,CUST-1010,Kevin Bacon,Mumbai,Clothing,Cotton T-Shirt,142.4,4,0.25,Credit Card,RETURNED,2025-07-01 15:35:08
ORD-100304,CUST-1002,Charlie Brown,Sydney,Sports & Outdoors,Dumbbell Set,146.23,1,0.15,UPI / Digital Wallet,RETURNED,2025-05-25 21:17:15
ORD-100305,CUST-1011,Laura Croft,New York,Home & Kitchen,Espresso Machine,337.4,2,0.1,UPI / Digital Wallet,COMPLETED,2025-09-16 23:08:12
ORD-100306,CUST-1013,Nora Jones,Mumbai,Books,Data Engineering Handbook,31.48,1,0.25,PayPal,RETURNED,2025-09-22 16:15:09
ORD-100307,CUST-1006,George Clark,Tokyo,Electronics,Smartphone,619.23,2,0.15,UPI / Digital Wallet,PENDING,2025-01-14 05:58:40
ORD-100308,CUST-1013,Nora Jones,Sydney,Home & Kitchen,Toaster,148.17,1,0.2,PayPal,CANCELLED,2025-10-31 09:17:24
ORD-100309,CUST-1001,Bob Jones,Tokyo,Electronics,Bluetooth Speaker,983.76,4,0.2,Debit Card,PENDING,2025-07-31 11:30:25
ORD-100310,CUST-1004,Evan Wright,Tokyo,Books,History of Computing,32.3,3,0.15,PayPal,PENDING,2025-07-06 10:25:11
ORD-100311,CUST-1009,Julia Roberts,Paris,Clothing,Sneakers,87.28,1,0.25,UPI / Digital Wallet,COMPLETED,2025-08-09 05:28:02
ORD-100312,CUST-1000,Alice Smith,Singapore,Electronics,Laptop,86.91,2,0.0,PayPal,COMPLETED,2025-12-18 05:07:28
ORD-100313,CUST-1003,Diana Prince,Berlin,Home & Kitchen,Blender,223.8,1,0.25,UPI / Digital Wallet,COMPLETED,2025-03-31 04:32:25
ORD-100314,CUST-1005,Fiona Gallagher,San Francisco,Electronics,4K Monitor,502.99,1,0.05,Apple Pay,COMPLETED,2025-10-29 09:59:36
ORD-100315,CUST-1002,Charlie Brown,Paris,Electronics,Laptop,594.28,1,0.15,Debit Card,COMPLETED,2025-12-08 15:29:52
ORD-100316,CUST-1009,Julia Roberts,Singapore,Home & Kitchen,Toaster,26.64,1,0.0,PayPal,PENDING,2025-07-01 15:43:35
ORD-100317,CUST-1003,Diana Prince,Singapore,Books,Sci-Fi Novel,10.26,2,0.05,Credit Card,COMPLETED,2025-02-02 23:28:08
ORD-100318,CUST-1017,Rachel Green,San Francisco,Electronics,Bluetooth Speaker,116.93,3,0.05,PayPal,CANCELLED,2025-11-05 18:46:37
ORD-100319,CUST-1014,Oscar Martinez,San Francisco,Books,History of Computing,22.65,2,0.2,Debit Card,CANCELLED,2025-07-08 10:39:39
ORD-100320,CUST-1012,Michael Scott,Berlin,Electronics,Smartwatch,496.11,4,0.05,Debit Card,COMPLETED,2025-06-05 15:39:19
ORD-100321,CUST-1008,Ian Malcolm,Toronto,Electronics,Wireless Headphones,795.49,2,0.25,PayPal,COMPLETED,2025-09-17 13:28:30
ORD-100322,CUST-1011,,Sydney,Electronics,Bluetooth Speaker,1033.6,1,0.2,Credit Card,COMPLETED,2025-08-01 08:53:21
ORD-100323,CUST-1006,George Clark,Sydney,Home & Kitchen,Cookware Set,159.35,1,0.25,PayPal,COMPLETED,2025-09-13 12:50:19
ORD-100324,CUST-1006,George Clark,Sydney,Clothing,Running Shoes,146.94,5,0.25,Credit Card,PENDING,2025-04-11 13:29:44
ORD-100325,CUST-1011,Laura Croft,London,Clothing,Cotton T-Shirt,135.07,2,0.0,PayPal,COMPLETED,2025-06-13 21:02:50
ORD-100326,CUST-1005,Fiona Gallagher,New York,Home & Kitchen,Blender,65.14,4,0.0,Debit Card,COMPLETED,2025-09-23 19:08:38
ORD-100327,CUST-1017,Rachel Green,Sydney,Sports & Outdoors,Bicycle Helmet,144.83,1,0.05,Debit Card,RETURNED,2025-01-07 08:32:46
ORD-100328,CUST-1015,Pam Beesly,Paris,Sports & Outdoors,Dumbbell Set,89.0,1,0.0,Debit Card,COMPLETED,2025-06-11 13:07:20
ORD-100329,CUST-1011,Laura Croft,San Francisco,Home & Kitchen,Toaster,139.52,2,0.05,Debit Card,COMPLETED,2025-10-08 17:34:13
ORD-100330,CUST-1014,Oscar Martinez,London,Books,Economics 101,25.2,3,0.2,PayPal,CANCELLED,2025-06-27 03:58:19
ORD-100331,CUST-1000,Alice Smith,Tokyo,Books,History of Computing,23.12,1,0.2,Apple Pay,COMPLETED,2025-12-20 11:32:09
ORD-100332,CUST-1001,,London,Electronics,Bluetooth Speaker,1067.03,1,0.2,UPI / Digital Wallet,COMPLETED,2025-08-27 05:37:48
ORD-100333,CUST-1001,Bob Jones,Tokyo,Clothing,Cotton T-Shirt,98.41,4,0.0,Apple Pay,RETURNED,2025-11-03 07:21:37
ORD-100334,CUST-1007,Hannah Abbott,Berlin,Books,Cookbook,22.1,2,0.25,PayPal,PENDING,2025-08-01 23:28:59
ORD-100335,CUST-1006,George Clark,Tokyo,Clothing,Sneakers,38.35,2,0.0,Debit Card,COMPLETED,2025-11-03 03:59:44
ORD-100336,CUST-1012,Michael Scott,Singapore,Clothing,Winter Jacket,128.52,2,0.0,Debit Card,COMPLETED,2025-09-23 04:08:21
ORD-100337,CUST-1013,Nora Jones,Singapore,Home & Kitchen,Air Fryer,287.57,1,0.1,Debit Card,CANCELLED,2025-04-30 19:29:41
ORD-100338,CUST-1011,Laura Croft,New York,Books,Economics 101,12.41,2,0.05,Debit Card,PENDING,2025-05-03 16:00:20
ORD-100339,CUST-1015,Pam Beesly,San Francisco,Clothing,Winter Jacket,142.05,1,0.0,UPI / Digital Wallet,COMPLETED,2025-12-17 16:03:07
ORD-100340,CUST-1018,Steve Rogers,New York,Electronics,Wireless Headphones,1184.96,1,0.25,Debit Card,COMPLETED,2025-09-22 04:53:27
ORD-100341,CUST-1007,Hannah Abbott,,Books,Sci-Fi Novel,8.26,2,0.1,UPI / Digital Wallet,RETURNED,2025-03-13 06:08:49
ORD-100342,CUST-1001,Bob Jones,Tokyo,Electronics,Wireless Headphones,417.32,2,0.25,PayPal,COMPLETED,2025-12-10 10:41:13
ORD-100343,CUST-1012,Michael Scott,New York,Electronics,Wireless Headphones,954.94,2,0.1,PayPal,COMPLETED,2025-11-15 11:31:46
ORD-100344,CUST-1012,Michael Scott,Tokyo,Books,Cookbook,37.66,1,0.05,Credit Card,COMPLETED,2025-12-07 05:07:55
ORD-100345,CUST-1014,Oscar Martinez,Tokyo,Home & Kitchen,Air Fryer,132.85,3,0.1,PayPal,COMPLETED,2025-10-12 23:47:04
ORD-100346,CUST-1011,Laura Croft,Berlin,Home & Kitchen,Vacuum Cleaner,116.24,1,0.25,Debit Card,COMPLETED,2025-06-19 07:09:16
ORD-100347,CUST-1003,,Toronto,Clothing,Running Shoes,139.94,1,0.25,Debit Card,PENDING,2025-10-30 23:08:30
ORD-100348,CUST-1010,Kevin Bacon,Berlin,Clothing,Running Shoes,42.2,2,0.0,Apple Pay,CANCELLED,2025-03-18 06:45:12
ORD-100349,CUST-1017,Rachel Green,Singapore,Home & Kitchen,Cookware Set,245.9,1,0.2,Credit Card,RETURNED,2025-01-29 01:28:51
ORD-100350,CUST-1010,Kevin Bacon,London,Clothing,Sneakers,142.24,3,0.15,Credit Card,RETURNED,2025-09-04 08:47:46
ORD-100351,CUST-1001,Bob Jones,Paris,Clothing,Sneakers,107.39,1,0.25,Apple Pay,RETURNED,2025-08-25 16:33:54
ORD-100352,CUST-1015,Pam Beesly,Sydney,Home & Kitchen,Blender,185.37,2,0.15,PayPal,CANCELLED,2025-01-31 17:35:50
ORD-100353,CUST-1000,Alice Smith,Sydney,Home & Kitchen,Vacuum Cleaner,331.44,1,0.05,PayPal,CANCELLED,2025-04-01 12:29:57
ORD-100354,CUST-1011,Laura Croft,New York,Books,Cookbook,23.15,1,0.05,Apple Pay,COMPLETED,2025-06-23 11:42:55
ORD-100355,CUST-1005,Fiona Gallagher,Tokyo,Clothing,Denim Jeans,132.59,4,0.05,PayPal,COMPLETED,2025-10-09 08:36:39
ORD-100356,CUST-1019,Tony Stark,Tokyo,Books,Economics 101,27.12,3,0.0,PayPal,COMPLETED,2025-10-14 23:39:49
ORD-100357,CUST-1009,Julia Roberts,New York,Sports & Outdoors,Yoga Mat,41.62,3,0.1,Apple Pay,COMPLETED,2025-06-19 07:18:25
ORD-100358,CUST-1012,Michael Scott,Singapore,Books,Economics 101,37.35,1,0.05,UPI / Digital Wallet,COMPLETED,2025-12-22 10:06:56
ORD-100359,CUST-1017,Rachel Green,Tokyo,Clothing,Denim Jeans,113.92,1,0.05,PayPal,COMPLETED,2025-06-10 04:00:03
ORD-100360,CUST-1005,Fiona Gallagher,San Francisco,Sports & Outdoors,Dumbbell Set,216.24,1,0.1,PayPal,COMPLETED,2025-07-05 20:10:12
ORD-100361,CUST-1018,Steve Rogers,Singapore,Home & Kitchen,Vacuum Cleaner,141.95,2,0.1,PayPal,COMPLETED,2025-10-23 02:37:42
ORD-100362,CUST-1004,Evan Wright,New York,Electronics,Laptop,349.54,3,0.0,UPI / Digital Wallet,PENDING,2025-01-23 20:25:10
ORD-100363,CUST-1004,Evan Wright,New York,Electronics,Smartphone,855.85,3,0.0,Credit Card,PENDING,2025-05-24 05:50:06
ORD-100364,CUST-1017,Rachel Green,Paris,Home & Kitchen,Toaster,316.27,1,0.1,PayPal,COMPLETED,2025-11-02 03:48:06
ORD-100365,CUST-1012,Michael Scott,Mumbai,Books,History of Computing,17.03,2,0.2,PayPal,PENDING,2025-05-24 04:32:02
ORD-100366,CUST-1002,Charlie Brown,New York,Sports & Outdoors,Dumbbell Set,45.83,3,0.05,PayPal,COMPLETED,2025-09-09 12:29:52
ORD-100367,CUST-1008,Ian Malcolm,Paris,Electronics,4K Monitor,607.35,1,0.1,Debit Card,RETURNED,2025-05-28 21:51:36
ORD-100368,CUST-1005,,Singapore,Sports & Outdoors,Dumbbell Set,217.18,1,0.2,Apple Pay,PENDING,2025-10-30 14:00:21
ORD-100369,CUST-1014,Oscar Martinez,Tokyo,Sports & Outdoors,Dumbbell Set,58.83,5,0.0,PayPal,RETURNED,2025-12-08 02:59:38
ORD-100370,CUST-1019,Tony Stark,,Home & Kitchen,Blender,113.37,1,0.1,PayPal,COMPLETED,2025-06-29 07:54:43
ORD-100371,CUST-1014,Oscar Martinez,Paris,Clothing,Running Shoes,52.78,1,0.25,Credit Card,COMPLETED,2025-10-24 14:37:34
ORD-100372,CUST-1008,Ian Malcolm,Singapore,Clothing,Sneakers,79.24,2,0.05,UPI / Digital Wallet,RETURNED,2025-07-05 10:54:43
ORD-100373,CUST-1010,Kevin Bacon,New York,Clothing,Hooded Sweatshirt,48.21,3,0.15,Debit Card,RETURNED,2025-05-28 00:34:16
ORD-100374,CUST-1009,Julia Roberts,New York,Clothing,Denim Jeans,147.86,2,0.2,Credit Card,COMPLETED,2025-06-01 01:14:33
ORD-100375,CUST-1010,Kevin Bacon,Mumbai,Sports & Outdoors,Bicycle Helmet,38.83,5,0.0,UPI / Digital Wallet,COMPLETED,2025-11-06 12:33:26
ORD-100376,CUST-1006,George Clark,Mumbai,Clothing,Hooded Sweatshirt,149.26,3,0.15,PayPal,COMPLETED,2025-01-19 02:27:10
ORD-100377,CUST-1013,Nora Jones,Tokyo,Books,History of Computing,32.01,1,0.1,PayPal,PENDING,2025-02-05 12:38:45
ORD-100378,CUST-1014,Oscar Martinez,Paris,Home & Kitchen,Vacuum Cleaner,124.98,1,0.1,UPI / Digital Wallet,PENDING,2025-04-10 23:11:10
ORD-100379,CUST-1010,Kevin Bacon,Sydney,Books,Data Engineering Handbook,38.94,1,0.25,Debit Card,CANCELLED,2025-06-13 03:57:17
ORD-100380,CUST-1014,Oscar Martinez,Paris,Home & Kitchen,Cookware Set,251.48,1,0.0,UPI / Digital Wallet,CANCELLED,2025-11-16 22:19:09
ORD-100381,CUST-1010,Kevin Bacon,Paris,Books,Data Engineering Handbook,25.3,3,0.2,Apple Pay,COMPLETED,2025-10-30 02:22:18
ORD-100382,CUST-1003,Diana Prince,London,Home & Kitchen,Vacuum Cleaner,66.25,3,0.15,Apple Pay,CANCELLED,2025-04-14 03:48:54
ORD-100383,CUST-1011,Laura Croft,Mumbai,Sports & Outdoors,Bicycle Helmet,68.31,2,0.25,Credit Card,COMPLETED,2025-11-15 11:56:05
ORD-100384,CUST-1004,Evan Wright,New York,Books,Economics 101,41.44,1,0.2,Credit Card,COMPLETED,2025-09-17 09:06:09
ORD-100385,CUST-1014,Oscar Martinez,Sydney,Home & Kitchen,Blender,57.52,1,0.1,UPI / Digital Wallet,COMPLETED,2025-04-25 17:49:39
ORD-100386,CUST-1004,Evan Wright,Tokyo,Electronics,Bluetooth Speaker,1044.8,1,0.15,Apple Pay,COMPLETED,2025-08-18 08:27:33
ORD-100387,CUST-1013,Nora Jones,Tokyo,Sports & Outdoors,Yoga Mat,79.0,2,0.05,PayPal,COMPLETED,2025-03-31 12:48:58
ORD-100388,CUST-1018,Steve Rogers,New York,Electronics,4K Monitor,1174.95,1,0.1,UPI / Digital Wallet,RETURNED,2025-05-15 23:45:30
ORD-100389,CUST-1018,Steve Rogers,London,Books,Economics 101,18.92,5,0.15,Debit Card,COMPLETED,2025-09-09 05:28:10
ORD-100390,CUST-1017,Rachel Green,Singapore,Books,Data Engineering Handbook,35.98,3,0.2,PayPal,COMPLETED,2025-05-16 02:50:17
ORD-100391,CUST-1019,Tony Stark,New York,Home & Kitchen,Blender,241.53,1,0.1,UPI / Digital Wallet,CANCELLED,2025-01-17 00:23:00
ORD-100392,CUST-1008,Ian Malcolm,San Francisco,Sports & Outdoors,Dumbbell Set,24.36,1,0.2,PayPal,CANCELLED,2025-07-30 12:59:25
ORD-100393,CUST-1003,Diana Prince,San Francisco,Sports & Outdoors,Yoga Mat,52.72,1,0.15,Debit Card,COMPLETED,2025-04-30 22:46:06
ORD-100394,CUST-1013,Nora Jones,Toronto,Clothing,Running Shoes,86.08,1,0.1,PayPal,COMPLETED,2025-03-07 14:53:02
ORD-100395,CUST-1007,Hannah Abbott,Paris,Electronics,Wireless Headphones,304.42,1,0.1,UPI / Digital Wallet,COMPLETED,2025-03-24 13:50:26
ORD-100396,CUST-1006,George Clark,San Francisco,Sports & Outdoors,Yoga Mat,197.39,1,0.0,Apple Pay,RETURNED,2025-11-02 11:58:06
ORD-100397,CUST-1012,Michael Scott,Mumbai,Electronics,Laptop,688.86,2,0.05,Debit Card,COMPLETED,2025-07-20 04:35:13
ORD-100398,CUST-1011,Laura Croft,London,Electronics,Bluetooth Speaker,151.19,1,0.25,Credit Card,COMPLETED,2025-09-27 22:09:29
ORD-100399,CUST-1016,Quentin Tarantino,San Francisco,Electronics,Laptop,302.71,1,0.25,PayPal,PENDING,2025-05-23 15:06:18
ORD-100400,CUST-1019,Tony Stark,Mumbai,Clothing,Denim Jeans,91.84,2,0.2,Debit Card,RETURNED,2025-02-20 18:04:28
ORD-100401,CUST-1008,Ian Malcolm,Singapore,Books,History of Computing,18.66,1,0.0,Credit Card,COMPLETED,2025-02-21 02:48:09
ORD-100402,CUST-1003,Diana Prince,Paris,Home & Kitchen,Toaster,337.39,1,0.2,Apple Pay,COMPLETED,2025-07-04 18:03:39
ORD-100403,CUST-1006,George Clark,Singapore,Home & Kitchen,Air Fryer,135.87,2,0.05,Credit Card,COMPLETED,2025-04-08 14:23:26
ORD-100404,CUST-1009,Julia Roberts,Paris,Clothing,Running Shoes,94.2,3,0.25,Apple Pay,COMPLETED,2025-07-17 14:25:31
ORD-100405,CUST-1003,Diana Prince,,Clothing,Running Shoes,40.26,3,0.0,PayPal,CANCELLED,2025-02-15 20:42:51
ORD-100406,CUST-1012,Michael Scott,Paris,Books,Economics 101,25.58,1,0.1,Credit Card,RETURNED,2025-05-27 10:58:57
ORD-100407,CUST-1016,Quentin Tarantino,Mumbai,Electronics,Bluetooth Speaker,887.6,1,0.2,Credit Card,CANCELLED,2025-09-14 19:40:17
ORD-100408,CUST-1018,Steve Rogers,Tokyo,Books,History of Computing,18.3,3,0.1,Debit Card,COMPLETED,2025-10-22 02:22:54
ORD-100409,CUST-1017,Rachel Green,New York,Clothing,Sneakers,149.26,1,0.0,PayPal,COMPLETED,2025-02-02 13:50:26
ORD-100410,CUST-1017,Rachel Green,Toronto,Clothing,Sneakers,40.24,2,0.0,Debit Card,COMPLETED,2025-01-09 10:52:54
ORD-100411,CUST-1003,Diana Prince,Berlin,Clothing,Hooded Sweatshirt,37.33,3,0.0,UPI / Digital Wallet,COMPLETED,2025-02-27 23:37:04
ORD-100412,CUST-1010,Kevin Bacon,Berlin,Electronics,Bluetooth Speaker,996.38,1,0.2,Apple Pay,COMPLETED,2025-05-20 10:34:52
ORD-100413,CUST-1000,Alice Smith,Paris,Clothing,Cotton T-Shirt,33.65,1,0.2,Apple Pay,PENDING,2025-05-19 20:46:25
ORD-100414,CUST-1001,Bob Jones,San Francisco,Clothing,Running Shoes,25.29,2,0.05,PayPal,RETURNED,2025-03-31 19:56:13
ORD-100415,CUST-1007,Hannah Abbott,Berlin,Sports & Outdoors,Camping Tent,124.41,5,0.1,UPI / Digital Wallet,COMPLETED,2025-01-15 11:29:36
ORD-100416,CUST-1014,Oscar Martinez,London,Sports & Outdoors,Dumbbell Set,193.16,1,0.25,UPI / Digital Wallet,COMPLETED,2025-04-17 23:14:20
ORD-100417,CUST-1013,Nora Jones,New York,Sports & Outdoors,Hiking Backpack,187.27,1,0.05,Apple Pay,COMPLETED,2025-05-05 23:55:26
ORD-100418,CUST-1011,Laura Croft,Singapore,Sports & Outdoors,Yoga Mat,222.83,1,0.2,Apple Pay,PENDING,2025-01-26 05:44:34
ORD-100419,CUST-1007,Hannah Abbott,Sydney,Home & Kitchen,Air Fryer,28.81,1,0.05,PayPal,COMPLETED,2025-03-20 10:47:26
ORD-100420,CUST-1004,Evan Wright,Toronto,Books,Sci-Fi Novel,36.71,3,0.15,Debit Card,CANCELLED,2025-11-01 23:28:30
ORD-100421,CUST-1017,Rachel Green,Sydney,Electronics,Smartwatch,650.17,1,0.05,Credit Card,COMPLETED,2025-05-13 12:55:36
ORD-100422,CUST-1002,Charlie Brown,Toronto,Books,Economics 101,40.23,2,0.05,UPI / Digital Wallet,PENDING,2025-04-23 03:06:16
ORD-100423,CUST-1004,Evan Wright,Paris,Electronics,Bluetooth Speaker,149.25,2,0.2,PayPal,COMPLETED,2025-03-08 18:47:23
ORD-100424,CUST-1016,Quentin Tarantino,New York,Sports & Outdoors,Water Bottle,22.5,2,0.2,Debit Card,COMPLETED,2025-06-21 14:44:48
ORD-100425,CUST-1007,Hannah Abbott,Sydney,Electronics,Smartwatch,493.09,3,0.15,PayPal,PENDING,2025-04-22 13:29:07
ORD-100426,CUST-1006,George Clark,Toronto,Electronics,Bluetooth Speaker,1177.43,2,0.15,Debit Card,PENDING,2025-02-17 03:33:50
ORD-100427,CUST-1009,Julia Roberts,London,Home & Kitchen,Vacuum Cleaner,46.28,2,0.25,Credit Card,PENDING,2025-12-21 07:05:05
ORD-100428,CUST-1001,Bob Jones,Sydney,Sports & Outdoors,Hiking Backpack,72.02,1,0.0,Credit Card,PENDING,2025-03-25 00:02:10
ORD-100429,CUST-1008,Ian Malcolm,Berlin,Books,Biography,32.4,1,0.15,PayPal,COMPLETED,2025-10-26 01:39:37
ORD-100430,CUST-1004,Evan Wright,Mumbai,Books,History of Computing,34.17,1,0.2,PayPal,PENDING,2025-04-02 22:21:40
ORD-100431,CUST-1018,Steve Rogers,Tokyo,Books,Biography,30.95,1,0.05,Credit Card,CANCELLED,2025-07-29 11:59:30
ORD-100432,CUST-1015,Pam Beesly,Toronto,Home & Kitchen,Toaster,218.74,1,0.1,UPI / Digital Wallet,PENDING,2025-10-07 15:24:34
ORD-100433,CUST-1010,Kevin Bacon,Berlin,Sports & Outdoors,Dumbbell Set,196.85,1,0.2,Apple Pay,COMPLETED,2025-08-05 23:02:09
ORD-100434,CUST-1013,Nora Jones,Paris,Sports & Outdoors,Camping Tent,97.1,1,0.25,Credit Card,COMPLETED,2025-06-14 05:02:28
ORD-100435,CUST-1006,George Clark,Berlin,Clothing,Hooded Sweatshirt,40.72,1,0.2,Credit Card,COMPLETED,2025-02-09 02:48:49
ORD-100436,CUST-1011,Laura Croft,New York,Home & Kitchen,Espresso Machine,79.42,1,0.25,PayPal,PENDING,2025-07-09 18:27:47
ORD-100437,CUST-1005,Fiona Gallagher,Mumbai,Sports & Outdoors,Water Bottle,106.83,2,0.25,PayPal,COMPLETED,2025-08-25 11:43:30
ORD-100438,CUST-1019,Tony Stark,London,Clothing,Winter Jacket,99.11,2,0.05,UPI / Digital Wallet,COMPLETED,2025-12-12 10:32:00
ORD-100439,CUST-1007,Hannah Abbott,London,Electronics,Bluetooth Speaker,963.54,4,0.0,PayPal,RETURNED,2025-06-20 05:36:00
ORD-100440,CUST-1005,Fiona Gallagher,Singapore,Books,History of Computing,30.42,1,0.15,UPI / Digital Wallet,RETURNED,2025-08-01 23:28:32
ORD-100441,CUST-1002,Charlie Brown,Singapore,Books,Biography,10.38,1,0.1,PayPal,COMPLETED,2025-02-08 07:14:52
ORD-100442,CUST-1008,Ian Malcolm,London,Clothing,Hooded Sweatshirt,92.95,1,0.0,Debit Card,PENDING,2025-01-30 14:27:54
ORD-100443,CUST-1014,Oscar Martinez,Berlin,Clothing,Cotton T-Shirt,122.36,1,0.0,Credit Card,COMPLETED,2025-06-27 16:48:19
ORD-100444,CUST-1012,Michael Scott,Toronto,Clothing,Winter Jacket,109.42,1,0.25,Debit Card,RETURNED,2025-10-12 15:56:34
ORD-100445,CUST-1016,Quentin Tarantino,Sydney,Home & Kitchen,Blender,246.69,2,0.05,Debit Card,CANCELLED,2025-11-14 06:37:38
ORD-100446,CUST-1003,Diana Prince,Paris,Books,Sci-Fi Novel,39.5,4,0.1,Credit Card,COMPLETED,2025-12-23 15:47:21
ORD-100447,CUST-1000,Alice Smith,Tokyo,Clothing,Sneakers,24.17,1,0.0,PayPal,COMPLETED,2025-08-23 08:34:59
ORD-100448,CUST-1011,Laura Croft,San Francisco,Home & Kitchen,Espresso Machine,59.65,1,0.25,Credit Card,COMPLETED,2025-03-26 02:39:46
ORD-100449,CUST-1002,Charlie Brown,Tokyo,Clothing,Sneakers,46.34,3,0.0,Credit Card,COMPLETED,2025-09-20 10:07:16
ORD-100450,CUST-1005,Fiona Gallagher,Mumbai,Home & Kitchen,Espresso Machine,321.68,1,0.0,PayPal,PENDING,2025-06-29 07:35:19
ORD-100451,CUST-1013,Nora Jones,San Francisco,Clothing,Cotton T-Shirt,125.29,1,0.2,PayPal,COMPLETED,2025-06-30 19:47:23
ORD-100452,CUST-1015,Pam Beesly,Tokyo,Books,History of Computing,9.43,1,0.1,Apple Pay,COMPLETED,2025-06-09 08:15:16
ORD-100453,CUST-1002,Charlie Brown,Paris,Clothing,Sneakers,51.72,1,0.2,Apple Pay,CANCELLED,2025-04-21 14:19:32
ORD-100454,CUST-1010,Kevin Bacon,Paris,Electronics,Laptop,792.31,1,0.05,Apple Pay,PENDING,2025-12-16 11:11:39
ORD-100455,CUST-1003,Diana Prince,San Francisco,Books,Cookbook,21.18,1,0.0,Apple Pay,RETURNED,2025-04-13 12:43:58
ORD-100456,CUST-1012,Michael Scott,Singapore,Clothing,Cotton T-Shirt,39.54,3,0.2,UPI / Digital Wallet,COMPLETED,2025-10-30 12:59:21
ORD-100457,CUST-1015,Pam Beesly,Tokyo,Sports & Outdoors,Dumbbell Set,82.27,2,0.15,PayPal,COMPLETED,2025-07-17 09:22:17
ORD-100458,CUST-1014,Oscar Martinez,Berlin,Home & Kitchen,Blender,206.46,2,0.2,Debit Card,PENDING,2025-07-23 06:32:11
ORD-100459,CUST-1017,Rachel Green,Sydney,Clothing,Winter Jacket,118.92,1,0.05,PayPal,COMPLETED,2025-01-01 10:51:38
ORD-100460,CUST-1002,Charlie Brown,Tokyo,Electronics,Smartphone,528.27,4,0.2,PayPal,COMPLETED,2025-11-10 20:15:16
ORD-100461,CUST-1010,Kevin Bacon,Berlin,Home & Kitchen,Toaster,133.93,1,0.1,Debit Card,COMPLETED,2025-09-10 09:40:27
ORD-100462,CUST-1017,Rachel Green,Sydney,Home & Kitchen,Toaster,31.12,2,0.1,Debit Card,COMPLETED,2025-03-18 11:24:29
ORD-100463,CUST-1019,Tony Stark,Toronto,Clothing,Hooded Sweatshirt,86.2,1,0.15,Credit Card,COMPLETED,2025-10-18 23:50:58
ORD-100464,CUST-1018,Steve Rogers,Tokyo,Books,Cookbook,39.05,1,0.25,Apple Pay,RETURNED,2025-05-24 02:39:59
ORD-100465,CUST-1001,Bob Jones,Singapore,Clothing,Running Shoes,80.2,1,0.2,PayPal,PENDING,2025-04-09 14:30:01
ORD-100466,CUST-1014,Oscar Martinez,Tokyo,Electronics,Bluetooth Speaker,89.8,4,0.1,Debit Card,COMPLETED,2025-03-26 01:30:45
ORD-100467,CUST-1012,Michael Scott,Tokyo,Books,History of Computing,25.92,3,0.2,Debit Card,RETURNED,2025-11-11 09:37:31
ORD-100468,CUST-1017,Rachel Green,Paris,Home & Kitchen,Blender,278.12,5,0.15,Debit Card,PENDING,2025-04-30 02:23:42
ORD-100469,CUST-1012,Michael Scott,London,Clothing,Sneakers,104.48,2,0.15,UPI / Digital Wallet,COMPLETED,2025-11-26 00:30:44
ORD-100470,CUST-1005,Fiona Gallagher,Paris,Home & Kitchen,Air Fryer,345.28,3,0.15,UPI / Digital Wallet,COMPLETED,2025-07-28 12:31:44
ORD-100471,CUST-1016,Quentin Tarantino,Mumbai,Books,Cookbook,9.27,1,0.25,PayPal,CANCELLED,2025-01-10 16:11:29
ORD-100472,CUST-1003,Diana Prince,New York,Clothing,Hooded Sweatshirt,148.05,3,0.05,Apple Pay,COMPLETED,2025-03-27 01:20:04
ORD-100473,CUST-1017,Rachel Green,New York,Home & Kitchen,Toaster,325.39,1,0.25,PayPal,COMPLETED,2025-02-07 14:45:00
ORD-100474,CUST-1019,Tony Stark,Berlin,Home & Kitchen,Vacuum Cleaner,329.5,4,0.25,Credit Card,PENDING,2025-03-06 13:28:32
ORD-100475,CUST-1014,Oscar Martinez,Sydney,Home & Kitchen,Toaster,237.67,4,0.2,UPI / Digital Wallet,COMPLETED,2025-09-10 02:50:13
ORD-100476,CUST-1007,Hannah Abbott,New York,Home & Kitchen,Vacuum Cleaner,208.26,2,0.15,PayPal,RETURNED,2025-09-22 01:17:41
ORD-100477,CUST-1000,Alice Smith,London,Clothing,Hooded Sweatshirt,139.5,2,0.1,Debit Card,COMPLETED,2025-03-12 02:23:23
ORD-100478,CUST-1007,Hannah Abbott,London,Sports & Outdoors,Bicycle Helmet,206.64,1,0.25,Debit Card,COMPLETED,2025-02-23 06:08:07
ORD-100479,CUST-1015,Pam Beesly,Singapore,Home & Kitchen,Air Fryer,160.17,2,0.05,PayPal,RETURNED,2025-08-14 18:49:56
ORD-100480,CUST-1007,Hannah Abbott,London,Home & Kitchen,Vacuum Cleaner,217.46,1,0.15,Debit Card,RETURNED,2025-05-17 04:49:05
ORD-100481,CUST-1006,George Clark,Paris,Books,History of Computing,24.49,2,0.0,PayPal,COMPLETED,2025-10-31 21:45:12
ORD-100482,CUST-1014,Oscar Martinez,London,Clothing,Running Shoes,54.91,1,0.1,PayPal,COMPLETED,2025-09-15 06:42:03
ORD-100483,CUST-1019,Tony Stark,,Electronics,Laptop,588.9,2,0.2,Credit Card,PENDING,2025-12-23 11:24:19
ORD-100484,CUST-1010,Kevin Bacon,Singapore,Sports & Outdoors,Yoga Mat,152.94,3,0.25,PayPal,CANCELLED,2025-01-09 22:19:26
ORD-100485,CUST-1017,Rachel Green,Singapore,Books,Cookbook,34.72,1,0.2,Credit Card,CANCELLED,2025-11-27 00:53:35
ORD-100486,CUST-1015,Pam Beesly,Mumbai,Clothing,Running Shoes,143.97,1,0.05,Apple Pay,COMPLETED,2025-07-06 02:53:49
ORD-100487,CUST-1005,Fiona Gallagher,Sydney,Electronics,4K Monitor,510.02,2,0.1,Debit Card,COMPLETED,2025-06-25 07:15:06
ORD-100488,CUST-1011,Laura Croft,Tokyo,Sports & Outdoors,Dumbbell Set,244.67,3,0.25,Credit Card,RETURNED,2025-06-20 22:38:51
ORD-100489,CUST-1018,Steve Rogers,New York,Home & Kitchen,Vacuum Cleaner,263.91,3,0.0,UPI / Digital Wallet,RETURNED,2025-05-11 16:10:41
ORD-100490,CUST-1004,Evan Wright,San Francisco,Clothing,Running Shoes,101.98,4,0.25,PayPal,COMPLETED,2025-09-04 00:11:40
ORD-100491,CUST-1000,Alice Smith,Toronto,Books,Economics 101,40.68,1,0.2,Credit Card,COMPLETED,2025-06-09 22:10:34
ORD-100492,CUST-1019,Tony Stark,Singapore,Home & Kitchen,Toaster,212.2,2,0.05,PayPal,RETURNED,2025-01-15 01:50:19
ORD-100493,CUST-1013,Nora Jones,San Francisco,Clothing,Cotton T-Shirt,103.79,1,0.1,Credit Card,COMPLETED,2025-05-21 09:51:07
ORD-100494,CUST-1014,Oscar Martinez,London,Home & Kitchen,Vacuum Cleaner,281.06,1,0.1,Debit Card,COMPLETED,2025-12-19 19:28:27
ORD-100495,CUST-1011,Laura Croft,New York,Books,History of Computing,28.0,1,0.2,UPI / Digital Wallet,CANCELLED,2025-03-09 08:40:13
ORD-100496,CUST-1003,Diana Prince,Paris,Electronics,Wireless Headphones,514.52,1,0.1,UPI / Digital Wallet,CANCELLED,2025-07-30 02:32:21
ORD-100497,CUST-1002,Charlie Brown,London,Books,Economics 101,40.86,1,0.05,Apple Pay,COMPLETED,2025-06-17 18:37:53
ORD-100498,CUST-1001,Bob Jones,London,Home & Kitchen,Toaster,45.17,1,0.05,PayPal,PENDING,2025-01-18 23:37:13
ORD-100499,CUST-1003,Diana Prince,Toronto,Clothing,Cotton T-Shirt,66.79,1,0.0,PayPal,CANCELLED,2025-11-17 09:32:05
ORD-100500,CUST-1003,Diana Prince,Tokyo,Electronics,Bluetooth Speaker,1042.95,2,0.15,Debit Card,COMPLETED,2025-05-07 05:27:04
ORD-100501,CUST-1016,Quentin Tarantino,,Sports & Outdoors,Camping Tent,31.68,3,0.05,Debit Card,RETURNED,2025-01-15 09:16:19
ORD-100502,CUST-1014,Oscar Martinez,Mumbai,Books,Cookbook,22.9,2,0.0,Apple Pay,PENDING,2025-01-19 02:15:51
ORD-100503,CUST-1001,Bob Jones,,Sports & Outdoors,Dumbbell Set,69.49,1,0.05,UPI / Digital Wallet,COMPLETED,2025-03-30 04:05:43
ORD-100504,CUST-1006,George Clark,Mumbai,Clothing,Sneakers,117.93,3,0.15,Apple Pay,COMPLETED,2025-11-30 07:29:25
ORD-100505,CUST-1015,Pam Beesly,Toronto,Electronics,Laptop,1073.51,2,0.25,Credit Card,RETURNED,2025-12-09 04:20:26
ORD-100506,CUST-1008,Ian Malcolm,Toronto,Home & Kitchen,Toaster,276.83,1,0.15,PayPal,COMPLETED,2025-07-20 17:48:05
ORD-100507,CUST-1005,Fiona Gallagher,San Francisco,Home & Kitchen,Toaster,79.82,2,0.15,PayPal,PENDING,2025-06-10 01:46:39
ORD-100508,CUST-1012,Michael Scott,Tokyo,Books,Biography,21.24,1,0.2,Credit Card,CANCELLED,2025-01-19 11:35:30
ORD-100509,CUST-1012,Michael Scott,San Francisco,Sports & Outdoors,Hiking Backpack,106.44,1,0.2,UPI / Digital Wallet,COMPLETED,2025-09-09 17:58:20
ORD-100510,CUST-1012,Michael Scott,Singapore,Clothing,Running Shoes,116.05,3,0.2,Credit Card,PENDING,2025-09-12 12:28:25
ORD-100511,CUST-1012,Michael Scott,Sydney,Electronics,Smartwatch,144.27,2,0.25,Apple Pay,COMPLETED,2025-04-16 18:19:12
ORD-100512,CUST-1001,Bob Jones,New York,Clothing,Sneakers,67.3,2,0.0,Credit Card,COMPLETED,2025-09-03 15:34:33
ORD-100513,CUST-1019,Tony Stark,New York,Books,Economics 101,29.35,2,0.05,Credit Card,COMPLETED,2025-12-25 00:59:38
ORD-100514,CUST-1019,Tony Stark,London,Clothing,Cotton T-Shirt,83.19,2,0.2,PayPal,PENDING,2025-07-09 21:59:00
ORD-100515,CUST-1008,Ian Malcolm,Tokyo,Electronics,Smartwatch,1117.34,1,0.2,UPI / Digital Wallet,COMPLETED,2025-11-10 21:38:45
ORD-100516,CUST-1008,Ian Malcolm,Berlin,Books,Cookbook,32.55,1,0.15,Debit Card,COMPLETED,2025-07-11 08:52:33
ORD-100517,CUST-1000,Alice Smith,Tokyo,Home & Kitchen,Blender,170.36,3,0.0,Debit Card,COMPLETED,2025-02-08 06:11:29
ORD-100518,CUST-1013,Nora Jones,Mumbai,Clothing,Running Shoes,35.75,1,0.25,PayPal,COMPLETED,2025-02-17 13:57:48
ORD-100519,CUST-1011,Laura Croft,San Francisco,Clothing,Winter Jacket,59.99,2,0.2,Debit Card,RETURNED,2025-05-21 15:17:04
ORD-100520,CUST-1006,George Clark,Singapore,Books,Economics 101,19.95,2,0.1,UPI / Digital Wallet,RETURNED,2025-11-30 10:41:18
ORD-100521,CUST-1007,Hannah Abbott,Paris,Clothing,Hooded Sweatshirt,56.06,1,0.2,Apple Pay,COMPLETED,2025-07-20 21:09:03
ORD-100522,CUST-1019,Tony Stark,Mumbai,Clothing,Cotton T-Shirt,143.51,1,0.1,Debit Card,COMPLETED,2025-01-08 10:10:19
ORD-100523,CUST-1012,Michael Scott,Tokyo,Clothing,Sneakers,57.81,4,0.2,UPI / Digital Wallet,COMPLETED,2025-05-18 19:09:24
ORD-100524,CUST-1008,Ian Malcolm,Berlin,Sports & Outdoors,Hiking Backpack,202.77,2,0.05,Credit Card,COMPLETED,2025-02-05 18:48:28
ORD-100525,CUST-1014,Oscar Martinez,Mumbai,Home & Kitchen,Espresso Machine,201.86,2,0.05,UPI / Digital Wallet,RETURNED,2025-08-27 07:59:51
ORD-100526,CUST-1008,Ian Malcolm,Toronto,Electronics,4K Monitor,1004.82,2,0.15,UPI / Digital Wallet,RETURNED,2025-03-31 01:28:04
ORD-100527,CUST-1012,Michael Scott,London,Books,Data Engineering Handbook,33.58,1,0.15,Credit Card,COMPLETED,2025-06-07 03:28:51
ORD-100528,CUST-1004,Evan Wright,Mumbai,Sports & Outdoors,Yoga Mat,216.47,1,0.25,UPI / Digital Wallet,COMPLETED,2025-02-07 21:47:31
ORD-100529,CUST-1000,Alice Smith,Paris,Books,Economics 101,35.22,3,0.25,Credit Card,COMPLETED,2025-08-16 02:47:22
ORD-100530,CUST-1002,Charlie Brown,Mumbai,Electronics,Laptop,864.82,1,0.2,Credit Card,PENDING,2025-12-05 02:26:04
ORD-100531,CUST-1019,Tony Stark,Berlin,Books,History of Computing,25.08,1,0.15,Apple Pay,COMPLETED,2025-04-06 13:54:48
ORD-100532,CUST-1011,Laura Croft,Berlin,Electronics,Laptop,627.13,1,0.1,PayPal,COMPLETED,2025-07-29 17:00:30
ORD-100533,CUST-1013,Nora Jones,New York,Electronics,Bluetooth Speaker,494.14,1,0.15,UPI / Digital Wallet,RETURNED,2025-11-07 11:13:28
ORD-100534,CUST-1010,Kevin Bacon,Mumbai,Books,Cookbook,10.05,1,0.25,UPI / Digital Wallet,COMPLETED,2025-12-31 05:08:03
ORD-100535,CUST-1014,Oscar Martinez,Paris,Books,Sci-Fi Novel,13.7,1,0.1,Credit Card,COMPLETED,2025-07-24 18:50:25
ORD-100536,CUST-1011,Laura Croft,Toronto,Books,History of Computing,32.51,1,0.25,UPI / Digital Wallet,PENDING,2025-10-06 15:52:31
ORD-100537,CUST-1003,Diana Prince,London,Sports & Outdoors,Hiking Backpack,31.84,5,0.25,Apple Pay,COMPLETED,2025-03-03 20:31:45
ORD-100538,CUST-1004,Evan Wright,London,Home & Kitchen,Blender,76.24,1,0.25,Credit Card,COMPLETED,2025-03-26 05:05:45
ORD-100539,CUST-1015,Pam Beesly,New York,Books,Biography,15.71,1,0.1,Debit Card,COMPLETED,2025-12-13 18:10:36
ORD-100540,CUST-1005,Fiona Gallagher,Tokyo,Electronics,Bluetooth Speaker,491.06,2,0.05,UPI / Digital Wallet,COMPLETED,2025-08-20 21:30:25
ORD-100541,CUST-1001,Bob Jones,Toronto,Electronics,Smartwatch,771.88,1,0.25,Apple Pay,COMPLETED,2025-08-05 04:20:22
ORD-100542,CUST-1007,Hannah Abbott,London,Sports & Outdoors,Camping Tent,90.4,1,0.15,UPI / Digital Wallet,PENDING,2025-04-16 16:31:12
ORD-100543,CUST-1009,Julia Roberts,Berlin,Sports & Outdoors,Bicycle Helmet,148.49,4,0.15,PayPal,CANCELLED,2025-02-19 01:23:20
ORD-100544,CUST-1003,Diana Prince,New York,Books,Data Engineering Handbook,41.85,1,0.0,Apple Pay,PENDING,2025-03-06 01:19:13
ORD-100545,CUST-1018,Steve Rogers,,Home & Kitchen,Air Fryer,231.03,5,0.25,PayPal,PENDING,2025-07-23 09:42:14
ORD-100546,CUST-1009,Julia Roberts,Tokyo,Sports & Outdoors,Hiking Backpack,148.19,1,0.25,Debit Card,CANCELLED,2025-02-25 18:06:03
ORD-100547,CUST-1006,George Clark,Mumbai,Books,Cookbook,38.27,1,0.2,Credit Card,CANCELLED,2025-07-24 18:03:06
ORD-100548,CUST-1000,Alice Smith,London,Electronics,Wireless Headphones,1098.51,4,0.25,Apple Pay,COMPLETED,2025-03-19 18:24:56
ORD-100549,CUST-1006,George Clark,Mumbai,Books,Sci-Fi Novel,15.05,4,0.1,Credit Card,COMPLETED,2025-04-21 15:59:14
ORD-100550,CUST-1019,Tony Stark,Mumbai,Books,Biography,33.73,1,0.15,PayPal,RETURNED,2025-09-06 19:35:45
ORD-100551,CUST-1016,Quentin Tarantino,San Francisco,Books,Cookbook,43.65,2,0.1,Debit Card,COMPLETED,2025-01-12 17:24:16
ORD-100552,CUST-1017,Rachel Green,Tokyo,Electronics,4K Monitor,426.3,2,0.25,Credit Card,PENDING,2025-12-19 10:00:43
ORD-100553,CUST-1001,Bob Jones,Mumbai,Books,Economics 101,14.14,1,0.15,PayPal,COMPLETED,2025-02-25 20:40:36
ORD-100554,CUST-1010,Kevin Bacon,Tokyo,Clothing,Winter Jacket,84.59,2,0.15,Apple Pay,COMPLETED,2025-03-06 13:45:16
ORD-100555,CUST-1002,Charlie Brown,Berlin,Electronics,Smartwatch,1180.1,1,0.15,PayPal,COMPLETED,2025-06-13 22:10:12
ORD-100556,CUST-1001,Bob Jones,Toronto,Home & Kitchen,Air Fryer,239.9,4,0.2,Apple Pay,CANCELLED,2025-05-17 16:50:51
ORD-100557,CUST-1007,Hannah Abbott,Paris,Sports & Outdoors,Water Bottle,196.38,1,0.05,UPI / Digital Wallet,PENDING,2025-01-29 16:23:35
ORD-100558,CUST-1002,Charlie Brown,Tokyo,Electronics,Wireless Headphones,919.05,3,0.25,Credit Card,PENDING,2025-08-11 16:20:54
ORD-100559,CUST-1012,,Paris,Home & Kitchen,Vacuum Cleaner,265.15,3,0.05,Credit Card,PENDING,2025-03-05 17:05:43
ORD-100560,CUST-1018,Steve Rogers,Berlin,Sports & Outdoors,Dumbbell Set,132.03,1,0.25,UPI / Digital Wallet,PENDING,2025-03-19 01:34:48
ORD-100561,CUST-1002,,Toronto,Electronics,Wireless Headphones,395.37,2,0.2,Debit Card,COMPLETED,2025-10-16 18:12:58
ORD-100562,CUST-1003,Diana Prince,Paris,Sports & Outdoors,Dumbbell Set,156.29,1,0.0,Debit Card,COMPLETED,2025-04-23 06:38:27
ORD-100563,CUST-1015,Pam Beesly,Berlin,Books,Data Engineering Handbook,40.12,2,0.2,Apple Pay,COMPLETED,2025-08-02 20:54:30
ORD-100564,CUST-1009,Julia Roberts,San Francisco,Home & Kitchen,Espresso Machine,329.89,1,0.25,Apple Pay,PENDING,2025-12-16 16:53:04
ORD-100565,CUST-1001,Bob Jones,Toronto,Books,Sci-Fi Novel,17.98,1,0.25,UPI / Digital Wallet,COMPLETED,2025-12-28 00:21:28
ORD-100566,CUST-1017,Rachel Green,Berlin,Clothing,Hooded Sweatshirt,41.58,-1,0.15,Apple Pay,COMPLETED,2025-01-31 19:52:04
ORD-100567,CUST-1009,Julia Roberts,Berlin,Electronics,Wireless Headphones,389.39,1,0.2,PayPal,COMPLETED,2025-07-03 15:11:07
ORD-100568,CUST-1012,Michael Scott,Berlin,Sports & Outdoors,Water Bottle,35.78,3,0.0,Apple Pay,CANCELLED,2025-11-18 14:59:37
ORD-100569,CUST-1019,Tony Stark,San Francisco,Home & Kitchen,Espresso Machine,59.8,2,0.0,Apple Pay,COMPLETED,2025-05-14 03:15:00
ORD-100570,CUST-1011,Laura Croft,Berlin,Books,Biography,40.3,3,0.25,Credit Card,COMPLETED,2025-12-13 02:57:18
ORD-100571,CUST-1015,Pam Beesly,Tokyo,Sports & Outdoors,Dumbbell Set,100.83,2,0.0,Credit Card,COMPLETED,2025-07-13 09:03:02
ORD-100572,CUST-1014,Oscar Martinez,New York,Home & Kitchen,Espresso Machine,214.73,3,0.05,Credit Card,COMPLETED,2025-03-13 14:42:46
ORD-100573,CUST-1018,Steve Rogers,Tokyo,Books,Economics 101,22.65,1,0.05,Apple Pay,COMPLETED,2025-11-28 22:26:18
ORD-100574,CUST-1005,Fiona Gallagher,Sydney,Home & Kitchen,Cookware Set,55.68,1,0.0,Credit Card,COMPLETED,2025-02-25 05:29:53
ORD-100575,CUST-1004,Evan Wright,London,Electronics,4K Monitor,616.57,1,0.25,Debit Card,COMPLETED,2025-07-16 13:51:33
ORD-100576,CUST-1004,Evan Wright,New York,Clothing,Winter Jacket,116.3,3,0.25,UPI / Digital Wallet,RETURNED,2025-03-02 00:34:36
ORD-100577,CUST-1016,Quentin Tarantino,Tokyo,Sports & Outdoors,Dumbbell Set,135.95,1,0.15,Apple Pay,COMPLETED,2025-05-24 06:37:51
ORD-100578,CUST-1011,Laura Croft,Mumbai,Clothing,Sneakers,139.22,2,0.05,Apple Pay,COMPLETED,2025-04-07 08:29:57
ORD-100579,CUST-1011,Laura Croft,New York,Clothing,Denim Jeans,84.0,1,0.05,Credit Card,COMPLETED,2025-01-10 03:43:54
ORD-100580,CUST-1011,Laura Croft,Singapore,Home & Kitchen,Espresso Machine,338.57,1,0.05,Apple Pay,COMPLETED,2025-11-22 11:45:06
ORD-100581,CUST-1013,Nora Jones,Singapore,Clothing,Sneakers,51.21,1,0.25,Debit Card,CANCELLED,2025-04-21 05:05:52
ORD-100582,CUST-1017,Rachel Green,New York,Electronics,4K Monitor,539.95,1,0.0,Credit Card,COMPLETED,2025-08-31 23:29:51
ORD-100583,CUST-1011,Laura Croft,Singapore,Books,Sci-Fi Novel,8.78,1,0.1,PayPal,PENDING,2025-06-15 18:06:23
ORD-100584,CUST-1013,Nora Jones,San Francisco,Sports & Outdoors,Dumbbell Set,130.52,1,0.1,UPI / Digital Wallet,RETURNED,2025-07-08 06:25:06
ORD-100585,CUST-1017,Rachel Green,Mumbai,Books,History of Computing,30.85,1,0.2,Apple Pay,PENDING,2025-04-29 18:54:18
ORD-100586,CUST-1018,Steve Rogers,Berlin,Books,Economics 101,23.45,5,0.0,PayPal,PENDING,2025-12-03 18:42:36
ORD-100587,CUST-1011,Laura Croft,Toronto,Clothing,Sneakers,48.45,1,0.2,Credit Card,PENDING,2025-07-30 04:23:16
ORD-100588,CUST-1018,Steve Rogers,Singapore,Clothing,Cotton T-Shirt,79.95,2,0.1,Credit Card,COMPLETED,2025-07-07 21:05:22
ORD-100589,CUST-1018,Steve Rogers,New York,Sports & Outdoors,Dumbbell Set,232.76,2,0.25,Debit Card,PENDING,2025-11-08 08:36:27
ORD-100590,CUST-1003,Diana Prince,Singapore,Books,Sci-Fi Novel,19.59,1,0.05,PayPal,COMPLETED,2025-08-26 07:13:36
ORD-100591,CUST-1010,Kevin Bacon,Tokyo,Home & Kitchen,Espresso Machine,280.88,1,0.0,Credit Card,PENDING,2025-08-06 13:53:07
ORD-100592,CUST-1000,Alice Smith,London,Electronics,Smartphone,739.26,1,0.25,UPI / Digital Wallet,COMPLETED,2025-02-13 13:31:09
ORD-100593,CUST-1001,Bob Jones,New York,Clothing,Hooded Sweatshirt,133.6,1,0.1,Apple Pay,COMPLETED,2025-08-10 09:18:31
ORD-100594,CUST-1017,Rachel Green,San Francisco,Sports & Outdoors,Water Bottle,153.43,1,0.25,Credit Card,RETURNED,2025-11-22 22:42:18
ORD-100595,CUST-1019,Tony Stark,New York,Sports & Outdoors,Bicycle Helmet,231.79,2,0.15,UPI / Digital Wallet,PENDING,2025-08-05 15:22:06
ORD-100596,CUST-1008,Ian Malcolm,Mumbai,Sports & Outdoors,Bicycle Helmet,83.68,2,0.05,Credit Card,COMPLETED,2025-12-24 12:24:04
ORD-100597,CUST-1010,Kevin Bacon,Berlin,Electronics,Bluetooth Speaker,879.82,1,0.1,Credit Card,COMPLETED,2025-08-27 18:48:11
ORD-100598,CUST-1016,Quentin Tarantino,Toronto,Home & Kitchen,Espresso Machine,181.7,1,0.05,Credit Card,COMPLETED,2025-06-17 09:51:25
ORD-100599,CUST-1005,Fiona Gallagher,Toronto,Books,Cookbook,13.96,1,0.1,Credit Card,PENDING,2025-04-20 00:53:48
ORD-100600,CUST-1008,Ian Malcolm,Sydney,Electronics,Wireless Headphones,428.88,1,0.0,Credit Card,COMPLETED,2025-09-22 02:16:39
ORD-100601,CUST-1012,Michael Scott,London,Home & Kitchen,Espresso Machine,273.0,3,0.0,UPI / Digital Wallet,PENDING,2025-06-24 13:16:07
ORD-100602,CUST-1012,Michael Scott,New York,Electronics,4K Monitor,306.02,1,0.15,PayPal,RETURNED,2025-09-28 05:16:25
ORD-100603,CUST-1015,Pam Beesly,Singapore,Home & Kitchen,Cookware Set,293.1,4,0.0,Credit Card,COMPLETED,2025-12-26 04:28:59
ORD-100604,CUST-1007,Hannah Abbott,Tokyo,Clothing,Hooded Sweatshirt,34.46,1,0.15,PayPal,COMPLETED,2025-05-06 13:36:51
ORD-100605,CUST-1014,Oscar Martinez,,Home & Kitchen,Air Fryer,163.07,1,0.1,Debit Card,COMPLETED,2025-03-21 01:04:38
ORD-100606,CUST-1001,Bob Jones,Berlin,Electronics,Laptop,525.85,3,0.0,UPI / Digital Wallet,COMPLETED,2025-02-08 11:59:37
ORD-100607,CUST-1013,Nora Jones,Sydney,Home & Kitchen,Cookware Set,33.46,2,0.0,Credit Card,PENDING,2025-02-24 02:16:30
ORD-100608,CUST-1015,Pam Beesly,Toronto,Home & Kitchen,Blender,81.24,2,0.15,UPI / Digital Wallet,RETURNED,2025-03-12 17:10:53
ORD-100609,CUST-1006,George Clark,Paris,Books,Cookbook,17.67,1,0.25,Apple Pay,RETURNED,2025-12-31 02:41:53
ORD-100610,CUST-1004,Evan Wright,San Francisco,Electronics,Bluetooth Speaker,711.68,1,0.2,Debit Card,COMPLETED,2025-09-23 14:56:43
ORD-100611,CUST-1018,,Toronto,Books,Economics 101,31.5,1,0.15,Credit Card,RETURNED,2025-06-19 01:46:18
ORD-100612,CUST-1009,Julia Roberts,Berlin,Sports & Outdoors,Bicycle Helmet,84.75,2,0.05,Apple Pay,COMPLETED,2025-02-25 11:00:34
ORD-100613,CUST-1019,Tony Stark,London,Clothing,Sneakers,52.63,2,0.25,PayPal,COMPLETED,2025-01-23 11:14:32
ORD-100614,CUST-1012,Michael Scott,Berlin,Home & Kitchen,Espresso Machine,313.61,1,0.0,PayPal,PENDING,2025-08-17 19:35:55
ORD-100615,CUST-1005,Fiona Gallagher,Sydney,Sports & Outdoors,Dumbbell Set,42.82,1,0.15,PayPal,CANCELLED,2025-08-28 16:50:06
ORD-100616,CUST-1002,Charlie Brown,San Francisco,Electronics,Bluetooth Speaker,553.25,2,0.1,Credit Card,COMPLETED,2025-03-24 04:40:38
ORD-100617,CUST-1001,Bob Jones,Paris,Books,Sci-Fi Novel,43.75,1,0.0,UPI / Digital Wallet,COMPLETED,2025-01-14 17:55:37
ORD-100618,CUST-1003,Diana Prince,Sydney,Books,Data Engineering Handbook,34.32,2,0.1,Apple Pay,RETURNED,2025-12-17 16:52:00
ORD-100619,CUST-1016,Quentin Tarantino,Mumbai,Home & Kitchen,Blender,83.34,3,0.05,UPI / Digital Wallet,RETURNED,2025-08-10 17:14:12
ORD-100620,CUST-1012,Michael Scott,Mumbai,Sports & Outdoors,Hiking Backpack,64.38,1,0.25,Debit Card,PENDING,2025-04-01 16:47:35
ORD-100621,CUST-1019,Tony Stark,San Francisco,Sports & Outdoors,Yoga Mat,55.15,1,0.05,UPI / Digital Wallet,COMPLETED,2025-08-12 19:58:18
ORD-100622,CUST-1003,Diana Prince,Mumbai,Home & Kitchen,Blender,271.39,1,0.25,UPI / Digital Wallet,CANCELLED,2025-12-26 18:47:42
ORD-100623,CUST-1000,,Mumbai,Home & Kitchen,Blender,208.5,1,0.1,UPI / Digital Wallet,COMPLETED,2025-01-29 20:30:25
ORD-100624,CUST-1000,Alice Smith,Singapore,Home & Kitchen,Vacuum Cleaner,202.8,2,0.1,Apple Pay,CANCELLED,2025-04-10 02:29:54
ORD-100625,CUST-1019,Tony Stark,New York,Electronics,Laptop,120.75,5,0.0,UPI / Digital Wallet,COMPLETED,2025-07-15 00:43:18
ORD-100626,CUST-1006,George Clark,Paris,Home & Kitchen,Toaster,82.88,3,0.2,PayPal,COMPLETED,2025-05-04 15:28:55
ORD-100627,CUST-1011,Laura Croft,New York,Clothing,Hooded Sweatshirt,15.34,2,0.25,Debit Card,CANCELLED,2025-03-07 01:40:33
ORD-100628,CUST-1005,,Toronto,Sports & Outdoors,Bicycle Helmet,243.56,1,0.1,UPI / Digital Wallet,PENDING,2025-01-05 23:34:11
ORD-100629,CUST-1004,Evan Wright,Tokyo,Home & Kitchen,Vacuum Cleaner,25.84,5,0.1,Credit Card,COMPLETED,2025-02-05 02:56:07
ORD-100630,CUST-1002,Charlie Brown,New York,Home & Kitchen,Cookware Set,285.32,1,0.2,Apple Pay,RETURNED,2025-04-18 00:17:24
ORD-100631,CUST-1010,Kevin Bacon,New York,Sports & Outdoors,Dumbbell Set,171.18,2,0.15,Debit Card,COMPLETED,2025-10-01 01:20:03
ORD-100632,CUST-1018,Steve Rogers,London,Books,Data Engineering Handbook,17.52,3,0.15,UPI / Digital Wallet,COMPLETED,2025-05-02 19:49:16
ORD-100633,CUST-1014,Oscar Martinez,Sydney,Electronics,4K Monitor,837.64,1,0.15,PayPal,COMPLETED,2025-03-07 22:23:06
ORD-100634,CUST-1000,Alice Smith,Berlin,Electronics,Laptop,697.91,1,0.0,Apple Pay,CANCELLED,2025-11-24 02:03:47
ORD-100635,CUST-1001,Bob Jones,Singapore,Sports & Outdoors,Dumbbell Set,170.15,1,0.25,Debit Card,PENDING,2025-12-15 20:18:45
ORD-100636,CUST-1015,Pam Beesly,Berlin,Clothing,Running Shoes,42.61,1,0.1,UPI / Digital Wallet,COMPLETED,2025-12-20 22:02:56
ORD-100637,CUST-1015,Pam Beesly,Tokyo,Home & Kitchen,Cookware Set,171.36,1,0.2,Debit Card,PENDING,2025-12-04 02:53:39
ORD-100638,CUST-1003,Diana Prince,Paris,Electronics,Bluetooth Speaker,661.93,3,0.25,UPI / Digital Wallet,PENDING,2025-01-03 06:33:27
ORD-100639,CUST-1016,Quentin Tarantino,Mumbai,Clothing,Winter Jacket,34.84,1,0.2,Credit Card,RETURNED,2025-09-02 23:35:29
ORD-100640,CUST-1002,Charlie Brown,Berlin,Electronics,Bluetooth Speaker,978.55,3,0.1,PayPal,RETURNED,2025-09-24 16:04:35
ORD-100641,CUST-1000,Alice Smith,Sydney,Sports & Outdoors,Camping Tent,54.19,2,0.1,Debit Card,COMPLETED,2025-08-30 16:59:51
ORD-100642,CUST-1003,Diana Prince,Sydney,Books,Economics 101,33.35,2,0.0,Debit Card,RETURNED,2025-08-19 07:12:32
ORD-100643,CUST-1000,Alice Smith,Mumbai,Clothing,Denim Jeans,42.85,1,0.15,PayPal,COMPLETED,2025-10-05 11:12:06
ORD-100644,CUST-1004,Evan Wright,New York,Home & Kitchen,Toaster,52.7,1,0.0,Debit Card,COMPLETED,2025-08-23 13:22:41
ORD-100645,CUST-1016,Quentin Tarantino,San Francisco,Sports & Outdoors,Bicycle Helmet,97.5,1,0.25,Apple Pay,RETURNED,2025-09-17 00:02:30
ORD-100646,CUST-1009,Julia Roberts,Mumbai,Clothing,Denim Jeans,52.67,1,0.15,PayPal,CANCELLED,2025-04-12 14:42:37
ORD-100647,CUST-1009,Julia Roberts,Singapore,Electronics,4K Monitor,642.48,1,0.15,Credit Card,COMPLETED,2025-06-11 23:18:04
ORD-100648,CUST-1007,Hannah Abbott,Berlin,Home & Kitchen,Vacuum Cleaner,217.06,4,0.05,Debit Card,COMPLETED,2025-02-06 09:07:43
ORD-100649,CUST-1009,Julia Roberts,San Francisco,Books,Cookbook,21.78,1,0.25,UPI / Digital Wallet,COMPLETED,2025-04-14 19:24:24
ORD-100650,CUST-1004,Evan Wright,New York,Clothing,Running Shoes,86.29,1,0.2,PayPal,COMPLETED,2025-02-14 06:00:40
ORD-100651,CUST-1016,Quentin Tarantino,Mumbai,Home & Kitchen,Espresso Machine,189.23,3,0.0,UPI / Digital Wallet,COMPLETED,2025-09-12 15:06:04
ORD-100652,CUST-1006,,Toronto,Books,Economics 101,17.52,2,0.25,Apple Pay,PENDING,2025-07-26 05:27:44
ORD-100653,CUST-1002,Charlie Brown,London,Books,History of Computing,40.63,2,0.2,UPI / Digital Wallet,COMPLETED,2025-04-05 02:26:58
ORD-100654,CUST-1004,Evan Wright,London,Books,Data Engineering Handbook,12.87,1,0.25,Apple Pay,CANCELLED,2025-05-02 14:43:47
ORD-100655,CUST-1018,Steve Rogers,London,Home & Kitchen,Air Fryer,189.19,2,0.1,Credit Card,COMPLETED,2025-05-18 10:30:06
ORD-100656,CUST-1009,Julia Roberts,Paris,Electronics,Smartphone,747.6,3,0.2,PayPal,COMPLETED,2025-07-23 15:31:12
ORD-100657,CUST-1014,Oscar Martinez,San Francisco,Home & Kitchen,Cookware Set,198.38,1,0.05,Debit Card,COMPLETED,2025-03-09 19:28:04
ORD-100658,CUST-1003,Diana Prince,London,Sports & Outdoors,Water Bottle,167.8,1,0.15,PayPal,CANCELLED,2025-11-15 21:57:11
ORD-100659,CUST-1001,Bob Jones,San Francisco,Books,Cookbook,23.42,2,0.2,Apple Pay,RETURNED,2025-01-21 23:26:37
ORD-100660,CUST-1009,Julia Roberts,New York,Electronics,Bluetooth Speaker,696.92,4,0.1,PayPal,COMPLETED,2025-03-28 19:42:59
ORD-100661,CUST-1004,Evan Wright,London,Books,Cookbook,39.47,2,0.2,Apple Pay,COMPLETED,2025-09-17 19:44:57
ORD-100662,CUST-1017,Rachel Green,Tokyo,Clothing,Running Shoes,107.7,1,0.0,Credit Card,RETURNED,2025-05-22 09:31:03
ORD-100663,CUST-1004,Evan Wright,Sydney,Electronics,Wireless Headphones,131.38,2,0.1,Debit Card,COMPLETED,2025-03-20 16:55:17
ORD-100664,CUST-1011,Laura Croft,Toronto,Clothing,Winter Jacket,115.15,1,0.05,UPI / Digital Wallet,COMPLETED,2025-02-06 21:14:22
ORD-100665,CUST-1011,Laura Croft,Tokyo,Home & Kitchen,Air Fryer,243.55,1,0.1,Apple Pay,COMPLETED,2025-06-14 03:47:28
ORD-100666,CUST-1012,Michael Scott,Paris,Clothing,Running Shoes,98.47,2,0.15,UPI / Digital Wallet,COMPLETED,2025-07-30 00:30:33
ORD-100667,CUST-1015,Pam Beesly,New York,Home & Kitchen,Cookware Set,158.18,1,0.15,PayPal,CANCELLED,2025-05-17 08:49:44
ORD-100668,CUST-1013,Nora Jones,Berlin,Electronics,Smartphone,424.85,4,0.2,Debit Card,COMPLETED,2025-12-27 20:57:16
ORD-100669,CUST-1004,Evan Wright,Berlin,Electronics,Smartphone,391.42,-1,0.0,Apple Pay,PENDING,2025-10-04 19:16:06
ORD-100670,CUST-1010,Kevin Bacon,Singapore,Books,Sci-Fi Novel,8.18,2,0.2,PayPal,PENDING,2025-09-12 20:47:45
ORD-100671,CUST-1005,Fiona Gallagher,Berlin,Electronics,Smartphone,816.8,4,0.05,Credit Card,CANCELLED,2025-04-03 09:00:20
ORD-100672,CUST-1017,Rachel Green,Paris,Sports & Outdoors,Dumbbell Set,112.48,1,0.05,UPI / Digital Wallet,COMPLETED,2025-05-13 23:15:04
ORD-100673,CUST-1012,Michael Scott,Paris,Home & Kitchen,Cookware Set,232.09,1,0.25,Credit Card,PENDING,2025-10-12 11:17:52
ORD-100674,CUST-1017,Rachel Green,Mumbai,Books,History of Computing,38.55,1,0.1,UPI / Digital Wallet,COMPLETED,2025-04-18 03:18:17
ORD-100675,CUST-1007,Hannah Abbott,Tokyo,Sports & Outdoors,Dumbbell Set,221.11,2,0.15,PayPal,PENDING,2025-11-09 20:16:27
ORD-100676,CUST-1019,Tony Stark,Toronto,Books,Economics 101,17.34,1,0.15,UPI / Digital Wallet,PENDING,2025-08-30 05:11:30
ORD-100677,CUST-1019,Tony Stark,Paris,Home & Kitchen,Air Fryer,104.28,2,0.2,PayPal,CANCELLED,2025-12-12 02:23:14
ORD-100678,CUST-1014,Oscar Martinez,Sydney,Clothing,Winter Jacket,126.57,4,0.05,Debit Card,RETURNED,2025-01-07 17:57:11
ORD-100679,CUST-1013,Nora Jones,Singapore,Home & Kitchen,Toaster,230.92,2,0.2,Debit Card,COMPLETED,2025-07-26 17:24:48
ORD-100680,CUST-1004,Evan Wright,Toronto,Books,Data Engineering Handbook,41.92,2,0.1,PayPal,COMPLETED,2025-12-11 23:02:51
ORD-100681,CUST-1019,Tony Stark,New York,Home & Kitchen,Cookware Set,142.49,1,0.2,Debit Card,COMPLETED,2025-06-30 13:19:14
ORD-100682,CUST-1019,Tony Stark,San Francisco,Home & Kitchen,Air Fryer,295.81,4,0.0,Debit Card,COMPLETED,2025-09-24 04:22:23
ORD-100683,CUST-1001,Bob Jones,New York,Books,Sci-Fi Novel,33.56,3,0.1,Credit Card,COMPLETED,2025-02-12 19:09:45
ORD-100684,CUST-1016,Quentin Tarantino,Mumbai,Home & Kitchen,Espresso Machine,182.62,3,0.0,Apple Pay,PENDING,2025-12-07 16:42:13
ORD-100685,CUST-1015,Pam Beesly,Mumbai,Books,History of Computing,28.62,2,0.05,PayPal,COMPLETED,2025-09-14 06:59:05
ORD-100686,CUST-1013,Nora Jones,San Francisco,Electronics,Bluetooth Speaker,437.83,1,0.0,PayPal,COMPLETED,2025-03-01 05:55:44
ORD-100687,CUST-1009,Julia Roberts,New York,Home & Kitchen,Toaster,201.05,1,0.05,PayPal,PENDING,2025-11-18 04:36:19
ORD-100688,CUST-1008,Ian Malcolm,London,Sports & Outdoors,Hiking Backpack,34.98,1,0.25,PayPal,COMPLETED,2025-02-10 11:50:06
ORD-100689,CUST-1019,Tony Stark,Toronto,Electronics,Wireless Headphones,274.81,1,0.2,Debit Card,CANCELLED,2025-01-03 00:42:29
ORD-100690,CUST-1015,Pam Beesly,San Francisco,Sports & Outdoors,Bicycle Helmet,83.16,1,0.15,UPI / Digital Wallet,COMPLETED,2025-08-10 11:24:41
ORD-100691,CUST-1004,Evan Wright,London,Clothing,Cotton T-Shirt,22.21,1,0.05,Apple Pay,COMPLETED,2025-03-02 11:11:25
ORD-100692,CUST-1006,George Clark,Paris,Books,Biography,32.45,1,0.2,PayPal,COMPLETED,2025-09-06 11:10:04
ORD-100693,CUST-1001,Bob Jones,Paris,Electronics,Wireless Headphones,900.29,2,0.1,Credit Card,COMPLETED,2025-03-23 00:37:29
ORD-100694,CUST-1012,Michael Scott,Sydney,Clothing,Cotton T-Shirt,58.67,3,0.05,UPI / Digital Wallet,PENDING,2025-09-23 08:36:04
ORD-100695,CUST-1001,Bob Jones,Tokyo,Electronics,Wireless Headphones,283.66,1,0.1,PayPal,COMPLETED,2025-03-17 04:04:32
ORD-100696,CUST-1003,Diana Prince,Paris,Books,Cookbook,12.66,2,0.05,PayPal,PENDING,2025-09-22 09:20:35
ORD-100697,CUST-1000,Alice Smith,,Sports & Outdoors,Bicycle Helmet,31.06,1,0.1,Apple Pay,PENDING,2025-02-18 11:56:39
ORD-100698,CUST-1010,Kevin Bacon,San Francisco,Electronics,Smartphone,587.87,1,0.15,Apple Pay,PENDING,2025-01-17 03:18:08
ORD-100699,CUST-1005,Fiona Gallagher,Sydney,Clothing,Denim Jeans,35.47,1,0.1,Debit Card,COMPLETED,2025-06-30 20:16:23
ORD-100700,CUST-1009,Julia Roberts,Singapore,Electronics,Smartwatch,592.29,1,0.05,Debit Card,COMPLETED,2025-05-22 07:58:14
ORD-100701,CUST-1003,Diana Prince,Berlin,Electronics,Laptop,869.99,2,0.25,Apple Pay,COMPLETED,2025-01-09 21:24:51
ORD-100702,CUST-1001,Bob Jones,Berlin,Home & Kitchen,Air Fryer,199.35,3,0.0,PayPal,RETURNED,2025-08-06 16:32:47
ORD-100703,CUST-1009,Julia Roberts,London,Books,Biography,15.43,1,0.25,Debit Card,COMPLETED,2025-05-23 03:41:37
ORD-100704,CUST-1003,Diana Prince,Singapore,Clothing,Running Shoes,87.8,1,0.1,Credit Card,COMPLETED,2025-01-10 19:10:46
ORD-100705,CUST-1004,Evan Wright,Singapore,Electronics,Smartwatch,126.27,1,0.1,UPI / Digital Wallet,COMPLETED,2025-09-17 14:26:26
ORD-100706,CUST-1007,Hannah Abbott,New York,Books,Economics 101,24.73,2,0.15,PayPal,COMPLETED,2025-07-10 17:47:19
ORD-100707,CUST-1000,Alice Smith,Toronto,Sports & Outdoors,Hiking Backpack,55.24,1,0.05,Credit Card,COMPLETED,2025-01-28 23:15:28
ORD-100708,CUST-1006,George Clark,Singapore,Clothing,Running Shoes,103.65,2,0.1,UPI / Digital Wallet,CANCELLED,2025-07-26 22:36:00
ORD-100709,CUST-1012,Michael Scott,London,Home & Kitchen,Espresso Machine,152.06,1,0.25,Debit Card,COMPLETED,2025-06-16 04:43:21
ORD-100710,CUST-1017,Rachel Green,New York,Home & Kitchen,Toaster,146.44,4,0.25,Debit Card,COMPLETED,2025-01-12 16:23:34
ORD-100711,CUST-1011,Laura Croft,Singapore,Books,Data Engineering Handbook,29.27,1,0.15,Debit Card,COMPLETED,2025-09-15 07:40:59
ORD-100712,CUST-1004,Evan Wright,San Francisco,Home & Kitchen,Air Fryer,226.3,3,0.1,Apple Pay,COMPLETED,2025-04-19 14:58:29
ORD-100713,CUST-1004,Evan Wright,Berlin,Clothing,Hooded Sweatshirt,117.11,2,0.15,PayPal,COMPLETED,2025-02-13 06:37:12
ORD-100714,CUST-1017,Rachel Green,San Francisco,Home & Kitchen,Toaster,228.9,2,0.15,Credit Card,RETURNED,2025-06-08 19:41:42
ORD-100715,CUST-1008,Ian Malcolm,Toronto,Home & Kitchen,Espresso Machine,219.87,1,0.25,Debit Card,CANCELLED,2025-07-01 13:45:01
ORD-100716,CUST-1000,Alice Smith,New York,Sports & Outdoors,Hiking Backpack,147.42,2,0.0,Credit Card,PENDING,2025-11-13 08:40:05
ORD-100717,CUST-1000,Alice Smith,London,Books,Biography,33.01,1,0.0,UPI / Digital Wallet,RETURNED,2025-10-25 03:01:28
ORD-100718,CUST-1001,Bob Jones,Singapore,Home & Kitchen,Blender,79.79,2,0.0,Apple Pay,COMPLETED,2025-04-22 00:49:09
ORD-100719,CUST-1001,Bob Jones,Paris,Clothing,Winter Jacket,45.66,2,0.0,Credit Card,CANCELLED,2025-04-02 12:11:44
ORD-100720,CUST-1010,Kevin Bacon,New York,Sports & Outdoors,Dumbbell Set,129.34,1,0.1,UPI / Digital Wallet,COMPLETED,2025-07-23 12:59:37
ORD-100721,CUST-1014,Oscar Martinez,Tokyo,Electronics,Smartwatch,1004.09,1,0.05,Credit Card,RETURNED,2025-03-20 06:34:44
ORD-100722,CUST-1007,Hannah Abbott,London,Electronics,Wireless Headphones,83.72,5,0.05,Debit Card,COMPLETED,2025-09-29 08:43:44
ORD-100723,CUST-1019,Tony Stark,Paris,Clothing,Hooded Sweatshirt,99.18,1,0.1,PayPal,CANCELLED,2025-07-29 04:47:36
ORD-100724,CUST-1001,,San Francisco,Home & Kitchen,Vacuum Cleaner,285.54,2,0.15,Apple Pay,COMPLETED,2025-09-21 01:20:23
ORD-100725,CUST-1009,Julia Roberts,Berlin,Home & Kitchen,Cookware Set,209.96,1,0.15,UPI / Digital Wallet,COMPLETED,2025-08-06 14:39:53
ORD-100726,CUST-1000,Alice Smith,Paris,Clothing,Cotton T-Shirt,106.29,1,0.05,Debit Card,COMPLETED,2025-08-23 11:16:53
ORD-100727,CUST-1007,Hannah Abbott,Toronto,Electronics,4K Monitor,50.38,1,0.2,PayPal,CANCELLED,2025-12-14 20:12:09
ORD-100728,CUST-1010,Kevin Bacon,Sydney,Electronics,Bluetooth Speaker,708.35,1,0.0,PayPal,COMPLETED,2025-11-02 10:19:11
ORD-100729,CUST-1000,Alice Smith,,Home & Kitchen,Toaster,35.11,1,0.2,PayPal,COMPLETED,2025-02-18 15:55:56
ORD-100730,CUST-1019,Tony Stark,Toronto,Books,Data Engineering Handbook,24.86,4,0.05,Credit Card,COMPLETED,2025-05-23 09:22:18
ORD-100731,CUST-1002,Charlie Brown,Paris,Home & Kitchen,Air Fryer,110.63,2,0.0,Debit Card,RETURNED,2025-10-09 01:18:50
ORD-100732,CUST-1002,Charlie Brown,London,Electronics,4K Monitor,908.47,1,0.1,Apple Pay,PENDING,2025-12-21 10:31:53
ORD-100733,CUST-1015,Pam Beesly,Sydney,Books,Sci-Fi Novel,33.61,2,0.15,Apple Pay,RETURNED,2025-06-27 12:27:14
ORD-100734,CUST-1005,Fiona Gallagher,Tokyo,Electronics,4K Monitor,936.85,1,0.15,Debit Card,RETURNED,2025-06-22 05:02:13
ORD-100735,CUST-1017,Rachel Green,Sydney,Clothing,Denim Jeans,18.88,5,0.1,Debit Card,COMPLETED,2025-11-02 09:00:20
ORD-100736,CUST-1012,Michael Scott,Singapore,Home & Kitchen,Espresso Machine,263.41,2,0.25,Credit Card,COMPLETED,2025-12-13 07:55:22
ORD-100737,CUST-1007,Hannah Abbott,San Francisco,Electronics,Bluetooth Speaker,240.72,3,0.1,Credit Card,PENDING,2025-10-11 02:56:17
ORD-100738,CUST-1002,Charlie Brown,Toronto,Electronics,Wireless Headphones,94.37,2,0.25,UPI / Digital Wallet,CANCELLED,2025-07-27 20:44:41
ORD-100739,CUST-1015,Pam Beesly,Sydney,Books,Data Engineering Handbook,43.02,1,0.25,UPI / Digital Wallet,COMPLETED,2025-03-20 03:27:11
ORD-100740,CUST-1004,Evan Wright,London,Clothing,Sneakers,135.17,2,0.25,Apple Pay,CANCELLED,2025-09-21 11:01:52
ORD-100741,CUST-1000,Alice Smith,Berlin,Electronics,Wireless Headphones,1072.6,1,0.05,Apple Pay,COMPLETED,2025-08-16 09:44:09
ORD-100742,CUST-1016,Quentin Tarantino,New York,Home & Kitchen,Vacuum Cleaner,304.87,2,0.1,Credit Card,RETURNED,2025-11-25 12:33:19
ORD-100743,CUST-1019,Tony Stark,Berlin,Sports & Outdoors,Hiking Backpack,24.11,1,0.0,PayPal,RETURNED,2025-04-28 02:31:02
ORD-100744,CUST-1002,Charlie Brown,Tokyo,Electronics,Laptop,334.49,1,0.1,PayPal,COMPLETED,2025-12-08 00:00:23
ORD-100745,CUST-1002,Charlie Brown,Toronto,Home & Kitchen,Vacuum Cleaner,247.01,1,0.05,Apple Pay,COMPLETED,2025-08-18 09:04:36
ORD-100746,CUST-1017,Rachel Green,San Francisco,Electronics,4K Monitor,66.78,1,0.0,Apple Pay,RETURNED,2025-08-12 00:46:26
ORD-100747,CUST-1011,Laura Croft,Sydney,Home & Kitchen,Toaster,298.9,2,0.25,PayPal,COMPLETED,2025-11-25 08:44:38
ORD-100748,CUST-1012,Michael Scott,Toronto,Electronics,Smartwatch,445.52,1,0.0,Apple Pay,COMPLETED,2025-02-23 22:16:44
ORD-100749,CUST-1000,Alice Smith,Sydney,Electronics,4K Monitor,791.36,1,0.05,Credit Card,COMPLETED,2025-07-06 03:35:50
ORD-100750,CUST-1008,Ian Malcolm,,Books,Cookbook,16.95,2,0.05,UPI / Digital Wallet,RETURNED,2025-03-29 07:18:20
ORD-100751,CUST-1019,Tony Stark,London,Sports & Outdoors,Camping Tent,155.86,2,0.15,Credit Card,COMPLETED,2025-12-18 12:31:07
ORD-100752,CUST-1017,Rachel Green,Paris,Books,Sci-Fi Novel,22.84,1,0.05,UPI / Digital Wallet,COMPLETED,2025-11-20 15:34:22
ORD-100753,CUST-1013,Nora Jones,Toronto,Clothing,Denim Jeans,115.36,3,0.1,UPI / Digital Wallet,COMPLETED,2025-07-08 23:48:02
ORD-100754,CUST-1008,Ian Malcolm,New York,Home & Kitchen,Vacuum Cleaner,104.96,5,0.05,Apple Pay,CANCELLED,2025-10-25 06:08:09
ORD-100755,CUST-1011,Laura Croft,San Francisco,Clothing,Denim Jeans,111.89,1,0.15,PayPal,COMPLETED,2025-08-20 01:19:31
ORD-100756,CUST-1000,Alice Smith,Singapore,Sports & Outdoors,Yoga Mat,209.73,2,0.25,Credit Card,COMPLETED,2025-11-01 20:01:21
ORD-100757,CUST-1015,Pam Beesly,San Francisco,Electronics,Bluetooth Speaker,106.61,2,0.05,Credit Card,COMPLETED,2025-05-14 15:45:45
ORD-100758,CUST-1008,Ian Malcolm,Paris,Home & Kitchen,Espresso Machine,301.58,2,0.2,UPI / Digital Wallet,COMPLETED,2025-04-24 20:42:23
ORD-100759,CUST-1010,Kevin Bacon,San Francisco,Home & Kitchen,Cookware Set,338.69,2,0.25,Debit Card,PENDING,2025-04-19 21:35:30
ORD-100760,CUST-1002,Charlie Brown,Paris,Sports & Outdoors,Dumbbell Set,123.84,1,0.0,Credit Card,COMPLETED,2025-02-19 05:47:54
ORD-100761,CUST-1014,Oscar Martinez,Paris,Clothing,Sneakers,17.13,1,0.1,Apple Pay,RETURNED,2025-10-11 07:33:00
ORD-100762,CUST-1001,Bob Jones,Toronto,Home & Kitchen,Vacuum Cleaner,55.89,4,0.05,Credit Card,COMPLETED,2025-11-09 01:16:09
ORD-100763,CUST-1014,Oscar Martinez,Paris,Electronics,Laptop,766.12,3,0.25,Apple Pay,CANCELLED,2025-07-26 03:24:51
ORD-100764,CUST-1006,George Clark,Paris,Home & Kitchen,Blender,88.79,3,0.0,Credit Card,CANCELLED,2025-06-27 09:12:55
ORD-100765,CUST-1018,Steve Rogers,London,Sports & Outdoors,Water Bottle,171.86,2,0.25,Apple Pay,PENDING,2025-05-10 22:45:17
ORD-100766,CUST-1008,Ian Malcolm,Berlin,Home & Kitchen,Espresso Machine,258.71,2,0.1,Credit Card,CANCELLED,2025-09-26 00:18:28
ORD-100767,CUST-1010,Kevin Bacon,Toronto,Electronics,Bluetooth Speaker,249.07,2,0.0,Credit Card,RETURNED,2025-03-24 05:48:47
ORD-100768,CUST-1017,Rachel Green,London,Electronics,Wireless Headphones,177.01,1,0.05,Debit Card,COMPLETED,2025-04-26 22:52:15
ORD-100769,CUST-1018,Steve Rogers,London,Books,Sci-Fi Novel,8.67,5,0.0,PayPal,CANCELLED,2025-04-20 05:53:16
ORD-100770,CUST-1004,Evan Wright,Toronto,Electronics,Wireless Headphones,433.75,1,0.25,Credit Card,COMPLETED,2025-07-15 00:17:33
ORD-100771,CUST-1013,Nora Jones,Tokyo,Electronics,Bluetooth Speaker,1193.19,5,0.0,Debit Card,COMPLETED,2025-05-11 00:54:31
ORD-100772,CUST-1019,Tony Stark,Berlin,Sports & Outdoors,Hiking Backpack,179.71,2,0.2,Apple Pay,COMPLETED,2025-12-02 02:00:23
ORD-100773,CUST-1008,Ian Malcolm,Tokyo,Books,Sci-Fi Novel,44.2,1,0.1,PayPal,COMPLETED,2025-10-18 20:29:29
ORD-100774,CUST-1009,Julia Roberts,San Francisco,Sports & Outdoors,Dumbbell Set,188.92,2,0.2,Apple Pay,COMPLETED,2025-09-25 09:42:39
ORD-100775,CUST-1006,George Clark,Mumbai,Clothing,Running Shoes,72.04,1,0.0,PayPal,COMPLETED,2025-08-07 17:30:09
ORD-100776,CUST-1001,Bob Jones,Paris,Books,History of Computing,8.75,4,0.25,PayPal,COMPLETED,2025-01-13 23:16:29
ORD-100777,CUST-1017,Rachel Green,Sydney,Books,Data Engineering Handbook,44.0,1,0.0,UPI / Digital Wallet,COMPLETED,2025-03-13 13:38:06
ORD-100778,CUST-1010,Kevin Bacon,Toronto,Electronics,Wireless Headphones,439.96,3,0.05,PayPal,COMPLETED,2025-12-11 09:09:40
ORD-100779,CUST-1003,Diana Prince,San Francisco,Home & Kitchen,Toaster,210.11,1,0.15,Apple Pay,COMPLETED,2025-05-12 01:47:24
ORD-100780,CUST-1010,Kevin Bacon,Paris,Home & Kitchen,Vacuum Cleaner,162.36,2,0.1,Debit Card,PENDING,2025-02-14 04:34:07
ORD-100781,CUST-1012,Michael Scott,Berlin,Books,Economics 101,30.69,3,0.25,Apple Pay,PENDING,2025-09-04 14:41:24
ORD-100782,CUST-1002,Charlie Brown,Toronto,Clothing,Denim Jeans,79.69,3,0.1,Debit Card,COMPLETED,2025-05-07 01:15:31
ORD-100783,CUST-1003,Diana Prince,Sydney,Clothing,Hooded Sweatshirt,34.89,1,0.2,PayPal,COMPLETED,2025-02-16 17:22:11
ORD-100784,CUST-1019,Tony Stark,Mumbai,Sports & Outdoors,Hiking Backpack,110.44,1,0.25,Debit Card,RETURNED,2025-12-18 12:48:06
ORD-100785,CUST-1009,Julia Roberts,Tokyo,Home & Kitchen,Vacuum Cleaner,56.26,1,0.2,PayPal,CANCELLED,2025-07-18 21:46:03
ORD-100786,CUST-1012,Michael Scott,London,Sports & Outdoors,Water Bottle,146.69,1,0.1,Credit Card,COMPLETED,2025-07-19 07:47:58
ORD-100787,CUST-1002,Charlie Brown,Mumbai,Sports & Outdoors,Bicycle Helmet,125.11,1,0.15,PayPal,COMPLETED,2025-04-22 21:25:48
ORD-100788,CUST-1003,Diana Prince,Tokyo,Books,Biography,11.9,1,0.25,Debit Card,COMPLETED,2025-06-24 23:43:21
ORD-100789,CUST-1001,Bob Jones,Paris,Sports & Outdoors,Camping Tent,153.17,1,0.05,UPI / Digital Wallet,RETURNED,2025-12-09 19:10:05
ORD-100790,CUST-1006,George Clark,Toronto,Clothing,Winter Jacket,145.74,1,0.2,UPI / Digital Wallet,COMPLETED,2025-10-07 09:07:50
ORD-100791,CUST-1001,Bob Jones,Sydney,Home & Kitchen,Cookware Set,137.42,2,0.2,Debit Card,COMPLETED,2025-12-24 19:14:21
ORD-100792,CUST-1006,George Clark,Singapore,Electronics,Bluetooth Speaker,106.19,1,0.1,PayPal,CANCELLED,2025-09-03 21:46:02
ORD-100793,CUST-1013,Nora Jones,Tokyo,Books,Economics 101,25.79,1,0.25,Credit Card,COMPLETED,2025-12-19 01:19:03
ORD-100794,CUST-1003,Diana Prince,Berlin,Clothing,Hooded Sweatshirt,32.74,1,0.25,Credit Card,CANCELLED,2025-12-18 22:51:46
ORD-100795,CUST-1013,Nora Jones,Tokyo,Books,Cookbook,33.04,1,0.0,Debit Card,CANCELLED,2025-12-24 15:42:32
ORD-100796,CUST-1012,Michael Scott,London,Clothing,Denim Jeans,31.71,1,0.15,Credit Card,COMPLETED,2025-10-20 04:33:34
ORD-100797,CUST-1001,Bob Jones,San Francisco,Electronics,Smartphone,1018.19,2,0.0,Debit Card,COMPLETED,2025-02-09 12:55:01
ORD-100798,CUST-1001,Bob Jones,San Francisco,Clothing,Sneakers,141.11,1,0.25,UPI / Digital Wallet,COMPLETED,2025-05-28 02:45:39
ORD-100799,CUST-1008,Ian Malcolm,Berlin,Home & Kitchen,Cookware Set,311.46,1,0.25,Apple Pay,CANCELLED,2025-03-06 06:42:10
ORD-100800,CUST-1011,Laura Croft,Berlin,Clothing,Cotton T-Shirt,131.7,1,0.25,Apple Pay,CANCELLED,2025-10-26 06:51:51
ORD-100801,CUST-1007,Hannah Abbott,Sydney,Books,Biography,41.29,1,0.0,Apple Pay,COMPLETED,2025-08-09 05:25:47
ORD-100802,CUST-1006,George Clark,New York,Home & Kitchen,Cookware Set,34.56,1,0.0,Debit Card,RETURNED,2025-07-10 05:58:14
ORD-100803,CUST-1015,Pam Beesly,Paris,Clothing,Cotton T-Shirt,73.95,1,0.1,Credit Card,RETURNED,2025-03-17 17:37:15
ORD-100804,CUST-1018,Steve Rogers,Berlin,Home & Kitchen,Air Fryer,272.87,1,0.1,Credit Card,PENDING,2025-01-16 05:40:15
ORD-100805,CUST-1007,Hannah Abbott,San Francisco,Sports & Outdoors,Bicycle Helmet,49.22,4,0.15,Credit Card,COMPLETED,2025-10-02 13:53:27
ORD-100806,CUST-1018,Steve Rogers,London,Books,Cookbook,20.01,1,0.15,Debit Card,COMPLETED,2025-08-26 02:26:05
ORD-100807,CUST-1000,Alice Smith,Mumbai,Electronics,Laptop,562.66,1,0.15,PayPal,RETURNED,2025-09-18 22:02:02
ORD-100808,CUST-1003,Diana Prince,Singapore,Electronics,Smartphone,76.78,1,0.0,Credit Card,COMPLETED,2025-11-07 05:34:39
ORD-100809,CUST-1010,Kevin Bacon,New York,Sports & Outdoors,Water Bottle,245.55,1,0.05,Credit Card,CANCELLED,2025-07-13 08:57:23
ORD-100810,CUST-1002,Charlie Brown,Paris,Books,Sci-Fi Novel,35.33,3,0.05,UPI / Digital Wallet,CANCELLED,2025-09-16 21:21:44
ORD-100811,CUST-1006,George Clark,London,Electronics,4K Monitor,318.73,4,0.1,Debit Card,CANCELLED,2025-08-20 12:20:36
ORD-100812,CUST-1015,Pam Beesly,Paris,Books,Economics 101,20.07,1,0.1,Debit Card,PENDING,2025-01-07 02:07:48
ORD-100813,CUST-1017,Rachel Green,New York,Sports & Outdoors,Camping Tent,76.03,2,0.0,Apple Pay,COMPLETED,2025-08-04 06:25:05
ORD-100814,CUST-1004,Evan Wright,Paris,Books,History of Computing,20.24,3,0.2,Apple Pay,CANCELLED,2025-04-13 11:39:01
ORD-100815,CUST-1012,Michael Scott,Singapore,Books,History of Computing,30.43,2,0.15,Debit Card,COMPLETED,2025-04-13 06:11:32
ORD-100816,CUST-1018,Steve Rogers,Berlin,Sports & Outdoors,Dumbbell Set,132.37,1,0.1,Credit Card,COMPLETED,2025-04-25 07:30:33
ORD-100817,CUST-1009,Julia Roberts,San Francisco,Clothing,Hooded Sweatshirt,135.58,4,0.2,UPI / Digital Wallet,CANCELLED,2025-02-23 08:35:23
ORD-100818,CUST-1006,George Clark,San Francisco,Books,Sci-Fi Novel,37.79,2,0.15,Credit Card,COMPLETED,2025-04-09 11:54:12
ORD-100819,CUST-1017,Rachel Green,Mumbai,Clothing,Running Shoes,102.56,1,0.0,UPI / Digital Wallet,COMPLETED,2025-10-02 15:35:59
ORD-100820,CUST-1005,Fiona Gallagher,New York,Clothing,Running Shoes,92.06,2,0.15,Apple Pay,COMPLETED,2025-07-10 15:50:36
ORD-100821,CUST-1015,Pam Beesly,Berlin,Electronics,Smartwatch,283.3,1,0.1,PayPal,RETURNED,2025-05-20 02:23:12
ORD-100822,CUST-1004,Evan Wright,Berlin,Electronics,Smartwatch,708.44,1,0.2,PayPal,COMPLETED,2025-07-03 17:26:42
ORD-100823,CUST-1009,Julia Roberts,Singapore,Sports & Outdoors,Yoga Mat,20.36,2,0.2,UPI / Digital Wallet,CANCELLED,2025-05-23 10:01:29
ORD-100824,CUST-1018,Steve Rogers,Berlin,Electronics,Bluetooth Speaker,273.81,1,0.0,Credit Card,CANCELLED,2025-03-31 08:44:01
ORD-100825,CUST-1001,Bob Jones,Sydney,Clothing,Denim Jeans,44.4,1,0.2,Credit Card,RETURNED,2025-12-18 02:22:08
ORD-100826,CUST-1006,George Clark,Paris,Clothing,Hooded Sweatshirt,57.59,5,0.0,Apple Pay,COMPLETED,2025-07-10 13:36:10
ORD-100827,CUST-1014,Oscar Martinez,Toronto,Clothing,Denim Jeans,131.29,1,0.2,Debit Card,COMPLETED,2025-10-12 22:13:16
ORD-100828,CUST-1007,Hannah Abbott,,Clothing,Denim Jeans,111.86,1,0.25,Debit Card,PENDING,2025-06-28 23:21:08
ORD-100829,CUST-1007,Hannah Abbott,Sydney,Sports & Outdoors,Bicycle Helmet,114.13,3,0.25,Credit Card,COMPLETED,2025-07-31 12:19:27
ORD-100830,CUST-1009,Julia Roberts,Singapore,Home & Kitchen,Vacuum Cleaner,130.5,1,0.25,Apple Pay,COMPLETED,2025-11-14 06:06:00
ORD-100831,CUST-1017,Rachel Green,Toronto,Electronics,Smartphone,304.68,1,0.2,UPI / Digital Wallet,COMPLETED,2025-02-08 06:07:55
ORD-100832,CUST-1001,Bob Jones,Tokyo,Electronics,Smartwatch,1062.99,1,0.25,Credit Card,COMPLETED,2025-09-22 13:55:09
ORD-100833,CUST-1012,Michael Scott,Toronto,Home & Kitchen,Air Fryer,191.98,1,0.05,PayPal,CANCELLED,2025-07-07 17:20:39
ORD-100834,CUST-1016,Quentin Tarantino,Singapore,Books,Data Engineering Handbook,37.88,1,0.0,Debit Card,COMPLETED,2025-11-07 03:48:47
ORD-100835,CUST-1019,Tony Stark,Tokyo,Sports & Outdoors,Bicycle Helmet,204.62,1,0.25,Debit Card,COMPLETED,2025-06-22 17:42:20
ORD-100836,CUST-1002,Charlie Brown,Sydney,Sports & Outdoors,Water Bottle,21.18,1,0.0,UPI / Digital Wallet,COMPLETED,2025-05-17 06:37:29
ORD-100837,CUST-1011,Laura Croft,Toronto,Books,Economics 101,39.92,4,0.1,Credit Card,COMPLETED,2025-06-27 15:05:45
ORD-100838,CUST-1002,Charlie Brown,Sydney,Clothing,Running Shoes,58.53,2,0.1,Debit Card,COMPLETED,2025-10-24 20:02:02
ORD-100839,CUST-1014,Oscar Martinez,Mumbai,Sports & Outdoors,Camping Tent,227.82,1,0.05,PayPal,RETURNED,2025-04-06 00:04:29
ORD-100840,CUST-1015,Pam Beesly,Mumbai,Electronics,4K Monitor,474.06,3,0.2,PayPal,COMPLETED,2025-12-25 14:17:50
ORD-100841,CUST-1011,Laura Croft,Mumbai,Sports & Outdoors,Yoga Mat,35.38,1,0.2,Apple Pay,COMPLETED,2025-09-19 12:48:43
ORD-100842,CUST-1007,Hannah Abbott,Toronto,Electronics,Bluetooth Speaker,504.93,1,0.15,PayPal,CANCELLED,2025-02-09 16:03:14
ORD-100843,CUST-1004,Evan Wright,Berlin,Clothing,Denim Jeans,47.78,4,0.0,Apple Pay,PENDING,2025-12-30 23:58:06
ORD-100844,CUST-1017,Rachel Green,Sydney,Home & Kitchen,Espresso Machine,194.1,1,0.05,Debit Card,COMPLETED,2025-12-03 18:02:06
ORD-100845,CUST-1008,Ian Malcolm,Paris,Clothing,Cotton T-Shirt,87.58,4,0.1,Credit Card,COMPLETED,2025-03-07 10:24:34
ORD-100846,CUST-1011,Laura Croft,New York,Books,Cookbook,35.07,1,0.0,Credit Card,COMPLETED,2025-11-07 12:13:36
ORD-100847,CUST-1013,Nora Jones,London,Electronics,4K Monitor,851.37,1,0.05,UPI / Digital Wallet,CANCELLED,2025-12-28 02:06:14
ORD-100848,CUST-1015,Pam Beesly,Tokyo,Home & Kitchen,Vacuum Cleaner,269.39,4,0.25,UPI / Digital Wallet,COMPLETED,2025-06-15 08:50:24
ORD-100849,CUST-1016,Quentin Tarantino,London,Sports & Outdoors,Bicycle Helmet,141.02,3,0.05,Credit Card,COMPLETED,2025-05-22 00:35:12
ORD-100850,CUST-1013,Nora Jones,Singapore,Clothing,Winter Jacket,145.56,2,0.2,Credit Card,COMPLETED,2025-07-28 15:02:28
ORD-100851,CUST-1019,Tony Stark,Mumbai,Sports & Outdoors,Bicycle Helmet,110.01,3,0.15,UPI / Digital Wallet,PENDING,2025-04-18 14:29:19
ORD-100852,CUST-1014,Oscar Martinez,Paris,Books,Biography,41.19,2,0.15,PayPal,RETURNED,2025-06-20 07:40:35
ORD-100853,CUST-1016,Quentin Tarantino,London,Books,Cookbook,24.1,1,0.15,Credit Card,RETURNED,2025-08-29 04:47:20
ORD-100854,CUST-1001,Bob Jones,Toronto,Home & Kitchen,Espresso Machine,303.47,1,0.0,UPI / Digital Wallet,CANCELLED,2025-11-22 03:14:29
ORD-100855,CUST-1008,Ian Malcolm,London,Home & Kitchen,Espresso Machine,27.22,4,0.15,Apple Pay,CANCELLED,2025-07-07 09:11:16
ORD-100856,CUST-1009,Julia Roberts,Singapore,Home & Kitchen,Cookware Set,153.65,1,0.25,Apple Pay,RETURNED,2025-07-22 21:07:40
ORD-100857,CUST-1019,Tony Stark,Sydney,Home & Kitchen,Toaster,88.62,5,0.1,Apple Pay,CANCELLED,2025-10-05 14:00:33
ORD-100858,CUST-1012,Michael Scott,London,Books,Sci-Fi Novel,42.06,1,0.15,Apple Pay,COMPLETED,2025-09-29 12:31:00
ORD-100859,CUST-1006,George Clark,Paris,Home & Kitchen,Cookware Set,40.98,2,0.1,PayPal,CANCELLED,2025-01-03 17:06:57
ORD-100860,CUST-1000,Alice Smith,Berlin,Electronics,Bluetooth Speaker,912.98,1,0.05,Credit Card,COMPLETED,2025-12-31 23:36:13
ORD-100861,CUST-1019,Tony Stark,San Francisco,Sports & Outdoors,Dumbbell Set,149.66,1,0.15,Apple Pay,COMPLETED,2025-06-28 02:41:34
ORD-100862,CUST-1018,Steve Rogers,San Francisco,Clothing,Denim Jeans,54.08,1,0.2,Credit Card,COMPLETED,2025-11-21 15:05:04
ORD-100863,CUST-1008,Ian Malcolm,Sydney,Sports & Outdoors,Dumbbell Set,216.14,1,0.05,UPI / Digital Wallet,PENDING,2025-08-19 04:36:50
ORD-100864,CUST-1018,Steve Rogers,Mumbai,Home & Kitchen,Blender,110.98,2,0.05,Credit Card,COMPLETED,2025-01-05 12:49:09
ORD-100865,CUST-1002,Charlie Brown,Toronto,Clothing,Sneakers,56.36,2,0.2,UPI / Digital Wallet,RETURNED,2025-11-03 12:48:27
ORD-100866,CUST-1019,Tony Stark,Sydney,Home & Kitchen,Vacuum Cleaner,327.7,1,0.2,PayPal,COMPLETED,2025-02-08 15:47:33
ORD-100867,CUST-1019,Tony Stark,Tokyo,Sports & Outdoors,Yoga Mat,134.54,2,0.05,Credit Card,COMPLETED,2025-03-26 19:17:30
ORD-100868,CUST-1002,Charlie Brown,New York,Electronics,Wireless Headphones,267.59,1,0.0,Debit Card,COMPLETED,2025-02-16 16:30:11
ORD-100869,CUST-1007,Hannah Abbott,Mumbai,Home & Kitchen,Blender,149.61,4,0.1,Credit Card,RETURNED,2025-06-29 04:11:25
ORD-100870,CUST-1018,Steve Rogers,Tokyo,Books,Biography,21.3,2,0.05,Apple Pay,COMPLETED,2025-05-14 21:19:24
ORD-100871,CUST-1002,Charlie Brown,Berlin,Clothing,Winter Jacket,40.92,3,0.0,PayPal,COMPLETED,2025-02-15 03:52:57
ORD-100872,CUST-1019,Tony Stark,Singapore,Books,Cookbook,14.23,5,0.05,Apple Pay,COMPLETED,2025-01-31 19:26:47
ORD-100873,CUST-1000,Alice Smith,Singapore,Clothing,Running Shoes,22.87,5,0.05,Apple Pay,CANCELLED,2025-07-31 21:27:37
ORD-100874,CUST-1003,Diana Prince,Sydney,Clothing,Sneakers,62.43,2,0.15,PayPal,PENDING,2025-07-01 18:56:34
ORD-100875,CUST-1008,Ian Malcolm,Paris,Clothing,Sneakers,117.76,1,0.25,PayPal,PENDING,2025-12-16 07:32:36
ORD-100876,CUST-1001,Bob Jones,Singapore,Electronics,Bluetooth Speaker,1029.54,3,0.1,PayPal,COMPLETED,2025-02-16 23:15:39
ORD-100877,CUST-1014,Oscar Martinez,New York,Books,Cookbook,15.03,1,0.2,PayPal,COMPLETED,2025-04-28 16:06:10
ORD-100878,CUST-1005,Fiona Gallagher,Berlin,Electronics,Smartwatch,968.75,1,0.0,Apple Pay,PENDING,2025-05-12 09:48:52
ORD-100879,CUST-1004,Evan Wright,Singapore,Sports & Outdoors,Yoga Mat,61.81,1,0.0,Apple Pay,COMPLETED,2025-12-16 18:27:25
ORD-100880,CUST-1011,Laura Croft,Sydney,Electronics,4K Monitor,348.03,2,0.2,PayPal,CANCELLED,2025-02-03 16:40:12
ORD-100881,CUST-1010,Kevin Bacon,New York,Sports & Outdoors,Water Bottle,67.68,4,0.2,Debit Card,COMPLETED,2025-01-13 21:51:35
ORD-100882,CUST-1001,Bob Jones,San Francisco,Electronics,Laptop,546.56,2,0.25,Credit Card,PENDING,2025-01-29 03:17:18
ORD-100883,CUST-1004,Evan Wright,Berlin,Books,Cookbook,19.68,1,0.15,UPI / Digital Wallet,CANCELLED,2025-10-16 08:37:35
ORD-100884,CUST-1018,Steve Rogers,New York,Clothing,Running Shoes,140.15,1,0.0,Apple Pay,CANCELLED,2025-08-17 14:43:26
ORD-100885,CUST-1016,Quentin Tarantino,Mumbai,Clothing,Denim Jeans,15.69,1,0.1,UPI / Digital Wallet,COMPLETED,2025-08-28 10:59:36
ORD-100886,CUST-1018,Steve Rogers,New York,Clothing,Sneakers,140.19,1,0.2,Credit Card,RETURNED,2025-09-18 07:55:48
ORD-100887,CUST-1011,Laura Croft,Singapore,Clothing,Hooded Sweatshirt,45.66,1,0.05,UPI / Digital Wallet,COMPLETED,2025-09-29 23:50:13
ORD-100888,CUST-1009,Julia Roberts,Berlin,Electronics,Bluetooth Speaker,53.06,1,0.05,Debit Card,COMPLETED,2025-06-21 22:08:24
ORD-100889,CUST-1015,Pam Beesly,Sydney,Home & Kitchen,Espresso Machine,330.27,2,0.05,Debit Card,PENDING,2025-12-20 23:43:39
ORD-100890,CUST-1015,Pam Beesly,Toronto,Electronics,Smartwatch,1020.49,2,0.0,Apple Pay,RETURNED,2025-10-21 00:02:48
ORD-100891,CUST-1009,Julia Roberts,Tokyo,Sports & Outdoors,Camping Tent,173.41,1,0.1,PayPal,COMPLETED,2025-10-13 08:07:55
ORD-100892,CUST-1001,Bob Jones,New York,Books,History of Computing,31.03,1,0.1,Credit Card,PENDING,2025-07-20 14:58:38
ORD-100893,CUST-1003,Diana Prince,San Francisco,Electronics,Smartwatch,209.33,1,0.15,Debit Card,COMPLETED,2025-12-29 07:53:30
ORD-100894,CUST-1017,Rachel Green,San Francisco,Sports & Outdoors,Yoga Mat,114.84,3,0.05,Debit Card,COMPLETED,2025-11-12 12:40:06
ORD-100895,CUST-1008,Ian Malcolm,Berlin,Books,Data Engineering Handbook,39.85,2,0.0,PayPal,COMPLETED,2025-09-18 07:28:51
ORD-100896,CUST-1001,Bob Jones,London,Sports & Outdoors,Dumbbell Set,124.97,1,0.2,Apple Pay,RETURNED,2025-08-12 07:56:12
ORD-100897,CUST-1003,Diana Prince,London,Clothing,Winter Jacket,20.62,1,0.1,Debit Card,CANCELLED,2025-08-02 04:06:16
ORD-100898,CUST-1013,Nora Jones,Tokyo,Sports & Outdoors,Camping Tent,181.06,4,0.15,PayPal,CANCELLED,2025-10-10 19:41:21
ORD-100899,CUST-1009,Julia Roberts,Paris,Electronics,Smartwatch,1145.79,2,0.1,UPI / Digital Wallet,COMPLETED,2025-05-16 11:10:54
ORD-100900,CUST-1014,Oscar Martinez,Mumbai,Books,History of Computing,38.52,1,0.0,PayPal,COMPLETED,2025-10-13 07:46:29
ORD-100901,CUST-1004,Evan Wright,San Francisco,Home & Kitchen,Vacuum Cleaner,72.34,1,0.15,Apple Pay,COMPLETED,2025-03-13 01:34:37
ORD-100902,CUST-1010,Kevin Bacon,Mumbai,Books,Economics 101,41.43,1,0.15,Debit Card,COMPLETED,2025-04-27 21:31:03
ORD-100903,CUST-1000,Alice Smith,New York,Books,Data Engineering Handbook,18.8,1,0.05,Debit Card,CANCELLED,2025-09-17 17:17:03
ORD-100904,CUST-1000,Alice Smith,Toronto,Home & Kitchen,Air Fryer,172.8,3,0.25,PayPal,CANCELLED,2025-03-14 11:28:30
ORD-100905,CUST-1012,Michael Scott,New York,Home & Kitchen,Espresso Machine,107.64,1,0.2,Credit Card,COMPLETED,2025-06-25 17:30:07
ORD-100906,CUST-1015,Pam Beesly,Toronto,Home & Kitchen,Espresso Machine,62.29,4,0.25,Apple Pay,CANCELLED,2025-12-21 20:06:39
ORD-100907,CUST-1012,Michael Scott,Toronto,Electronics,4K Monitor,246.35,4,0.0,PayPal,CANCELLED,2025-11-15 08:08:23
ORD-100908,CUST-1001,Bob Jones,Mumbai,Sports & Outdoors,Bicycle Helmet,72.79,1,0.1,PayPal,PENDING,2025-01-21 09:21:05
ORD-100909,CUST-1009,Julia Roberts,Toronto,Home & Kitchen,Vacuum Cleaner,26.88,1,0.25,Apple Pay,PENDING,2025-01-22 03:22:11
ORD-100910,CUST-1004,Evan Wright,Paris,Books,Data Engineering Handbook,38.51,5,0.1,Credit Card,CANCELLED,2025-02-15 09:52:59
ORD-100911,CUST-1013,Nora Jones,San Francisco,Sports & Outdoors,Yoga Mat,55.99,2,0.15,UPI / Digital Wallet,COMPLETED,2025-10-03 14:51:15
ORD-100912,CUST-1002,Charlie Brown,London,Clothing,Hooded Sweatshirt,45.7,2,0.15,Debit Card,COMPLETED,2025-01-14 10:55:21
ORD-100913,CUST-1005,Fiona Gallagher,Tokyo,Electronics,Bluetooth Speaker,877.7,3,0.1,Credit Card,PENDING,2025-03-05 19:07:50
ORD-100914,CUST-1008,Ian Malcolm,Sydney,Electronics,Laptop,241.13,1,0.1,Debit Card,COMPLETED,2025-07-21 13:42:02
ORD-100915,CUST-1009,Julia Roberts,Paris,Books,Economics 101,11.05,1,0.05,UPI / Digital Wallet,COMPLETED,2025-09-11 01:16:25
ORD-100916,CUST-1011,Laura Croft,Mumbai,Electronics,Bluetooth Speaker,1139.95,1,0.05,PayPal,CANCELLED,2025-05-12 22:31:21
ORD-100917,CUST-1018,Steve Rogers,Tokyo,Clothing,Denim Jeans,32.84,2,0.1,Credit Card,COMPLETED,2025-02-16 00:39:21
ORD-100918,CUST-1004,Evan Wright,,Sports & Outdoors,Camping Tent,169.25,3,0.25,PayPal,PENDING,2025-05-27 13:31:18
ORD-100919,CUST-1004,Evan Wright,Tokyo,Sports & Outdoors,Yoga Mat,213.89,2,0.25,Credit Card,COMPLETED,2025-01-17 03:11:37
ORD-100920,CUST-1016,Quentin Tarantino,Tokyo,Sports & Outdoors,Bicycle Helmet,103.22,1,0.1,Apple Pay,COMPLETED,2025-01-07 17:35:35
ORD-100921,CUST-1019,Tony Stark,Paris,Books,Data Engineering Handbook,23.58,5,0.25,Credit Card,COMPLETED,2025-05-16 06:40:07
ORD-100922,CUST-1018,Steve Rogers,San Francisco,Books,History of Computing,35.84,2,0.0,UPI / Digital Wallet,COMPLETED,2025-05-16 18:15:18
ORD-100923,CUST-1012,Michael Scott,London,Electronics,Bluetooth Speaker,857.29,2,0.15,UPI / Digital Wallet,COMPLETED,2025-03-06 16:02:51
ORD-100924,CUST-1017,Rachel Green,London,Clothing,Denim Jeans,106.89,1,0.25,Credit Card,COMPLETED,2025-04-21 11:53:22
ORD-100925,CUST-1010,Kevin Bacon,Singapore,Electronics,Bluetooth Speaker,479.92,1,0.1,PayPal,PENDING,2025-11-25 18:51:45
ORD-100926,CUST-1006,George Clark,Tokyo,Home & Kitchen,Toaster,210.67,1,0.25,UPI / Digital Wallet,PENDING,2025-07-08 07:28:41
ORD-100927,CUST-1012,Michael Scott,Paris,Clothing,Running Shoes,123.08,1,0.2,Apple Pay,COMPLETED,2025-06-07 14:33:46
ORD-100928,CUST-1002,Charlie Brown,Singapore,Electronics,Smartwatch,243.02,1,0.05,UPI / Digital Wallet,COMPLETED,2025-09-19 19:58:23
ORD-100929,CUST-1004,Evan Wright,Sydney,Sports & Outdoors,Bicycle Helmet,20.89,1,0.15,UPI / Digital Wallet,PENDING,2025-02-23 11:14:36
ORD-100930,CUST-1018,Steve Rogers,,Electronics,Bluetooth Speaker,570.27,1,0.0,Apple Pay,CANCELLED,2025-10-28 21:51:09
ORD-100931,CUST-1010,Kevin Bacon,Paris,Clothing,Denim Jeans,32.94,1,0.15,Debit Card,COMPLETED,2025-12-25 18:47:49
ORD-100932,CUST-1013,Nora Jones,Singapore,Books,Cookbook,23.59,4,0.05,Apple Pay,COMPLETED,2025-11-19 17:03:04
ORD-100933,CUST-1008,Ian Malcolm,Paris,Clothing,Winter Jacket,74.56,3,0.05,PayPal,RETURNED,2025-03-07 20:57:39
ORD-100934,CUST-1000,Alice Smith,New York,Clothing,Hooded Sweatshirt,55.99,3,0.25,Debit Card,CANCELLED,2025-04-12 11:33:24
ORD-100935,CUST-1004,Evan Wright,Sydney,Home & Kitchen,Espresso Machine,265.09,1,0.05,UPI / Digital Wallet,CANCELLED,2025-11-20 13:28:12
ORD-100936,CUST-1015,Pam Beesly,Mumbai,Sports & Outdoors,Camping Tent,27.53,2,0.15,UPI / Digital Wallet,COMPLETED,2025-07-08 01:55:24
ORD-100937,CUST-1009,Julia Roberts,San Francisco,Electronics,Wireless Headphones,88.74,1,0.0,Debit Card,COMPLETED,2025-06-06 08:47:59
ORD-100938,CUST-1001,Bob Jones,Toronto,Clothing,Sneakers,31.12,3,0.2,Apple Pay,PENDING,2025-06-13 03:05:05
ORD-100939,CUST-1004,Evan Wright,Singapore,Home & Kitchen,Toaster,290.53,1,0.05,UPI / Digital Wallet,CANCELLED,2025-06-02 10:38:23
ORD-100940,CUST-1016,Quentin Tarantino,San Francisco,Sports & Outdoors,Yoga Mat,195.27,2,0.0,Debit Card,COMPLETED,2025-08-23 02:35:15
ORD-100941,CUST-1017,Rachel Green,Singapore,Books,Economics 101,34.54,2,0.05,Apple Pay,COMPLETED,2025-07-11 12:15:57
ORD-100942,CUST-1017,Rachel Green,Sydney,Home & Kitchen,Air Fryer,125.31,1,0.0,Apple Pay,COMPLETED,2025-08-06 09:27:02
ORD-100943,CUST-1017,Rachel Green,Singapore,Books,History of Computing,17.26,2,0.0,UPI / Digital Wallet,COMPLETED,2025-06-30 14:06:24
ORD-100944,CUST-1016,Quentin Tarantino,Singapore,Electronics,Smartwatch,1051.27,1,0.1,Apple Pay,PENDING,2025-01-15 15:31:09
ORD-100945,CUST-1002,Charlie Brown,Tokyo,Clothing,Cotton T-Shirt,52.0,1,0.0,PayPal,RETURNED,2025-09-19 19:42:21
ORD-100946,CUST-1009,Julia Roberts,Tokyo,Clothing,Cotton T-Shirt,65.84,2,0.25,Apple Pay,COMPLETED,2025-05-20 23:01:57
ORD-100947,CUST-1012,Michael Scott,Tokyo,Sports & Outdoors,Hiking Backpack,50.74,2,0.25,UPI / Digital Wallet,COMPLETED,2025-05-14 09:47:09
ORD-100948,CUST-1009,,,Sports & Outdoors,Water Bottle,208.9,2,0.15,Credit Card,COMPLETED,2025-12-31 05:35:13
ORD-100949,CUST-1008,Ian Malcolm,Singapore,Clothing,Sneakers,62.28,1,0.1,PayPal,CANCELLED,2025-05-01 05:28:11
ORD-100950,CUST-1006,George Clark,Paris,Home & Kitchen,Air Fryer,222.37,1,0.05,Credit Card,COMPLETED,2025-12-09 06:19:44
ORD-100951,CUST-1019,Tony Stark,New York,Sports & Outdoors,Dumbbell Set,142.24,1,0.0,Apple Pay,CANCELLED,2025-10-20 17:16:12
ORD-100952,CUST-1005,Fiona Gallagher,,Sports & Outdoors,Hiking Backpack,212.11,2,0.25,PayPal,RETURNED,2025-02-21 02:15:26
ORD-100953,CUST-1001,Bob Jones,Mumbai,Sports & Outdoors,Camping Tent,230.84,1,0.05,Apple Pay,COMPLETED,2025-05-28 19:56:44
ORD-100954,CUST-1005,Fiona Gallagher,San Francisco,Sports & Outdoors,Water Bottle,229.18,2,0.1,Debit Card,COMPLETED,2025-03-16 13:31:42
ORD-100955,CUST-1007,Hannah Abbott,New York,Sports & Outdoors,Hiking Backpack,129.03,1,0.2,UPI / Digital Wallet,COMPLETED,2025-12-14 12:51:42
ORD-100956,CUST-1012,Michael Scott,Singapore,Sports & Outdoors,Water Bottle,229.01,1,0.05,Debit Card,COMPLETED,2025-08-05 06:15:04
ORD-100957,CUST-1008,Ian Malcolm,Toronto,Electronics,Smartwatch,1092.66,1,0.0,UPI / Digital Wallet,COMPLETED,2025-05-09 04:09:52
ORD-100958,CUST-1011,Laura Croft,Mumbai,Clothing,Sneakers,74.49,1,0.15,Debit Card,COMPLETED,2025-10-23 05:58:03
ORD-100959,CUST-1015,Pam Beesly,Tokyo,Home & Kitchen,Cookware Set,184.97,1,0.15,PayPal,PENDING,2025-07-20 19:48:54
ORD-100960,CUST-1018,Steve Rogers,San Francisco,Sports & Outdoors,Yoga Mat,108.92,1,0.15,Debit Card,CANCELLED,2025-08-09 02:47:46
ORD-100961,CUST-1014,Oscar Martinez,Toronto,Electronics,4K Monitor,915.59,1,0.0,Credit Card,COMPLETED,2025-07-26 10:42:44
ORD-100962,CUST-1003,Diana Prince,Mumbai,Sports & Outdoors,Bicycle Helmet,139.85,5,0.25,UPI / Digital Wallet,COMPLETED,2025-06-19 23:33:20
ORD-100963,CUST-1013,Nora Jones,London,Electronics,Bluetooth Speaker,599.52,1,0.2,Debit Card,CANCELLED,2025-06-24 15:52:00
ORD-100964,CUST-1001,Bob Jones,Singapore,Electronics,Smartwatch,922.65,4,0.2,Debit Card,COMPLETED,2025-06-18 15:38:24
ORD-100965,CUST-1015,Pam Beesly,London,Electronics,Smartphone,930.64,1,0.25,Apple Pay,PENDING,2025-03-12 14:56:28
ORD-100966,CUST-1010,Kevin Bacon,Paris,Clothing,Winter Jacket,118.35,1,0.25,UPI / Digital Wallet,COMPLETED,2025-01-18 17:07:31
ORD-100967,CUST-1005,Fiona Gallagher,Sydney,Electronics,4K Monitor,218.54,2,0.15,Debit Card,COMPLETED,2025-03-03 23:23:52
ORD-100968,CUST-1010,Kevin Bacon,Berlin,Sports & Outdoors,Yoga Mat,219.95,3,0.2,Credit Card,COMPLETED,2025-08-02 12:23:36
ORD-100969,CUST-1008,Ian Malcolm,Toronto,Home & Kitchen,Toaster,240.37,4,0.0,Debit Card,COMPLETED,2025-05-18 06:34:31
ORD-100970,CUST-1005,Fiona Gallagher,Tokyo,Electronics,Bluetooth Speaker,310.65,5,0.25,Apple Pay,COMPLETED,2025-04-03 23:57:59
ORD-100971,CUST-1001,,Toronto,Clothing,Sneakers,88.66,2,0.15,Apple Pay,PENDING,2025-02-17 20:37:59
ORD-100972,CUST-1005,Fiona Gallagher,Berlin,Clothing,Running Shoes,118.68,2,0.05,Apple Pay,COMPLETED,2025-10-20 08:17:24
ORD-100973,CUST-1012,Michael Scott,Paris,Clothing,Sneakers,119.21,3,0.0,Debit Card,COMPLETED,2025-01-20 09:05:15
ORD-100974,CUST-1011,Laura Croft,London,Home & Kitchen,Espresso Machine,333.29,2,0.0,Apple Pay,CANCELLED,2025-02-08 20:33:50
ORD-100975,CUST-1003,Diana Prince,Sydney,Home & Kitchen,Espresso Machine,297.63,3,0.25,Apple Pay,COMPLETED,2025-11-09 06:47:39
ORD-100976,CUST-1012,Michael Scott,Toronto,Sports & Outdoors,Water Bottle,225.96,1,0.05,UPI / Digital Wallet,RETURNED,2025-05-08 10:13:36
ORD-100977,CUST-1006,,Sydney,Books,History of Computing,24.07,1,0.25,Debit Card,COMPLETED,2025-11-09 11:20:13
ORD-100978,CUST-1004,Evan Wright,Sydney,Home & Kitchen,Espresso Machine,325.65,1,0.1,UPI / Digital Wallet,PENDING,2025-09-24 12:42:57
ORD-100979,CUST-1003,Diana Prince,Singapore,Clothing,Running Shoes,94.85,1,0.15,Credit Card,COMPLETED,2025-11-26 02:48:52
ORD-100980,CUST-1004,Evan Wright,New York,Home & Kitchen,Toaster,248.93,1,0.05,Credit Card,COMPLETED,2025-11-29 22:56:13
ORD-100981,CUST-1015,Pam Beesly,Sydney,Books,History of Computing,21.99,2,0.25,PayPal,PENDING,2025-11-20 11:32:44
ORD-100982,CUST-1013,Nora Jones,New York,Clothing,Hooded Sweatshirt,100.11,5,0.2,UPI / Digital Wallet,COMPLETED,2025-08-19 12:28:09
ORD-100983,CUST-1016,Quentin Tarantino,Tokyo,Clothing,Winter Jacket,19.57,1,0.25,Debit Card,RETURNED,2025-08-02 10:08:01
ORD-100984,CUST-1005,Fiona Gallagher,Tokyo,Sports & Outdoors,Bicycle Helmet,138.71,3,0.15,UPI / Digital Wallet,COMPLETED,2025-09-18 17:36:49
ORD-100985,CUST-1010,Kevin Bacon,New York,Sports & Outdoors,Bicycle Helmet,55.56,2,0.05,Credit Card,COMPLETED,2025-06-01 06:39:44
ORD-100986,CUST-1015,Pam Beesly,Singapore,Home & Kitchen,Toaster,285.25,1,0.2,Apple Pay,COMPLETED,2025-11-09 10:53:01
ORD-100987,CUST-1002,Charlie Brown,Mumbai,Clothing,Running Shoes,71.52,1,0.1,PayPal,COMPLETED,2025-03-03 13:14:37
ORD-100988,CUST-1001,Bob Jones,New York,Clothing,Cotton T-Shirt,91.56,1,0.05,PayPal,RETURNED,2025-03-12 19:46:54
ORD-100989,CUST-1012,Michael Scott,San Francisco,Electronics,4K Monitor,669.8,2,0.15,Apple Pay,CANCELLED,2025-05-27 11:29:00
ORD-100990,CUST-1001,Bob Jones,,Electronics,Smartphone,985.48,4,0.0,Credit Card,COMPLETED,2025-06-01 06:02:00
ORD-100991,CUST-1016,Quentin Tarantino,Sydney,Home & Kitchen,Air Fryer,326.35,2,0.0,UPI / Digital Wallet,CANCELLED,2025-04-07 05:54:01
ORD-100992,CUST-1013,Nora Jones,Singapore,Clothing,Winter Jacket,120.68,3,0.25,Apple Pay,COMPLETED,2025-11-13 03:31:19
ORD-100993,CUST-1007,,Singapore,Clothing,Cotton T-Shirt,37.69,2,0.0,Apple Pay,COMPLETED,2025-11-09 05:18:21
ORD-100994,CUST-1007,Hannah Abbott,New York,Books,Cookbook,29.93,4,0.05,Apple Pay,RETURNED,2025-02-25 02:19:37
ORD-100995,CUST-1018,Steve Rogers,New York,Electronics,4K Monitor,272.74,1,0.1,Apple Pay,COMPLETED,2025-09-13 14:41:58
ORD-100996,CUST-1001,Bob Jones,Toronto,Sports & Outdoors,Yoga Mat,79.57,3,0.25,Credit Card,CANCELLED,2025-04-01 02:52:30
ORD-100997,CUST-1006,George Clark,Sydney,Clothing,Hooded Sweatshirt,141.53,1,0.0,PayPal,COMPLETED,2025-11-12 11:47:12
ORD-100998,CUST-1018,Steve Rogers,Sydney,Home & Kitchen,Espresso Machine,204.47,1,0.2,Debit Card,COMPLETED,2025-11-05 12:21:51
ORD-100999,CUST-1008,Ian Malcolm,New York,Home & Kitchen,Espresso Machine,260.21,1,0.15,Debit Card,CANCELLED,2025-03-04 10:12:06
ORD-101000,CUST-1003,Diana Prince,Toronto,Home & Kitchen,Cookware Set,129.01,1,0.25,PayPal,COMPLETED,2025-12-20 09:16:20
ORD-101001,CUST-1009,Julia Roberts,Singapore,Home & Kitchen,Cookware Set,270.53,1,0.05,Debit Card,COMPLETED,2025-10-06 03:25:15
ORD-101002,CUST-1012,Michael Scott,Mumbai,Electronics,Smartwatch,109.14,3,0.05,UPI / Digital Wallet,RETURNED,2025-07-12 01:52:40
ORD-101003,CUST-1017,Rachel Green,London,Home & Kitchen,Blender,246.88,1,0.2,Debit Card,PENDING,2025-07-13 13:18:51
ORD-101004,CUST-1003,Diana Prince,Singapore,Electronics,Smartphone,637.4,3,0.25,PayPal,COMPLETED,2025-12-22 08:25:35
ORD-101005,CUST-1002,Charlie Brown,Paris,Books,Data Engineering Handbook,15.44,3,0.15,PayPal,PENDING,2025-11-20 03:58:31
ORD-101006,CUST-1006,George Clark,Toronto,Electronics,Wireless Headphones,68.97,3,0.15,Debit Card,COMPLETED,2025-08-11 11:10:07
ORD-101007,CUST-1000,Alice Smith,Paris,Books,Data Engineering Handbook,18.26,2,0.2,Apple Pay,PENDING,2025-02-28 02:01:06
ORD-101008,CUST-1002,Charlie Brown,Sydney,Clothing,Cotton T-Shirt,64.47,1,0.2,UPI / Digital Wallet,COMPLETED,2025-01-22 18:38:03
ORD-101009,CUST-1001,Bob Jones,Mumbai,Clothing,Running Shoes,128.8,3,0.05,Apple Pay,CANCELLED,2025-02-02 20:26:13
ORD-101010,CUST-1010,Kevin Bacon,New York,Books,Economics 101,14.11,1,0.25,Apple Pay,COMPLETED,2025-01-15 17:34:14
ORD-101011,CUST-1003,Diana Prince,Sydney,Electronics,4K Monitor,722.69,1,0.05,Credit Card,RETURNED,2025-04-24 09:15:14
ORD-101012,CUST-1014,Oscar Martinez,London,Electronics,Bluetooth Speaker,185.94,2,0.05,Apple Pay,CANCELLED,2025-11-05 12:03:52
ORD-101013,CUST-1013,Nora Jones,Mumbai,Clothing,Winter Jacket,99.17,2,0.0,Apple Pay,PENDING,2025-06-27 22:12:58
ORD-101014,CUST-1004,Evan Wright,Tokyo,Home & Kitchen,Cookware Set,153.48,1,0.15,Apple Pay,COMPLETED,2025-02-06 03:37:36
ORD-101015,CUST-1007,Hannah Abbott,,Books,Economics 101,13.39,2,0.25,PayPal,COMPLETED,2025-01-06 06:09:25
ORD-101016,CUST-1005,Fiona Gallagher,London,Books,Data Engineering Handbook,14.45,2,0.05,UPI / Digital Wallet,PENDING,2025-02-19 22:28:58
ORD-101017,CUST-1014,Oscar Martinez,San Francisco,Sports & Outdoors,Yoga Mat,29.96,1,0.2,Credit Card,COMPLETED,2025-10-02 17:57:32
ORD-101018,CUST-1014,Oscar Martinez,Singapore,Books,Economics 101,23.4,3,0.1,Apple Pay,COMPLETED,2025-01-08 20:34:34
ORD-101019,CUST-1000,Alice Smith,Toronto,Sports & Outdoors,Yoga Mat,125.1,4,0.15,Credit Card,COMPLETED,2025-02-22 17:42:22
ORD-101020,CUST-1004,Evan Wright,,Home & Kitchen,Espresso Machine,192.84,2,0.1,PayPal,CANCELLED,2025-11-18 19:02:37
ORD-101021,CUST-1005,,London,Home & Kitchen,Air Fryer,112.06,2,0.2,UPI / Digital Wallet,COMPLETED,2025-06-29 01:22:14
ORD-101022,CUST-1015,Pam Beesly,Tokyo,Books,Data Engineering Handbook,34.12,1,0.1,PayPal,CANCELLED,2025-11-23 17:54:12
ORD-101023,CUST-1001,Bob Jones,San Francisco,Books,Cookbook,30.59,1,0.1,Apple Pay,COMPLETED,2025-04-06 06:44:39
ORD-101024,CUST-1015,Pam Beesly,London,Clothing,Sneakers,26.39,3,0.05,Credit Card,COMPLETED,2025-07-13 22:54:08
ORD-101025,CUST-1002,Charlie Brown,San Francisco,Electronics,Bluetooth Speaker,596.81,1,0.1,UPI / Digital Wallet,COMPLETED,2025-03-05 17:33:28
ORD-101026,CUST-1000,Alice Smith,Toronto,Sports & Outdoors,Yoga Mat,115.06,1,0.2,PayPal,COMPLETED,2025-07-14 03:01:56
ORD-101027,CUST-1011,Laura Croft,New York,Electronics,Bluetooth Speaker,516.58,1,0.2,Credit Card,CANCELLED,2025-03-26 08:46:59
ORD-101028,CUST-1001,Bob Jones,New York,Electronics,Laptop,425.81,1,0.0,PayPal,COMPLETED,2025-01-29 00:17:20
ORD-101029,CUST-1006,George Clark,London,Home & Kitchen,Cookware Set,41.41,2,0.25,Debit Card,COMPLETED,2025-02-26 23:29:41
ORD-101030,CUST-1009,Julia Roberts,San Francisco,Sports & Outdoors,Water Bottle,25.26,2,0.0,Apple Pay,PENDING,2025-03-09 00:21:33
ORD-101031,CUST-1018,Steve Rogers,Mumbai,Clothing,Winter Jacket,49.24,1,0.0,Credit Card,COMPLETED,2025-07-18 10:07:56
ORD-101032,CUST-1011,Laura Croft,London,Home & Kitchen,Blender,342.47,-1,0.25,UPI / Digital Wallet,COMPLETED,2025-10-14 10:59:53
ORD-101033,CUST-1002,Charlie Brown,San Francisco,Home & Kitchen,Blender,201.36,1,0.15,Credit Card,COMPLETED,2025-11-08 10:25:37
ORD-101034,CUST-1009,Julia Roberts,San Francisco,Home & Kitchen,Cookware Set,128.61,1,0.25,Apple Pay,COMPLETED,2025-11-17 00:25:22
ORD-101035,CUST-1014,Oscar Martinez,Sydney,Home & Kitchen,Vacuum Cleaner,94.35,1,0.05,PayPal,COMPLETED,2025-06-28 08:29:39
ORD-101036,CUST-1015,Pam Beesly,Toronto,Sports & Outdoors,Hiking Backpack,128.16,1,0.15,PayPal,COMPLETED,2025-12-06 20:00:26
ORD-101037,CUST-1019,Tony Stark,Berlin,Books,Sci-Fi Novel,42.52,1,0.0,Apple Pay,RETURNED,2025-09-24 21:00:48
ORD-101038,CUST-1015,Pam Beesly,Sydney,Clothing,Denim Jeans,149.08,2,0.2,UPI / Digital Wallet,CANCELLED,2025-09-13 03:18:23
ORD-101039,CUST-1007,,Tokyo,Books,Data Engineering Handbook,30.93,1,0.2,UPI / Digital Wallet,COMPLETED,2025-05-14 05:05:34
ORD-101040,CUST-1013,Nora Jones,Berlin,Home & Kitchen,Air Fryer,278.97,2,0.1,PayPal,COMPLETED,2025-04-18 10:36:12
ORD-101041,CUST-1012,Michael Scott,Tokyo,Electronics,Laptop,952.91,2,0.15,PayPal,COMPLETED,2025-04-05 05:43:39
ORD-101042,CUST-1011,Laura Croft,Tokyo,Clothing,Cotton T-Shirt,126.21,1,0.2,PayPal,CANCELLED,2025-12-31 21:41:28
ORD-101043,CUST-1011,Laura Croft,Tokyo,Books,Sci-Fi Novel,34.86,2,0.25,PayPal,COMPLETED,2025-10-13 06:57:29
ORD-101044,CUST-1019,Tony Stark,Sydney,Home & Kitchen,Vacuum Cleaner,56.35,2,0.2,PayPal,COMPLETED,2025-01-04 11:21:17
ORD-101045,CUST-1010,,London,Electronics,Wireless Headphones,1079.77,1,0.05,Apple Pay,RETURNED,2025-02-21 01:37:44
ORD-101046,CUST-1007,Hannah Abbott,New York,Home & Kitchen,Vacuum Cleaner,344.84,-1,0.0,Apple Pay,COMPLETED,2025-08-10 10:38:20
ORD-101047,CUST-1009,Julia Roberts,Tokyo,Books,History of Computing,28.86,2,0.05,Debit Card,RETURNED,2025-11-11 01:44:29
ORD-101048,CUST-1009,Julia Roberts,Berlin,Home & Kitchen,Blender,183.48,2,0.0,Debit Card,COMPLETED,2025-05-27 05:41:57
ORD-101049,CUST-1000,Alice Smith,Singapore,Sports & Outdoors,Water Bottle,188.35,2,0.2,Credit Card,COMPLETED,2025-02-06 19:32:21
ORD-101050,CUST-1013,Nora Jones,Mumbai,Sports & Outdoors,Camping Tent,40.6,2,0.05,Credit Card,COMPLETED,2025-10-26 12:26:15
ORD-101051,CUST-1004,Evan Wright,Toronto,Sports & Outdoors,Camping Tent,201.12,1,0.15,UPI / Digital Wallet,COMPLETED,2025-03-24 07:33:41
ORD-101052,CUST-1015,Pam Beesly,Paris,Home & Kitchen,Espresso Machine,82.75,1,0.0,Apple Pay,COMPLETED,2025-05-02 04:07:38
ORD-101053,CUST-1013,Nora Jones,Tokyo,Electronics,Smartphone,1095.02,2,0.1,Credit Card,COMPLETED,2025-08-06 11:26:57
ORD-101054,CUST-1015,Pam Beesly,Paris,Books,Economics 101,28.1,1,0.0,PayPal,RETURNED,2025-03-31 03:52:34
ORD-101055,CUST-1011,Laura Croft,Berlin,Home & Kitchen,Cookware Set,77.73,1,0.25,Debit Card,COMPLETED,2025-02-23 23:41:49
ORD-101056,CUST-1009,Julia Roberts,Paris,Electronics,Laptop,450.58,3,0.0,Credit Card,CANCELLED,2025-06-21 01:56:53
ORD-101057,CUST-1018,Steve Rogers,Tokyo,Sports & Outdoors,Dumbbell Set,119.6,1,0.2,PayPal,RETURNED,2025-03-17 15:18:50
ORD-101058,CUST-1004,Evan Wright,New York,Clothing,Denim Jeans,44.59,1,0.1,Debit Card,COMPLETED,2025-03-03 07:28:23
ORD-101059,CUST-1002,Charlie Brown,New York,Clothing,Cotton T-Shirt,50.41,1,0.15,UPI / Digital Wallet,COMPLETED,2025-06-24 19:48:44
ORD-101060,CUST-1003,Diana Prince,Tokyo,Home & Kitchen,Espresso Machine,193.33,1,0.15,Debit Card,PENDING,2025-04-18 11:58:56
ORD-101061,CUST-1003,Diana Prince,San Francisco,Electronics,Wireless Headphones,740.12,1,0.25,PayPal,COMPLETED,2025-04-04 14:13:26
ORD-101062,CUST-1014,Oscar Martinez,Mumbai,Electronics,Wireless Headphones,60.68,2,0.25,UPI / Digital Wallet,COMPLETED,2025-05-01 00:24:52
ORD-101063,CUST-1016,Quentin Tarantino,San Francisco,Electronics,Laptop,1165.25,3,0.0,UPI / Digital Wallet,COMPLETED,2025-09-19 11:33:25
ORD-101064,CUST-1009,Julia Roberts,Berlin,Home & Kitchen,Cookware Set,203.13,1,0.15,Debit Card,COMPLETED,2025-01-02 05:56:42
ORD-101065,CUST-1016,Quentin Tarantino,San Francisco,Home & Kitchen,Blender,42.84,3,0.1,Apple Pay,COMPLETED,2025-09-18 21:16:38
ORD-101066,CUST-1019,Tony Stark,Singapore,Books,Economics 101,43.17,2,0.1,PayPal,COMPLETED,2025-08-27 03:12:14
ORD-101067,CUST-1015,,London,Books,Cookbook,38.88,1,0.0,Debit Card,CANCELLED,2025-04-18 11:10:50
ORD-101068,CUST-1000,Alice Smith,Sydney,Sports & Outdoors,Dumbbell Set,110.24,2,0.0,PayPal,RETURNED,2025-06-27 11:54:32
ORD-101069,CUST-1008,Ian Malcolm,London,Books,History of Computing,13.16,2,0.0,UPI / Digital Wallet,PENDING,2025-05-19 02:43:07
ORD-101070,CUST-1013,Nora Jones,,Home & Kitchen,Air Fryer,87.34,1,0.0,UPI / Digital Wallet,PENDING,2025-09-12 08:39:43
ORD-101071,CUST-1019,Tony Stark,Mumbai,Sports & Outdoors,Camping Tent,188.38,5,0.25,PayPal,CANCELLED,2025-12-14 22:52:35
ORD-101072,CUST-1001,Bob Jones,Singapore,Books,Data Engineering Handbook,22.19,2,0.2,Debit Card,PENDING,2025-03-22 18:51:32
ORD-101073,CUST-1010,Kevin Bacon,Paris,Sports & Outdoors,Dumbbell Set,208.82,4,0.25,PayPal,COMPLETED,2025-01-16 15:43:01
ORD-101074,CUST-1000,Alice Smith,Sydney,Books,Cookbook,37.8,3,0.2,Credit Card,COMPLETED,2025-02-16 11:06:53
ORD-101075,CUST-1005,Fiona Gallagher,,Sports & Outdoors,Hiking Backpack,222.88,1,0.05,Credit Card,COMPLETED,2025-06-28 20:40:22
ORD-101076,CUST-1001,Bob Jones,Paris,Sports & Outdoors,Bicycle Helmet,23.14,1,0.05,Debit Card,COMPLETED,2025-06-12 03:34:57
ORD-101077,CUST-1017,Rachel Green,New York,Books,Data Engineering Handbook,36.17,2,0.15,Debit Card,COMPLETED,2025-08-06 01:38:32
ORD-101078,CUST-1005,Fiona Gallagher,Paris,Sports & Outdoors,Water Bottle,237.23,1,0.25,Credit Card,CANCELLED,2025-10-17 16:36:17
ORD-101079,CUST-1011,Laura Croft,Berlin,Books,Cookbook,16.05,-1,0.25,Debit Card,COMPLETED,2025-12-11 17:49:13
ORD-101080,CUST-1019,Tony Stark,Tokyo,Sports & Outdoors,Yoga Mat,78.2,2,0.0,Credit Card,COMPLETED,2025-10-18 04:47:58
ORD-101081,CUST-1004,Evan Wright,Toronto,Electronics,Bluetooth Speaker,595.02,1,0.0,UPI / Digital Wallet,COMPLETED,2025-02-27 03:55:11
ORD-101082,CUST-1004,Evan Wright,Toronto,Books,Biography,12.22,1,0.05,PayPal,COMPLETED,2025-11-17 10:56:52
ORD-101083,CUST-1009,Julia Roberts,New York,Sports & Outdoors,Dumbbell Set,184.63,1,0.1,Apple Pay,COMPLETED,2025-01-16 18:49:45
ORD-101084,CUST-1012,Michael Scott,Singapore,Books,Economics 101,15.46,3,0.15,UPI / Digital Wallet,RETURNED,2025-08-03 08:50:49
ORD-101085,CUST-1015,Pam Beesly,Berlin,Books,Cookbook,11.42,2,0.0,UPI / Digital Wallet,COMPLETED,2025-06-21 21:28:02
ORD-101086,CUST-1007,Hannah Abbott,Paris,Sports & Outdoors,Dumbbell Set,198.93,-1,0.15,PayPal,COMPLETED,2025-02-06 02:34:07
ORD-101087,CUST-1012,Michael Scott,London,Home & Kitchen,Blender,137.15,1,0.1,Apple Pay,COMPLETED,2025-08-17 13:41:09
ORD-101088,CUST-1017,Rachel Green,Mumbai,Home & Kitchen,Air Fryer,284.57,4,0.25,Credit Card,COMPLETED,2025-05-18 04:47:55
ORD-101089,CUST-1002,Charlie Brown,Toronto,Books,Biography,24.07,1,0.25,Debit Card,COMPLETED,2025-01-07 21:41:13
ORD-101090,CUST-1015,Pam Beesly,Paris,Electronics,Smartwatch,425.57,5,0.05,Apple Pay,CANCELLED,2025-04-14 08:22:31
ORD-101091,CUST-1001,Bob Jones,Sydney,Electronics,4K Monitor,322.54,1,0.25,Apple Pay,COMPLETED,2025-06-15 04:02:23
ORD-101092,CUST-1012,Michael Scott,Berlin,Books,Data Engineering Handbook,27.02,1,0.0,UPI / Digital Wallet,RETURNED,2025-05-21 11:22:42
ORD-101093,CUST-1013,Nora Jones,Tokyo,Electronics,Bluetooth Speaker,571.86,2,0.1,UPI / Digital Wallet,PENDING,2025-09-22 07:33:29
ORD-101094,CUST-1003,Diana Prince,Paris,Home & Kitchen,Vacuum Cleaner,301.6,1,0.15,UPI / Digital Wallet,COMPLETED,2025-07-26 05:48:57
ORD-101095,CUST-1016,Quentin Tarantino,London,Clothing,Running Shoes,105.86,1,0.1,UPI / Digital Wallet,COMPLETED,2025-03-31 11:23:43
ORD-101096,CUST-1009,Julia Roberts,New York,Books,Biography,41.01,1,0.25,PayPal,COMPLETED,2025-07-09 19:06:34
ORD-101097,CUST-1018,Steve Rogers,Paris,Clothing,Running Shoes,129.65,3,0.05,PayPal,COMPLETED,2025-02-17 22:19:19
ORD-101098,CUST-1014,Oscar Martinez,Berlin,Sports & Outdoors,Water Bottle,182.92,1,0.15,UPI / Digital Wallet,COMPLETED,2025-10-07 20:07:14
ORD-101099,CUST-1001,Bob Jones,New York,Electronics,Wireless Headphones,333.99,-1,0.2,UPI / Digital Wallet,COMPLETED,2025-11-20 04:38:31
ORD-101100,CUST-1013,Nora Jones,,Sports & Outdoors,Camping Tent,106.23,1,0.25,UPI / Digital Wallet,COMPLETED,2025-02-25 13:00:35
ORD-101101,CUST-1000,Alice Smith,San Francisco,Clothing,Denim Jeans,43.97,2,0.05,Apple Pay,RETURNED,2025-02-22 13:12:16
ORD-101102,CUST-1017,Rachel Green,Singapore,Home & Kitchen,Air Fryer,86.02,2,0.05,Apple Pay,COMPLETED,2025-12-27 01:17:32
ORD-101103,CUST-1008,Ian Malcolm,Paris,Home & Kitchen,Espresso Machine,38.92,1,0.25,Credit Card,PENDING,2025-04-07 15:38:13
ORD-101104,CUST-1003,Diana Prince,,Home & Kitchen,Vacuum Cleaner,26.02,1,0.25,UPI / Digital Wallet,COMPLETED,2025-01-20 23:39:47
ORD-101105,CUST-1007,Hannah Abbott,Singapore,Books,History of Computing,23.47,2,0.2,Apple Pay,COMPLETED,2025-04-18 21:46:36
ORD-101106,CUST-1011,Laura Croft,London,Electronics,4K Monitor,699.75,1,0.05,PayPal,COMPLETED,2025-11-07 10:44:30
ORD-101107,CUST-1005,Fiona Gallagher,New York,Electronics,Wireless Headphones,824.85,2,0.05,Apple Pay,PENDING,2025-11-24 00:22:00
ORD-101108,CUST-1017,Rachel Green,New York,Sports & Outdoors,Camping Tent,212.75,2,0.05,Apple Pay,COMPLETED,2025-07-11 04:49:42
ORD-101109,CUST-1000,Alice Smith,Toronto,Clothing,Running Shoes,23.85,1,0.25,Apple Pay,COMPLETED,2025-06-30 19:44:00
ORD-101110,CUST-1017,Rachel Green,Toronto,Electronics,4K Monitor,1123.82,3,0.0,Credit Card,COMPLETED,2025-08-09 02:49:56
ORD-101111,CUST-1012,,Paris,Clothing,Winter Jacket,62.88,3,0.2,PayPal,COMPLETED,2025-09-18 01:24:40
ORD-101112,CUST-1014,Oscar Martinez,Sydney,Home & Kitchen,Espresso Machine,25.27,1,0.0,PayPal,PENDING,2025-11-27 06:34:12
ORD-101113,CUST-1016,Quentin Tarantino,Mumbai,Clothing,Hooded Sweatshirt,93.1,1,0.1,UPI / Digital Wallet,COMPLETED,2025-09-06 03:30:17
ORD-101114,CUST-1006,George Clark,Mumbai,Home & Kitchen,Vacuum Cleaner,270.7,1,0.05,Apple Pay,CANCELLED,2025-08-14 01:14:26
ORD-101115,CUST-1016,Quentin Tarantino,New York,Clothing,Winter Jacket,118.88,1,0.25,Credit Card,PENDING,2025-04-30 01:55:01
ORD-101116,CUST-1004,Evan Wright,Berlin,Books,History of Computing,40.02,1,0.0,Debit Card,CANCELLED,2025-02-21 04:43:00
ORD-101117,CUST-1014,Oscar Martinez,Sydney,Books,Biography,10.73,1,0.05,Debit Card,RETURNED,2025-11-10 03:23:18
ORD-101118,CUST-1018,Steve Rogers,London,Clothing,Running Shoes,53.69,4,0.05,PayPal,PENDING,2025-08-26 08:14:53
ORD-101119,CUST-1008,Ian Malcolm,London,Books,Data Engineering Handbook,17.76,4,0.05,Credit Card,PENDING,2025-01-03 02:43:41
ORD-101120,CUST-1013,Nora Jones,Berlin,Clothing,Running Shoes,69.38,1,0.2,PayPal,PENDING,2025-05-15 03:29:58
ORD-101121,CUST-1005,Fiona Gallagher,Tokyo,Home & Kitchen,Cookware Set,347.75,2,0.2,Debit Card,RETURNED,2025-12-28 05:13:00
ORD-101122,CUST-1017,Rachel Green,Singapore,Sports & Outdoors,Dumbbell Set,184.41,1,0.05,PayPal,COMPLETED,2025-04-03 03:35:59
ORD-101123,CUST-1004,Evan Wright,San Francisco,Home & Kitchen,Vacuum Cleaner,278.54,1,0.1,UPI / Digital Wallet,COMPLETED,2025-05-02 05:18:47
ORD-101124,CUST-1013,Nora Jones,Berlin,Books,Data Engineering Handbook,21.27,1,0.2,Credit Card,CANCELLED,2025-04-18 06:14:01
ORD-101125,CUST-1009,Julia Roberts,Mumbai,Home & Kitchen,Cookware Set,139.25,3,0.05,Debit Card,CANCELLED,2025-08-11 00:48:16
ORD-101126,CUST-1013,Nora Jones,Paris,Books,Sci-Fi Novel,28.54,3,0.2,Credit Card,COMPLETED,2025-01-21 01:26:45
ORD-101127,CUST-1007,Hannah Abbott,Singapore,Books,History of Computing,12.38,1,0.1,Debit Card,COMPLETED,2025-09-06 18:40:27
ORD-101128,CUST-1008,Ian Malcolm,London,Sports & Outdoors,Bicycle Helmet,123.33,4,0.15,Debit Card,COMPLETED,2025-08-29 06:58:04
ORD-101129,CUST-1004,Evan Wright,Paris,Electronics,Smartwatch,67.24,4,0.0,PayPal,CANCELLED,2025-12-05 17:25:44
ORD-101130,CUST-1013,Nora Jones,London,Sports & Outdoors,Water Bottle,64.15,3,0.25,Debit Card,COMPLETED,2025-01-01 17:22:38
ORD-101131,CUST-1006,George Clark,San Francisco,Books,Biography,8.78,1,0.2,Apple Pay,RETURNED,2025-02-11 08:56:54
ORD-101132,CUST-1007,Hannah Abbott,Tokyo,Clothing,Sneakers,62.65,2,0.05,Apple Pay,RETURNED,2025-04-01 19:22:14
ORD-101133,CUST-1019,Tony Stark,Toronto,Books,Data Engineering Handbook,23.17,1,0.2,UPI / Digital Wallet,COMPLETED,2025-06-05 11:46:28
ORD-101134,CUST-1011,Laura Croft,Singapore,Books,Economics 101,44.89,1,0.05,PayPal,PENDING,2025-04-05 16:11:56
ORD-101135,CUST-1005,Fiona Gallagher,Sydney,Electronics,Smartwatch,1011.49,1,0.0,PayPal,COMPLETED,2025-09-27 10:42:58
ORD-101136,CUST-1017,Rachel Green,Berlin,Sports & Outdoors,Camping Tent,245.71,1,0.05,Apple Pay,COMPLETED,2025-08-28 09:24:05
ORD-101137,CUST-1001,Bob Jones,Tokyo,Electronics,Bluetooth Speaker,422.45,1,0.2,PayPal,PENDING,2025-06-23 21:24:02
ORD-101138,CUST-1015,Pam Beesly,Sydney,Books,Sci-Fi Novel,38.51,1,0.15,Debit Card,COMPLETED,2025-08-26 22:03:22
ORD-101139,CUST-1001,Bob Jones,Singapore,Home & Kitchen,Vacuum Cleaner,296.91,1,0.05,Apple Pay,COMPLETED,2025-03-20 09:45:31
ORD-101140,CUST-1013,Nora Jones,London,Books,History of Computing,41.99,1,0.2,Apple Pay,RETURNED,2025-04-07 23:54:58
ORD-101141,CUST-1019,Tony Stark,Tokyo,Sports & Outdoors,Water Bottle,117.15,1,0.1,Credit Card,COMPLETED,2025-07-14 15:05:58
ORD-101142,CUST-1011,Laura Croft,London,Home & Kitchen,Espresso Machine,272.33,2,0.05,PayPal,CANCELLED,2025-12-14 12:47:30
ORD-101143,CUST-1007,Hannah Abbott,Paris,Electronics,4K Monitor,318.77,1,0.25,Credit Card,COMPLETED,2025-01-29 14:33:53
ORD-101144,CUST-1015,Pam Beesly,Tokyo,Home & Kitchen,Cookware Set,32.69,1,0.05,Apple Pay,COMPLETED,2025-04-24 05:06:00
ORD-101145,CUST-1003,Diana Prince,Singapore,Clothing,Winter Jacket,76.04,1,0.2,Credit Card,RETURNED,2025-01-02 03:12:05
ORD-101146,CUST-1018,Steve Rogers,Toronto,Home & Kitchen,Blender,180.34,2,0.05,Apple Pay,COMPLETED,2025-06-05 19:17:48
ORD-101147,CUST-1013,Nora Jones,San Francisco,Clothing,Running Shoes,53.19,1,0.25,Credit Card,CANCELLED,2025-10-21 17:40:15
ORD-101148,CUST-1019,Tony Stark,Sydney,Home & Kitchen,Cookware Set,140.53,1,0.0,Credit Card,COMPLETED,2025-04-25 14:42:54
ORD-101149,CUST-1019,Tony Stark,New York,Electronics,Smartphone,1058.36,4,0.15,Apple Pay,PENDING,2025-08-13 19:34:56
ORD-101150,CUST-1009,Julia Roberts,Sydney,Books,History of Computing,35.04,2,0.0,Credit Card,COMPLETED,2025-02-16 16:50:52
ORD-101151,CUST-1014,Oscar Martinez,Berlin,Electronics,Smartphone,1027.57,1,0.2,PayPal,RETURNED,2025-01-07 20:31:34
ORD-101152,CUST-1019,Tony Stark,Singapore,Home & Kitchen,Vacuum Cleaner,304.47,1,0.2,Apple Pay,COMPLETED,2025-06-01 06:43:53
ORD-101153,CUST-1015,Pam Beesly,San Francisco,Home & Kitchen,Toaster,28.89,3,0.2,UPI / Digital Wallet,COMPLETED,2025-07-31 02:33:04
ORD-101154,CUST-1003,Diana Prince,Berlin,Home & Kitchen,Cookware Set,208.96,1,0.1,Debit Card,COMPLETED,2025-01-06 08:51:24
ORD-101155,CUST-1004,Evan Wright,Sydney,Books,Economics 101,23.23,2,0.15,Debit Card,COMPLETED,2025-08-02 05:06:33
ORD-101156,CUST-1013,Nora Jones,Mumbai,Clothing,Sneakers,64.88,1,0.15,Apple Pay,COMPLETED,2025-08-24 00:51:03
ORD-101157,CUST-1006,George Clark,San Francisco,Home & Kitchen,Espresso Machine,157.89,5,0.25,PayPal,COMPLETED,2025-09-30 11:24:07
ORD-101158,CUST-1010,Kevin Bacon,Singapore,Sports & Outdoors,Bicycle Helmet,200.36,1,0.2,Apple Pay,PENDING,2025-09-03 05:29:25
ORD-101159,CUST-1007,Hannah Abbott,Toronto,Clothing,Sneakers,42.2,2,0.25,UPI / Digital Wallet,COMPLETED,2025-12-30 04:44:04
ORD-101160,CUST-1011,Laura Croft,Tokyo,Electronics,Smartphone,660.55,3,0.05,Debit Card,RETURNED,2025-04-25 19:30:28
ORD-101161,CUST-1009,Julia Roberts,London,Books,History of Computing,10.16,2,0.05,PayPal,RETURNED,2025-01-29 14:30:49
ORD-101162,CUST-1013,Nora Jones,Singapore,Clothing,Hooded Sweatshirt,124.55,1,0.1,Apple Pay,COMPLETED,2025-05-10 08:14:48
ORD-101163,CUST-1004,Evan Wright,Singapore,Home & Kitchen,Vacuum Cleaner,340.8,3,0.0,UPI / Digital Wallet,COMPLETED,2025-06-25 11:33:41
ORD-101164,CUST-1018,Steve Rogers,New York,Clothing,Sneakers,117.64,1,0.15,Apple Pay,PENDING,2025-12-09 22:43:24
ORD-101165,CUST-1013,Nora Jones,Tokyo,Books,Economics 101,19.53,1,0.0,Debit Card,COMPLETED,2025-02-03 08:29:35
ORD-101166,CUST-1018,Steve Rogers,Singapore,Books,Data Engineering Handbook,14.14,1,0.1,Debit Card,COMPLETED,2025-01-20 11:07:00
ORD-101167,CUST-1012,Michael Scott,Toronto,Home & Kitchen,Cookware Set,262.19,2,0.2,Debit Card,PENDING,2025-04-18 09:03:29
ORD-101168,CUST-1007,Hannah Abbott,London,Books,History of Computing,22.61,4,0.25,PayPal,PENDING,2025-02-06 20:36:52
ORD-101169,CUST-1009,Julia Roberts,Toronto,Home & Kitchen,Toaster,236.19,2,0.05,Apple Pay,COMPLETED,2025-12-13 23:31:11
ORD-101170,CUST-1019,Tony Stark,London,Electronics,Smartwatch,1033.44,1,0.05,UPI / Digital Wallet,COMPLETED,2025-08-22 10:31:14
ORD-101171,CUST-1014,Oscar Martinez,Tokyo,Sports & Outdoors,Dumbbell Set,102.94,1,0.2,UPI / Digital Wallet,COMPLETED,2025-12-07 02:30:10
ORD-101172,CUST-1005,Fiona Gallagher,Paris,Sports & Outdoors,Hiking Backpack,198.77,1,0.2,Apple Pay,COMPLETED,2025-04-28 08:54:37
ORD-101173,CUST-1004,Evan Wright,Tokyo,Books,Data Engineering Handbook,11.06,2,0.15,Apple Pay,COMPLETED,2025-12-22 05:13:38
ORD-101174,CUST-1006,George Clark,Mumbai,Clothing,Denim Jeans,39.67,3,0.2,Credit Card,COMPLETED,2025-12-09 17:54:47
ORD-101175,CUST-1012,Michael Scott,Mumbai,Electronics,Laptop,439.43,1,0.25,Debit Card,PENDING,2025-06-06 23:21:53
ORD-101176,CUST-1000,Alice Smith,New York,Sports & Outdoors,Camping Tent,233.17,2,0.25,Debit Card,COMPLETED,2025-03-12 07:14:45
ORD-101177,CUST-1010,Kevin Bacon,Mumbai,Sports & Outdoors,Dumbbell Set,218.84,1,0.2,Debit Card,PENDING,2025-10-06 16:41:41
ORD-101178,CUST-1018,Steve Rogers,Singapore,Home & Kitchen,Espresso Machine,213.76,3,0.2,Debit Card,CANCELLED,2025-09-12 05:59:44
ORD-101179,CUST-1000,Alice Smith,Toronto,Home & Kitchen,Vacuum Cleaner,69.1,2,0.0,Apple Pay,CANCELLED,2025-06-06 18:13:56
ORD-101180,CUST-1005,Fiona Gallagher,Singapore,Electronics,Smartphone,688.69,1,0.15,PayPal,COMPLETED,2025-09-22 04:16:39
ORD-101181,CUST-1010,Kevin Bacon,Berlin,Electronics,Smartwatch,271.35,1,0.05,Credit Card,COMPLETED,2025-07-18 19:33:24
ORD-101182,CUST-1016,Quentin Tarantino,New York,Books,History of Computing,11.09,1,0.2,UPI / Digital Wallet,COMPLETED,2025-02-18 10:57:12
ORD-101183,CUST-1014,Oscar Martinez,London,Electronics,Laptop,690.04,1,0.05,UPI / Digital Wallet,COMPLETED,2025-09-08 07:18:35
ORD-101184,CUST-1008,Ian Malcolm,New York,Clothing,Cotton T-Shirt,51.06,1,0.05,Debit Card,CANCELLED,2025-02-06 02:17:14
ORD-101185,CUST-1013,Nora Jones,San Francisco,Sports & Outdoors,Yoga Mat,144.94,2,0.05,Debit Card,COMPLETED,2025-07-22 14:51:07
ORD-101186,CUST-1014,Oscar Martinez,Toronto,Books,Biography,8.33,4,0.05,PayPal,COMPLETED,2025-03-29 03:57:45
ORD-101187,CUST-1010,Kevin Bacon,San Francisco,Sports & Outdoors,Yoga Mat,29.87,2,0.05,Credit Card,CANCELLED,2025-05-11 18:48:25
ORD-101188,CUST-1015,Pam Beesly,Paris,Clothing,Cotton T-Shirt,96.47,2,0.0,Debit Card,COMPLETED,2025-04-13 14:14:49
ORD-101189,CUST-1014,Oscar Martinez,San Francisco,Clothing,Sneakers,32.82,2,0.1,Credit Card,PENDING,2025-11-08 14:32:31
ORD-101190,CUST-1004,,Tokyo,Home & Kitchen,Cookware Set,165.39,5,0.15,Credit Card,PENDING,2025-10-11 18:47:17
ORD-101191,CUST-1003,Diana Prince,Paris,Books,Economics 101,9.37,1,0.25,Apple Pay,RETURNED,2025-01-21 13:23:56
ORD-101192,CUST-1016,Quentin Tarantino,Tokyo,Clothing,Sneakers,65.05,1,0.0,Debit Card,CANCELLED,2025-03-14 03:58:44
ORD-101193,CUST-1016,Quentin Tarantino,,Home & Kitchen,Vacuum Cleaner,55.36,4,0.05,PayPal,COMPLETED,2025-06-07 01:02:20
ORD-101194,CUST-1018,Steve Rogers,Tokyo,Clothing,Cotton T-Shirt,47.34,1,0.05,Credit Card,COMPLETED,2025-07-13 17:03:42
ORD-101195,CUST-1014,Oscar Martinez,New York,Electronics,4K Monitor,457.24,1,0.2,UPI / Digital Wallet,RETURNED,2025-04-26 22:30:19
ORD-101196,CUST-1000,Alice Smith,Sydney,Electronics,Bluetooth Speaker,198.31,2,0.1,Apple Pay,COMPLETED,2025-07-17 10:22:21
ORD-101197,CUST-1003,Diana Prince,New York,Electronics,Smartphone,536.33,3,0.05,PayPal,RETURNED,2025-04-01 23:30:18
ORD-101198,CUST-1019,Tony Stark,Tokyo,Electronics,Bluetooth Speaker,354.01,3,0.1,UPI / Digital Wallet,COMPLETED,2025-08-02 03:05:27
ORD-101199,CUST-1007,Hannah Abbott,London,Home & Kitchen,Air Fryer,331.8,1,0.1,Credit Card,COMPLETED,2025-04-08 01:24:07
ORD-101200,CUST-1012,Michael Scott,Singapore,Clothing,Sneakers,110.79,1,0.1,Debit Card,COMPLETED,2025-02-06 23:00:09
ORD-101201,CUST-1015,Pam Beesly,Mumbai,Sports & Outdoors,Bicycle Helmet,127.18,4,0.1,UPI / Digital Wallet,COMPLETED,2025-12-08 07:49:38
ORD-101202,CUST-1015,Pam Beesly,Berlin,Electronics,Smartwatch,1145.45,2,0.2,PayPal,PENDING,2025-10-16 12:54:24
ORD-101203,CUST-1006,George Clark,Toronto,Clothing,Winter Jacket,79.32,2,0.05,Debit Card,PENDING,2025-10-01 20:39:32
ORD-101204,CUST-1008,Ian Malcolm,Toronto,Clothing,Sneakers,72.21,1,0.15,Debit Card,COMPLETED,2025-01-16 17:17:12
ORD-101205,CUST-1008,Ian Malcolm,London,Books,Sci-Fi Novel,27.68,3,0.05,Credit Card,CANCELLED,2025-04-30 05:41:09
ORD-101206,CUST-1013,Nora Jones,Sydney,Home & Kitchen,Vacuum Cleaner,247.1,2,0.2,Apple Pay,COMPLETED,2025-01-25 22:19:50
ORD-101207,CUST-1018,Steve Rogers,Mumbai,Books,Cookbook,20.62,4,0.25,Credit Card,COMPLETED,2025-10-27 05:41:38
ORD-101208,CUST-1003,Diana Prince,London,Electronics,Wireless Headphones,1073.26,1,0.0,UPI / Digital Wallet,COMPLETED,2025-10-12 06:57:22
ORD-101209,CUST-1005,Fiona Gallagher,San Francisco,Books,History of Computing,23.94,1,0.0,Debit Card,CANCELLED,2025-12-18 10:41:07
ORD-101210,CUST-1003,Diana Prince,Singapore,Home & Kitchen,Blender,109.8,1,0.15,Apple Pay,COMPLETED,2025-04-06 17:21:25
ORD-101211,CUST-1002,Charlie Brown,Tokyo,Sports & Outdoors,Hiking Backpack,185.88,3,0.2,Debit Card,COMPLETED,2025-06-26 11:00:50
ORD-101212,CUST-1019,Tony Stark,,Home & Kitchen,Air Fryer,272.28,1,0.0,UPI / Digital Wallet,CANCELLED,2025-08-02 03:16:51
ORD-101213,CUST-1014,Oscar Martinez,Mumbai,Home & Kitchen,Cookware Set,280.81,2,0.0,PayPal,RETURNED,2025-05-24 19:26:32
ORD-101214,CUST-1005,Fiona Gallagher,London,Sports & Outdoors,Camping Tent,192.48,1,0.2,UPI / Digital Wallet,PENDING,2025-11-03 18:51:53
ORD-101215,CUST-1006,George Clark,Paris,Clothing,Sneakers,141.31,2,0.15,UPI / Digital Wallet,RETURNED,2025-07-23 07:08:11
ORD-101216,CUST-1010,Kevin Bacon,San Francisco,Electronics,4K Monitor,159.43,1,0.15,Credit Card,COMPLETED,2025-10-22 05:23:01
ORD-101217,CUST-1005,Fiona Gallagher,Mumbai,Home & Kitchen,Air Fryer,265.01,1,0.1,Debit Card,COMPLETED,2025-02-14 20:38:05
ORD-101218,CUST-1015,Pam Beesly,Berlin,Sports & Outdoors,Camping Tent,15.77,1,0.25,PayPal,RETURNED,2025-05-07 22:20:30
ORD-101219,CUST-1010,Kevin Bacon,San Francisco,Sports & Outdoors,Water Bottle,207.65,1,0.25,Apple Pay,PENDING,2025-07-18 07:23:13
ORD-101220,CUST-1018,Steve Rogers,Sydney,Books,Economics 101,18.37,2,0.05,PayPal,RETURNED,2025-04-01 13:46:12
ORD-101221,CUST-1007,Hannah Abbott,Sydney,Electronics,Smartphone,481.72,1,0.25,Credit Card,PENDING,2025-10-14 11:34:48
ORD-101222,CUST-1000,Alice Smith,Mumbai,Books,Data Engineering Handbook,22.37,1,0.2,Credit Card,COMPLETED,2025-07-11 14:08:20
ORD-101223,CUST-1004,Evan Wright,London,Clothing,Winter Jacket,37.12,1,0.2,Apple Pay,COMPLETED,2025-01-18 09:58:32
ORD-101224,CUST-1011,Laura Croft,Tokyo,Sports & Outdoors,Hiking Backpack,35.08,2,0.25,Credit Card,COMPLETED,2025-11-24 05:11:05
ORD-101225,CUST-1018,Steve Rogers,Paris,Clothing,Winter Jacket,55.86,1,0.2,Credit Card,RETURNED,2025-01-24 23:18:03
ORD-101226,CUST-1014,Oscar Martinez,Sydney,Electronics,4K Monitor,786.1,1,0.0,Debit Card,COMPLETED,2025-11-09 11:18:13
ORD-101227,CUST-1004,Evan Wright,Toronto,Clothing,Sneakers,20.93,1,0.1,Debit Card,RETURNED,2025-05-13 19:55:08
ORD-101228,CUST-1016,Quentin Tarantino,Tokyo,Books,Sci-Fi Novel,27.27,4,0.15,Apple Pay,COMPLETED,2025-02-03 19:21:15
ORD-101229,CUST-1011,Laura Croft,London,Books,Biography,39.69,5,0.0,Credit Card,COMPLETED,2025-07-28 02:41:07
ORD-101230,CUST-1007,Hannah Abbott,Berlin,Books,Data Engineering Handbook,33.18,1,0.25,Apple Pay,COMPLETED,2025-02-11 17:14:37
ORD-101231,CUST-1004,Evan Wright,New York,Books,Cookbook,43.19,2,0.1,Credit Card,COMPLETED,2025-10-03 01:46:10
ORD-101232,CUST-1004,Evan Wright,San Francisco,Electronics,Smartwatch,849.3,1,0.15,Debit Card,COMPLETED,2025-06-28 13:10:22
ORD-101233,CUST-1006,George Clark,London,Electronics,Smartphone,647.65,1,0.1,PayPal,COMPLETED,2025-01-22 22:23:12
ORD-101234,CUST-1001,Bob Jones,Mumbai,Sports & Outdoors,Water Bottle,95.3,2,0.0,Credit Card,COMPLETED,2025-04-17 08:53:03
ORD-101235,CUST-1008,Ian Malcolm,New York,Electronics,Smartwatch,892.12,1,0.1,Apple Pay,COMPLETED,2025-10-24 21:43:40
ORD-101236,CUST-1019,Tony Stark,San Francisco,Books,Economics 101,31.98,1,0.2,Debit Card,COMPLETED,2025-04-29 16:30:18
ORD-101237,CUST-1013,Nora Jones,Paris,Electronics,4K Monitor,59.54,1,0.25,Apple Pay,RETURNED,2025-08-03 05:31:53
ORD-101238,CUST-1011,Laura Croft,Mumbai,Electronics,4K Monitor,589.41,1,0.0,UPI / Digital Wallet,PENDING,2025-05-15 06:25:52
ORD-101239,CUST-1002,Charlie Brown,Singapore,Home & Kitchen,Toaster,110.27,2,0.15,Debit Card,COMPLETED,2025-10-14 14:59:47
ORD-101240,CUST-1004,Evan Wright,Paris,Home & Kitchen,Air Fryer,244.88,5,0.15,PayPal,COMPLETED,2025-02-17 20:31:07
ORD-101241,CUST-1003,Diana Prince,Mumbai,Home & Kitchen,Espresso Machine,344.42,3,0.15,Apple Pay,COMPLETED,2025-10-28 01:58:51
ORD-101242,CUST-1000,Alice Smith,Tokyo,Books,History of Computing,44.46,1,0.0,PayPal,PENDING,2025-09-11 03:39:55
ORD-101243,CUST-1018,Steve Rogers,London,Sports & Outdoors,Hiking Backpack,214.13,1,0.0,Debit Card,PENDING,2025-10-29 04:20:43
ORD-101244,CUST-1016,Quentin Tarantino,San Francisco,Home & Kitchen,Toaster,284.77,1,0.05,Credit Card,COMPLETED,2025-02-08 22:53:39
ORD-101245,CUST-1011,Laura Croft,Paris,Electronics,Bluetooth Speaker,380.53,1,0.0,UPI / Digital Wallet,COMPLETED,2025-09-19 21:12:23
ORD-101246,CUST-1014,Oscar Martinez,San Francisco,Electronics,4K Monitor,300.68,1,0.0,Credit Card,COMPLETED,2025-03-22 18:32:50
ORD-101247,CUST-1006,George Clark,New York,Books,Cookbook,37.6,4,0.1,PayPal,COMPLETED,2025-12-19 23:45:38
ORD-101248,CUST-1007,Hannah Abbott,New York,Sports & Outdoors,Yoga Mat,76.08,1,0.05,Credit Card,COMPLETED,2025-01-17 04:15:06
ORD-101249,CUST-1006,George Clark,San Francisco,Electronics,4K Monitor,859.82,3,0.25,UPI / Digital Wallet,COMPLETED,2025-12-05 19:47:58
ORD-101250,CUST-1016,Quentin Tarantino,Mumbai,Clothing,Cotton T-Shirt,61.34,2,0.2,PayPal,COMPLETED,2025-06-28 17:11:36
ORD-101251,CUST-1004,Evan Wright,Berlin,Electronics,Smartwatch,51.87,4,0.0,Debit Card,COMPLETED,2025-07-28 17:44:25
ORD-101252,CUST-1008,Ian Malcolm,New York,Clothing,Winter Jacket,45.74,2,0.15,Credit Card,COMPLETED,2025-08-18 06:34:49
ORD-101253,CUST-1013,Nora Jones,Paris,Books,Data Engineering Handbook,37.12,1,0.2,UPI / Digital Wallet,COMPLETED,2025-06-07 21:48:20
ORD-101254,CUST-1000,Alice Smith,San Francisco,Home & Kitchen,Air Fryer,332.33,1,0.05,Credit Card,PENDING,2025-07-17 17:18:13
ORD-101255,CUST-1002,Charlie Brown,Mumbai,Electronics,Wireless Headphones,944.7,2,0.0,Debit Card,COMPLETED,2025-09-20 16:14:38
ORD-101256,CUST-1019,Tony Stark,San Francisco,Electronics,Smartphone,719.76,1,0.2,UPI / Digital Wallet,CANCELLED,2025-06-23 14:34:49
ORD-101257,CUST-1017,Rachel Green,London,Home & Kitchen,Air Fryer,295.3,3,0.15,PayPal,RETURNED,2025-10-22 16:37:49
ORD-101258,CUST-1007,Hannah Abbott,London,Clothing,Winter Jacket,65.95,1,0.15,PayPal,COMPLETED,2025-07-04 17:18:49
ORD-101259,CUST-1008,Ian Malcolm,Tokyo,Electronics,4K Monitor,955.33,1,0.1,Debit Card,CANCELLED,2025-12-02 21:09:56
ORD-101260,CUST-1013,Nora Jones,Tokyo,Electronics,Bluetooth Speaker,523.82,1,0.0,Credit Card,COMPLETED,2025-11-26 22:06:53
ORD-101261,CUST-1015,Pam Beesly,Paris,Clothing,Hooded Sweatshirt,42.22,4,0.0,Apple Pay,PENDING,2025-12-29 06:24:40
ORD-101262,CUST-1003,Diana Prince,New York,Sports & Outdoors,Hiking Backpack,124.63,1,0.15,PayPal,COMPLETED,2025-01-04 21:12:46
ORD-101263,CUST-1010,Kevin Bacon,New York,Books,Data Engineering Handbook,43.68,1,0.0,PayPal,COMPLETED,2025-10-01 00:40:47
ORD-101264,CUST-1007,Hannah Abbott,New York,Sports & Outdoors,Bicycle Helmet,117.96,1,0.0,Apple Pay,COMPLETED,2025-03-26 23:07:11
ORD-101265,CUST-1008,Ian Malcolm,New York,Clothing,Sneakers,125.01,1,0.25,Debit Card,COMPLETED,2025-12-03 04:57:36
ORD-101266,CUST-1019,Tony Stark,Paris,Electronics,Bluetooth Speaker,67.42,1,0.15,Apple Pay,RETURNED,2025-12-08 12:07:09
ORD-101267,CUST-1009,Julia Roberts,London,Books,Data Engineering Handbook,21.59,3,0.05,PayPal,COMPLETED,2025-02-03 13:16:46
ORD-101268,CUST-1010,Kevin Bacon,New York,Sports & Outdoors,Bicycle Helmet,198.18,4,0.15,Debit Card,PENDING,2025-03-30 12:04:01
ORD-101269,CUST-1019,Tony Stark,Mumbai,Clothing,Hooded Sweatshirt,143.89,2,0.1,Debit Card,COMPLETED,2025-01-06 20:09:23
ORD-101270,CUST-1011,Laura Croft,Paris,Electronics,Smartwatch,766.72,3,0.25,Debit Card,COMPLETED,2025-09-03 23:41:55
ORD-101271,CUST-1018,Steve Rogers,Singapore,Sports & Outdoors,Water Bottle,136.3,1,0.0,Apple Pay,COMPLETED,2025-06-22 04:03:40
ORD-101272,CUST-1007,Hannah Abbott,New York,Electronics,Smartwatch,941.61,3,0.15,Credit Card,COMPLETED,2025-06-17 00:01:14
ORD-101273,CUST-1018,Steve Rogers,San Francisco,Home & Kitchen,Espresso Machine,46.52,5,0.25,Debit Card,COMPLETED,2025-04-25 16:21:04
ORD-101274,CUST-1002,Charlie Brown,Toronto,Books,History of Computing,24.03,1,0.15,Apple Pay,COMPLETED,2025-05-30 19:48:25
ORD-101275,CUST-1003,Diana Prince,Tokyo,Sports & Outdoors,Bicycle Helmet,88.84,1,0.25,Apple Pay,PENDING,2025-02-10 20:04:37
ORD-101276,CUST-1014,Oscar Martinez,Paris,Home & Kitchen,Espresso Machine,165.11,2,0.15,Credit Card,PENDING,2025-06-27 06:15:03
ORD-101277,CUST-1003,Diana Prince,Sydney,Clothing,Running Shoes,134.43,1,0.25,UPI / Digital Wallet,PENDING,2025-06-07 21:55:52
ORD-101278,CUST-1011,Laura Croft,Paris,Sports & Outdoors,Bicycle Helmet,192.6,1,0.05,Apple Pay,COMPLETED,2025-12-23 07:32:55
ORD-101279,CUST-1016,Quentin Tarantino,Singapore,Sports & Outdoors,Yoga Mat,28.38,1,0.1,Credit Card,PENDING,2025-09-05 17:12:38
ORD-101280,CUST-1018,Steve Rogers,Toronto,Electronics,Laptop,1198.46,1,0.2,Apple Pay,COMPLETED,2025-05-01 07:35:55
ORD-101281,CUST-1015,Pam Beesly,Sydney,Home & Kitchen,Cookware Set,204.57,5,0.2,Debit Card,COMPLETED,2025-03-01 01:09:09
ORD-101282,CUST-1016,Quentin Tarantino,San Francisco,Electronics,Smartwatch,70.53,2,0.0,UPI / Digital Wallet,RETURNED,2025-11-16 06:07:03
ORD-101283,CUST-1019,Tony Stark,Mumbai,Books,Data Engineering Handbook,30.21,2,0.15,Apple Pay,RETURNED,2025-02-12 00:31:56
ORD-101284,CUST-1004,Evan Wright,Berlin,Electronics,4K Monitor,758.59,2,0.25,Credit Card,COMPLETED,2025-01-12 12:21:57
ORD-101285,CUST-1015,Pam Beesly,Paris,Clothing,Denim Jeans,101.47,3,0.2,UPI / Digital Wallet,COMPLETED,2025-01-08 09:01:02
ORD-101286,CUST-1016,Quentin Tarantino,Toronto,Sports & Outdoors,Bicycle Helmet,198.26,3,0.1,Apple Pay,RETURNED,2025-01-18 11:59:39
ORD-101287,CUST-1016,Quentin Tarantino,San Francisco,Home & Kitchen,Toaster,346.55,1,0.2,Credit Card,COMPLETED,2025-10-20 20:50:55
ORD-101288,CUST-1005,Fiona Gallagher,San Francisco,Electronics,Bluetooth Speaker,800.65,1,0.05,PayPal,COMPLETED,2025-12-25 16:49:59
ORD-101289,CUST-1010,Kevin Bacon,Tokyo,Sports & Outdoors,Bicycle Helmet,134.95,1,0.0,Apple Pay,PENDING,2025-03-02 06:42:11
ORD-101290,CUST-1010,Kevin Bacon,San Francisco,Clothing,Sneakers,76.31,1,0.2,PayPal,COMPLETED,2025-11-05 09:23:46
ORD-101291,CUST-1014,Oscar Martinez,Tokyo,Electronics,Smartwatch,448.8,2,0.25,PayPal,CANCELLED,2025-05-09 07:25:31
ORD-101292,CUST-1006,George Clark,San Francisco,Home & Kitchen,Cookware Set,113.73,3,0.15,PayPal,COMPLETED,2025-10-09 03:34:08
ORD-101293,CUST-1009,Julia Roberts,Paris,Books,History of Computing,31.47,1,0.25,Credit Card,COMPLETED,2025-10-07 09:33:25
ORD-101294,CUST-1000,Alice Smith,London,Home & Kitchen,Air Fryer,155.56,2,0.0,PayPal,RETURNED,2025-06-18 14:40:30
ORD-101295,CUST-1004,Evan Wright,Singapore,Clothing,Sneakers,67.02,2,0.15,PayPal,COMPLETED,2025-05-19 17:57:49
ORD-101296,CUST-1014,Oscar Martinez,Mumbai,Books,Biography,30.49,1,0.1,Credit Card,COMPLETED,2025-08-12 04:17:48
ORD-101297,CUST-1008,Ian Malcolm,Paris,Books,Economics 101,39.37,5,0.0,PayPal,COMPLETED,2025-07-03 09:51:16
ORD-101298,CUST-1017,Rachel Green,San Francisco,Home & Kitchen,Vacuum Cleaner,225.32,1,0.25,Apple Pay,COMPLETED,2025-03-14 02:46:14
ORD-101299,CUST-1009,,London,Sports & Outdoors,Yoga Mat,150.75,1,0.05,Debit Card,COMPLETED,2025-12-01 09:29:46
ORD-101300,CUST-1005,Fiona Gallagher,Paris,Clothing,Winter Jacket,116.06,1,0.15,Debit Card,COMPLETED,2025-11-13 14:47:20
ORD-101301,CUST-1003,Diana Prince,Berlin,Electronics,Smartwatch,94.97,2,0.0,Credit Card,PENDING,2025-12-29 07:53:32
ORD-101302,CUST-1004,Evan Wright,Mumbai,Sports & Outdoors,Camping Tent,137.97,1,0.1,PayPal,CANCELLED,2025-07-09 16:16:23
ORD-101303,CUST-1018,,Toronto,Home & Kitchen,Toaster,101.79,3,0.2,Credit Card,PENDING,2025-08-21 21:51:55
ORD-101304,CUST-1014,Oscar Martinez,Sydney,Sports & Outdoors,Yoga Mat,233.48,1,0.1,Debit Card,COMPLETED,2025-01-18 12:11:14
ORD-101305,CUST-1007,Hannah Abbott,San Francisco,Clothing,Winter Jacket,45.88,2,0.05,PayPal,RETURNED,2025-08-31 07:20:59
ORD-101306,CUST-1009,Julia Roberts,Sydney,Clothing,Hooded Sweatshirt,25.6,1,0.0,UPI / Digital Wallet,COMPLETED,2025-02-14 05:39:21
ORD-101307,CUST-1001,Bob Jones,Singapore,Electronics,Wireless Headphones,1009.97,1,0.2,Apple Pay,COMPLETED,2025-11-11 14:44:53
ORD-101308,CUST-1016,Quentin Tarantino,New York,Books,History of Computing,39.57,1,0.25,Debit Card,COMPLETED,2025-12-06 19:47:08
ORD-101309,CUST-1015,Pam Beesly,Toronto,Home & Kitchen,Blender,272.8,2,0.05,Debit Card,COMPLETED,2025-03-29 09:45:18
ORD-101310,CUST-1000,Alice Smith,Sydney,Sports & Outdoors,Hiking Backpack,154.05,1,0.15,Credit Card,COMPLETED,2025-10-10 03:18:23
ORD-101311,CUST-1014,Oscar Martinez,London,Sports & Outdoors,Water Bottle,23.82,2,0.25,Credit Card,PENDING,2025-09-18 06:53:06
ORD-101312,CUST-1019,Tony Stark,London,Electronics,Wireless Headphones,279.73,2,0.15,Debit Card,CANCELLED,2025-01-17 22:40:03
ORD-101313,CUST-1004,Evan Wright,London,Sports & Outdoors,Yoga Mat,168.75,2,0.0,Debit Card,RETURNED,2025-12-13 17:10:32
ORD-101314,CUST-1016,Quentin Tarantino,Toronto,Books,Biography,43.41,2,0.1,UPI / Digital Wallet,COMPLETED,2025-03-02 10:58:52
ORD-101315,CUST-1000,Alice Smith,Toronto,Electronics,4K Monitor,1113.82,1,0.0,PayPal,COMPLETED,2025-04-25 13:51:17
ORD-101316,CUST-1002,Charlie Brown,Berlin,Sports & Outdoors,Yoga Mat,56.96,1,0.2,Credit Card,COMPLETED,2025-02-17 23:25:49
ORD-101317,CUST-1000,Alice Smith,Singapore,Home & Kitchen,Air Fryer,284.82,2,0.15,UPI / Digital Wallet,COMPLETED,2025-05-27 08:35:38
ORD-101318,CUST-1001,Bob Jones,Paris,Books,Data Engineering Handbook,36.8,1,0.15,Apple Pay,COMPLETED,2025-04-20 17:31:34
ORD-101319,CUST-1001,Bob Jones,Berlin,Books,Economics 101,14.82,1,0.15,Apple Pay,COMPLETED,2025-06-18 12:17:03
ORD-101320,CUST-1019,Tony Stark,Singapore,Sports & Outdoors,Yoga Mat,30.98,1,0.2,Debit Card,COMPLETED,2025-03-11 08:01:15
ORD-101321,CUST-1001,Bob Jones,Sydney,Electronics,Bluetooth Speaker,418.16,1,0.25,Credit Card,RETURNED,2025-12-17 10:03:16
ORD-101322,CUST-1004,Evan Wright,Berlin,Clothing,Hooded Sweatshirt,28.14,1,0.15,Debit Card,COMPLETED,2025-06-21 16:33:21
ORD-101323,CUST-1010,Kevin Bacon,Sydney,Sports & Outdoors,Hiking Backpack,122.52,1,0.15,UPI / Digital Wallet,COMPLETED,2025-01-07 14:03:10
ORD-101324,CUST-1009,Julia Roberts,Berlin,Sports & Outdoors,Camping Tent,83.68,2,0.05,Credit Card,COMPLETED,2025-01-17 06:51:09
ORD-101325,CUST-1015,Pam Beesly,Tokyo,Books,Cookbook,35.66,1,0.25,Credit Card,COMPLETED,2025-10-05 18:18:41
ORD-101326,CUST-1006,George Clark,Tokyo,Home & Kitchen,Blender,138.93,1,0.05,Debit Card,RETURNED,2025-03-26 21:17:42
ORD-101327,CUST-1003,Diana Prince,London,Sports & Outdoors,Camping Tent,147.41,4,0.05,UPI / Digital Wallet,COMPLETED,2025-10-22 17:44:54
ORD-101328,CUST-1014,Oscar Martinez,Tokyo,Sports & Outdoors,Water Bottle,208.37,2,0.0,UPI / Digital Wallet,COMPLETED,2025-02-20 13:53:39
ORD-101329,CUST-1011,Laura Croft,Sydney,Home & Kitchen,Cookware Set,237.56,1,0.0,Apple Pay,COMPLETED,2025-06-28 00:39:07
ORD-101330,CUST-1015,Pam Beesly,Paris,Electronics,Wireless Headphones,1005.89,2,0.1,PayPal,COMPLETED,2025-12-27 21:56:15
ORD-101331,CUST-1009,Julia Roberts,Mumbai,Books,Biography,27.79,1,0.05,PayPal,RETURNED,2025-04-09 11:49:07
ORD-101332,CUST-1014,Oscar Martinez,Mumbai,Books,Cookbook,25.33,1,0.15,PayPal,CANCELLED,2025-02-17 22:54:45
ORD-101333,CUST-1014,Oscar Martinez,San Francisco,Electronics,4K Monitor,202.92,3,0.1,PayPal,CANCELLED,2025-09-23 13:13:05
ORD-101334,CUST-1008,Ian Malcolm,San Francisco,Electronics,Wireless Headphones,485.24,3,0.15,Debit Card,COMPLETED,2025-03-28 20:16:12
ORD-101335,CUST-1006,George Clark,Toronto,Sports & Outdoors,Water Bottle,56.08,1,0.25,Credit Card,COMPLETED,2025-06-19 22:33:43
ORD-101336,CUST-1013,Nora Jones,Singapore,Electronics,Bluetooth Speaker,1077.85,1,0.1,Credit Card,COMPLETED,2025-03-15 22:57:38
ORD-101337,CUST-1001,Bob Jones,San Francisco,Clothing,Winter Jacket,23.05,1,0.05,PayPal,COMPLETED,2025-10-28 02:50:32
ORD-101338,CUST-1007,Hannah Abbott,San Francisco,Home & Kitchen,Air Fryer,282.46,1,0.25,Apple Pay,COMPLETED,2025-05-09 18:15:13
ORD-101339,CUST-1018,Steve Rogers,Toronto,Electronics,Smartphone,383.97,4,0.2,Apple Pay,COMPLETED,2025-05-16 08:24:21
ORD-101340,CUST-1016,Quentin Tarantino,Singapore,Home & Kitchen,Cookware Set,349.19,2,0.05,PayPal,COMPLETED,2025-03-30 18:15:02
ORD-101341,CUST-1015,Pam Beesly,Tokyo,Books,Economics 101,39.61,1,0.15,Credit Card,CANCELLED,2025-10-19 11:15:39
ORD-101342,CUST-1007,Hannah Abbott,Singapore,Books,Data Engineering Handbook,26.97,2,0.1,Debit Card,COMPLETED,2025-07-30 21:53:57
ORD-101343,CUST-1013,Nora Jones,Mumbai,Sports & Outdoors,Hiking Backpack,92.23,1,0.0,Debit Card,COMPLETED,2025-02-14 12:08:52
ORD-101344,CUST-1018,Steve Rogers,Berlin,Electronics,Bluetooth Speaker,644.61,1,0.1,Debit Card,PENDING,2025-06-17 23:22:59
ORD-101345,CUST-1016,Quentin Tarantino,Singapore,Home & Kitchen,Cookware Set,147.0,2,0.15,UPI / Digital Wallet,COMPLETED,2025-07-15 14:08:07
ORD-101346,CUST-1009,Julia Roberts,Paris,Books,Economics 101,8.56,3,0.25,UPI / Digital Wallet,PENDING,2025-10-03 20:17:36
ORD-101347,CUST-1018,Steve Rogers,London,Electronics,Smartphone,583.26,2,0.25,UPI / Digital Wallet,RETURNED,2025-01-22 08:44:42
ORD-101348,CUST-1012,Michael Scott,Mumbai,Sports & Outdoors,Yoga Mat,32.31,5,0.1,UPI / Digital Wallet,COMPLETED,2025-03-10 23:30:18
ORD-101349,CUST-1008,Ian Malcolm,Sydney,Electronics,Bluetooth Speaker,802.31,2,0.25,UPI / Digital Wallet,COMPLETED,2025-10-01 09:47:51
ORD-101350,CUST-1004,Evan Wright,New York,Clothing,Sneakers,106.91,3,0.15,Credit Card,PENDING,2025-06-02 15:49:13
ORD-101351,CUST-1002,Charlie Brown,Toronto,Books,Biography,17.31,1,0.2,Credit Card,COMPLETED,2025-11-12 01:00:32
ORD-101352,CUST-1015,Pam Beesly,London,Books,Biography,19.41,5,0.25,Debit Card,COMPLETED,2025-04-18 08:27:07
ORD-101353,CUST-1011,Laura Croft,Tokyo,Home & Kitchen,Vacuum Cleaner,140.12,2,0.25,UPI / Digital Wallet,RETURNED,2025-12-08 13:52:53
ORD-101354,CUST-1017,Rachel Green,Tokyo,Clothing,Cotton T-Shirt,103.31,2,0.15,UPI / Digital Wallet,COMPLETED,2025-04-29 19:26:19
ORD-101355,CUST-1004,Evan Wright,Sydney,Books,History of Computing,23.22,3,0.15,Debit Card,COMPLETED,2025-03-04 12:13:01
ORD-101356,CUST-1008,Ian Malcolm,Mumbai,Electronics,Smartwatch,814.17,1,0.1,Credit Card,COMPLETED,2025-08-27 00:51:06
ORD-101357,CUST-1008,Ian Malcolm,London,Books,Economics 101,38.69,1,0.1,Debit Card,CANCELLED,2025-11-29 17:39:14
ORD-101358,CUST-1006,George Clark,Paris,Electronics,Smartphone,426.75,2,0.2,Debit Card,RETURNED,2025-01-04 09:56:55
ORD-101359,CUST-1015,,Paris,Home & Kitchen,Blender,192.56,5,0.25,UPI / Digital Wallet,COMPLETED,2025-06-05 23:49:13
ORD-101360,CUST-1019,,,Sports & Outdoors,Hiking Backpack,244.44,4,0.2,UPI / Digital Wallet,RETURNED,2025-11-09 02:31:05
ORD-101361,CUST-1009,Julia Roberts,New York,Sports & Outdoors,Water Bottle,91.8,5,0.05,Apple Pay,RETURNED,2025-04-05 20:38:30
ORD-101362,CUST-1008,Ian Malcolm,Paris,Home & Kitchen,Air Fryer,299.65,1,0.15,PayPal,CANCELLED,2025-04-30 16:38:43
ORD-101363,CUST-1009,Julia Roberts,New York,Clothing,Hooded Sweatshirt,96.37,2,0.15,Debit Card,COMPLETED,2025-05-07 22:29:46
ORD-101364,CUST-1011,Laura Croft,Tokyo,Electronics,Smartwatch,986.02,3,0.15,Credit Card,PENDING,2025-10-10 00:20:02
ORD-101365,CUST-1002,Charlie Brown,Singapore,Home & Kitchen,Air Fryer,131.52,3,0.25,PayPal,COMPLETED,2025-08-12 22:17:40
ORD-101366,CUST-1003,Diana Prince,Singapore,Books,Biography,25.34,1,0.25,Debit Card,COMPLETED,2025-03-01 23:40:25
ORD-101367,CUST-1005,Fiona Gallagher,London,Electronics,Wireless Headphones,573.88,3,0.25,PayPal,COMPLETED,2025-03-13 16:41:06
ORD-101368,CUST-1001,Bob Jones,London,Home & Kitchen,Cookware Set,241.47,4,0.2,Credit Card,CANCELLED,2025-12-02 15:36:40
ORD-101369,CUST-1002,Charlie Brown,Toronto,Books,Economics 101,15.24,-1,0.1,UPI / Digital Wallet,COMPLETED,2025-12-02 15:46:13
ORD-101370,CUST-1003,Diana Prince,Toronto,Electronics,4K Monitor,592.66,2,0.2,PayPal,PENDING,2025-10-14 17:40:36
ORD-101371,CUST-1015,Pam Beesly,London,Home & Kitchen,Espresso Machine,138.19,1,0.15,Debit Card,RETURNED,2025-04-27 04:46:47
ORD-101372,CUST-1007,Hannah Abbott,Singapore,Books,Biography,16.42,1,0.05,Apple Pay,COMPLETED,2025-06-24 10:06:33
ORD-101373,CUST-1001,Bob Jones,Singapore,Home & Kitchen,Blender,26.42,2,0.15,Apple Pay,COMPLETED,2025-06-05 00:46:41
ORD-101374,CUST-1005,Fiona Gallagher,Singapore,Sports & Outdoors,Hiking Backpack,116.91,1,0.1,PayPal,PENDING,2025-02-20 07:23:02
ORD-101375,CUST-1013,Nora Jones,Toronto,Sports & Outdoors,Bicycle Helmet,212.99,-1,0.15,PayPal,RETURNED,2025-09-04 13:43:56
ORD-101376,CUST-1008,Ian Malcolm,Singapore,Electronics,Bluetooth Speaker,854.78,1,0.1,UPI / Digital Wallet,RETURNED,2025-06-13 15:23:32
ORD-101377,CUST-1006,George Clark,Berlin,Clothing,Denim Jeans,138.25,2,0.0,UPI / Digital Wallet,CANCELLED,2025-03-12 01:47:04
ORD-101378,CUST-1006,George Clark,London,Electronics,Laptop,121.98,1,0.0,Debit Card,PENDING,2025-12-03 02:51:14
ORD-101379,CUST-1013,Nora Jones,San Francisco,Books,Economics 101,41.79,4,0.25,Debit Card,COMPLETED,2025-10-01 07:33:57
ORD-101380,CUST-1016,Quentin Tarantino,London,Books,Economics 101,16.51,4,0.2,UPI / Digital Wallet,COMPLETED,2025-12-04 00:47:12
ORD-101381,CUST-1005,Fiona Gallagher,Tokyo,Home & Kitchen,Toaster,94.52,3,0.15,Debit Card,COMPLETED,2025-04-04 15:34:30
ORD-101382,CUST-1015,Pam Beesly,Berlin,Books,Cookbook,23.0,3,0.1,Apple Pay,CANCELLED,2025-01-22 02:47:15
ORD-101383,CUST-1002,Charlie Brown,Mumbai,Books,Economics 101,30.53,1,0.2,Apple Pay,COMPLETED,2025-01-23 06:56:51
ORD-101384,CUST-1012,Michael Scott,Tokyo,Electronics,Bluetooth Speaker,484.87,3,0.0,PayPal,COMPLETED,2025-12-25 12:40:48
ORD-101385,CUST-1019,Tony Stark,Mumbai,Electronics,Wireless Headphones,500.65,5,0.05,Credit Card,RETURNED,2025-11-17 13:16:34
ORD-101386,CUST-1006,George Clark,Toronto,Sports & Outdoors,Camping Tent,244.16,3,0.15,UPI / Digital Wallet,COMPLETED,2025-02-13 09:52:18
ORD-101387,CUST-1009,Julia Roberts,New York,Sports & Outdoors,Yoga Mat,26.38,3,0.2,Credit Card,COMPLETED,2025-07-15 11:02:17
ORD-101388,CUST-1001,Bob Jones,Tokyo,Books,Sci-Fi Novel,14.26,2,0.25,Apple Pay,COMPLETED,2025-08-04 21:34:00
ORD-101389,CUST-1005,Fiona Gallagher,New York,Electronics,Bluetooth Speaker,705.63,1,0.0,PayPal,CANCELLED,2025-03-28 02:02:27
ORD-101390,CUST-1006,George Clark,Tokyo,Books,Biography,9.45,1,0.25,Apple Pay,PENDING,2025-10-06 00:55:30
ORD-101391,CUST-1019,Tony Stark,San Francisco,Home & Kitchen,Toaster,142.79,2,0.15,PayPal,PENDING,2025-06-01 14:40:17
ORD-101392,CUST-1009,Julia Roberts,Paris,Electronics,Wireless Headphones,839.06,4,0.0,PayPal,RETURNED,2025-12-20 10:08:05
ORD-101393,CUST-1009,Julia Roberts,Paris,Books,Sci-Fi Novel,33.94,2,0.2,PayPal,PENDING,2025-04-14 12:46:07
ORD-101394,CUST-1012,,Toronto,Clothing,Denim Jeans,35.58,4,0.15,PayPal,CANCELLED,2025-02-21 16:49:23
ORD-101395,CUST-1004,Evan Wright,San Francisco,Clothing,Running Shoes,85.22,3,0.0,Apple Pay,PENDING,2025-04-27 19:50:33
ORD-101396,CUST-1019,Tony Stark,Berlin,Books,Cookbook,17.34,1,0.05,UPI / Digital Wallet,PENDING,2025-06-15 14:52:58
ORD-101397,CUST-1010,Kevin Bacon,Mumbai,Electronics,Wireless Headphones,629.74,2,0.25,PayPal,RETURNED,2025-05-01 23:35:01
ORD-101398,CUST-1010,Kevin Bacon,Tokyo,Home & Kitchen,Espresso Machine,209.73,3,0.2,Credit Card,RETURNED,2025-03-13 08:40:24
ORD-101399,CUST-1003,Diana Prince,Berlin,Clothing,Running Shoes,42.67,3,0.1,PayPal,COMPLETED,2025-01-27 07:22:21
ORD-101400,CUST-1015,Pam Beesly,Singapore,Electronics,Bluetooth Speaker,411.25,3,0.15,PayPal,RETURNED,2025-07-07 02:12:44
ORD-101401,CUST-1017,Rachel Green,Berlin,Clothing,Hooded Sweatshirt,48.23,2,0.15,PayPal,COMPLETED,2025-06-10 13:56:06
ORD-101402,CUST-1003,Diana Prince,New York,Books,Cookbook,35.59,1,0.15,Debit Card,COMPLETED,2025-09-05 22:00:01
ORD-101403,CUST-1010,Kevin Bacon,Mumbai,Books,Sci-Fi Novel,22.41,2,0.25,Apple Pay,COMPLETED,2025-07-24 11:33:57
ORD-101404,CUST-1018,Steve Rogers,London,Sports & Outdoors,Water Bottle,52.45,1,0.05,Debit Card,COMPLETED,2025-09-03 16:54:40
ORD-101405,CUST-1019,Tony Stark,Paris,Books,Data Engineering Handbook,10.52,1,0.0,PayPal,CANCELLED,2025-10-03 21:47:00
ORD-101406,CUST-1013,Nora Jones,Mumbai,Books,Cookbook,33.37,3,0.25,Credit Card,RETURNED,2025-02-17 19:56:54
ORD-101407,CUST-1015,Pam Beesly,Singapore,Sports & Outdoors,Camping Tent,31.52,4,0.0,Debit Card,COMPLETED,2025-08-11 18:52:37
ORD-101408,CUST-1004,,Paris,Clothing,Cotton T-Shirt,66.52,1,0.1,Apple Pay,CANCELLED,2025-06-04 16:13:30
ORD-101409,CUST-1014,Oscar Martinez,Paris,Books,Data Engineering Handbook,44.63,1,0.2,PayPal,COMPLETED,2025-04-11 04:51:20
ORD-101410,CUST-1016,Quentin Tarantino,Mumbai,Books,History of Computing,33.71,4,0.2,Debit Card,COMPLETED,2025-07-25 16:47:26
ORD-101411,CUST-1015,Pam Beesly,Mumbai,Clothing,Denim Jeans,40.28,1,0.15,PayPal,COMPLETED,2025-12-05 12:15:51
ORD-101412,CUST-1013,Nora Jones,Singapore,Sports & Outdoors,Bicycle Helmet,109.8,4,0.2,Apple Pay,COMPLETED,2025-05-23 18:43:56
ORD-101413,CUST-1011,Laura Croft,Tokyo,Clothing,Hooded Sweatshirt,147.43,1,0.0,Credit Card,COMPLETED,2025-12-06 14:18:14
ORD-101414,CUST-1008,Ian Malcolm,Mumbai,Clothing,Cotton T-Shirt,110.52,1,0.1,PayPal,COMPLETED,2025-07-21 11:56:23
ORD-101415,CUST-1000,Alice Smith,London,Home & Kitchen,Espresso Machine,26.49,5,0.25,Credit Card,COMPLETED,2025-07-13 01:38:41
ORD-101416,CUST-1016,Quentin Tarantino,Mumbai,Clothing,Sneakers,54.44,1,0.15,Apple Pay,COMPLETED,2025-01-16 20:38:02
ORD-101417,CUST-1008,Ian Malcolm,Sydney,Books,Data Engineering Handbook,10.57,1,0.25,PayPal,COMPLETED,2025-10-07 14:45:56
ORD-101418,CUST-1008,Ian Malcolm,Berlin,Books,Data Engineering Handbook,30.24,1,0.0,PayPal,RETURNED,2025-10-20 15:09:13
ORD-101419,CUST-1003,Diana Prince,Tokyo,Clothing,Sneakers,136.78,2,0.05,UPI / Digital Wallet,COMPLETED,2025-03-09 19:41:04
ORD-101420,CUST-1005,Fiona Gallagher,London,Books,Sci-Fi Novel,15.94,3,0.0,Debit Card,CANCELLED,2025-04-17 07:12:40
ORD-101421,CUST-1011,Laura Croft,Sydney,Sports & Outdoors,Water Bottle,75.35,1,0.0,Debit Card,PENDING,2025-01-07 10:34:28
ORD-101422,CUST-1018,Steve Rogers,Mumbai,Electronics,Smartphone,1024.33,-1,0.05,Apple Pay,COMPLETED,2025-02-12 14:46:55
ORD-101423,CUST-1003,Diana Prince,Singapore,Electronics,Wireless Headphones,888.64,1,0.1,UPI / Digital Wallet,COMPLETED,2025-05-21 07:00:16
ORD-101424,CUST-1009,Julia Roberts,Paris,Home & Kitchen,Vacuum Cleaner,137.01,1,0.05,Credit Card,CANCELLED,2025-12-10 10:08:59
ORD-101425,CUST-1010,Kevin Bacon,Singapore,Home & Kitchen,Espresso Machine,191.77,1,0.1,Apple Pay,CANCELLED,2025-01-29 06:19:48
ORD-101426,CUST-1015,Pam Beesly,Mumbai,Electronics,4K Monitor,679.09,4,0.0,UPI / Digital Wallet,PENDING,2025-04-01 14:19:23
ORD-101427,CUST-1011,Laura Croft,Toronto,Electronics,Laptop,272.09,3,0.1,UPI / Digital Wallet,COMPLETED,2025-02-09 16:42:35
ORD-101428,CUST-1007,Hannah Abbott,Paris,Books,Sci-Fi Novel,28.28,4,0.0,UPI / Digital Wallet,CANCELLED,2025-03-11 05:45:50
ORD-101429,CUST-1012,Michael Scott,Berlin,Sports & Outdoors,Bicycle Helmet,22.04,2,0.25,PayPal,RETURNED,2025-07-11 03:58:24
ORD-101430,CUST-1017,Rachel Green,London,Home & Kitchen,Air Fryer,326.56,1,0.05,UPI / Digital Wallet,COMPLETED,2025-04-19 06:22:12
ORD-101431,CUST-1006,George Clark,Paris,Clothing,Denim Jeans,94.97,1,0.05,Debit Card,COMPLETED,2025-03-05 17:44:52
ORD-101432,CUST-1006,George Clark,Singapore,Home & Kitchen,Toaster,328.87,1,0.1,UPI / Digital Wallet,COMPLETED,2025-04-13 10:00:20
ORD-101433,CUST-1007,Hannah Abbott,Mumbai,Electronics,4K Monitor,618.64,1,0.05,UPI / Digital Wallet,COMPLETED,2025-04-04 16:37:49
ORD-101434,CUST-1016,Quentin Tarantino,New York,Clothing,Denim Jeans,100.42,1,0.15,Credit Card,COMPLETED,2025-12-24 04:04:31
ORD-101435,CUST-1019,Tony Stark,San Francisco,Sports & Outdoors,Camping Tent,29.29,5,0.1,UPI / Digital Wallet,COMPLETED,2025-09-07 02:07:14
ORD-101436,CUST-1007,Hannah Abbott,Sydney,Electronics,Smartwatch,582.32,1,0.25,Debit Card,PENDING,2025-07-09 01:38:46
ORD-101437,CUST-1003,Diana Prince,Toronto,Clothing,Denim Jeans,34.92,3,0.15,Debit Card,RETURNED,2025-07-30 16:19:54
ORD-101438,CUST-1019,Tony Stark,Berlin,Clothing,Sneakers,51.01,3,0.0,Credit Card,COMPLETED,2025-12-27 14:06:41
ORD-101439,CUST-1017,Rachel Green,San Francisco,Sports & Outdoors,Hiking Backpack,203.97,3,0.1,PayPal,COMPLETED,2025-04-04 02:25:00
ORD-101440,CUST-1008,Ian Malcolm,Mumbai,Electronics,4K Monitor,1116.9,1,0.2,Apple Pay,COMPLETED,2025-08-16 03:40:54
ORD-101441,CUST-1007,Hannah Abbott,Sydney,Clothing,Denim Jeans,127.77,1,0.15,Apple Pay,CANCELLED,2025-09-23 11:34:40
ORD-101442,CUST-1008,Ian Malcolm,Singapore,Home & Kitchen,Blender,101.23,4,0.25,UPI / Digital Wallet,CANCELLED,2025-08-03 21:09:57
ORD-101443,CUST-1012,Michael Scott,Mumbai,Electronics,4K Monitor,915.82,3,0.15,PayPal,COMPLETED,2025-02-22 23:07:41
ORD-101444,CUST-1015,Pam Beesly,Mumbai,Clothing,Winter Jacket,143.99,3,0.25,Apple Pay,COMPLETED,2025-09-20 14:37:58
ORD-101445,CUST-1016,Quentin Tarantino,Berlin,Electronics,Smartphone,1091.25,2,0.1,Credit Card,COMPLETED,2025-07-02 16:26:00
ORD-101446,CUST-1013,Nora Jones,Mumbai,Home & Kitchen,Cookware Set,249.53,1,0.1,UPI / Digital Wallet,COMPLETED,2025-12-13 10:40:20
ORD-101447,CUST-1004,Evan Wright,Sydney,Home & Kitchen,Air Fryer,85.22,5,0.25,Apple Pay,RETURNED,2025-11-10 10:03:50
ORD-101448,CUST-1017,Rachel Green,Sydney,Sports & Outdoors,Dumbbell Set,66.51,1,0.05,Apple Pay,COMPLETED,2025-11-03 21:51:17
ORD-101449,CUST-1008,Ian Malcolm,Mumbai,Electronics,Wireless Headphones,254.86,2,0.2,UPI / Digital Wallet,COMPLETED,2025-04-04 17:48:16
ORD-101450,CUST-1010,Kevin Bacon,Toronto,Sports & Outdoors,Hiking Backpack,139.37,2,0.05,Debit Card,CANCELLED,2025-05-23 18:16:41
ORD-101451,CUST-1010,Kevin Bacon,Mumbai,Books,Biography,38.0,1,0.1,UPI / Digital Wallet,COMPLETED,2025-10-24 23:03:33
ORD-101452,CUST-1003,Diana Prince,Paris,Books,Economics 101,28.04,1,0.25,Apple Pay,COMPLETED,2025-06-05 02:57:32
ORD-101453,CUST-1000,Alice Smith,Berlin,Home & Kitchen,Air Fryer,262.07,2,0.0,Apple Pay,COMPLETED,2025-06-12 19:23:50
ORD-101454,CUST-1008,Ian Malcolm,New York,Books,Economics 101,17.82,2,0.15,PayPal,COMPLETED,2025-12-23 09:00:51
ORD-101455,CUST-1006,George Clark,New York,Electronics,Smartphone,411.11,2,0.0,Debit Card,COMPLETED,2025-06-28 09:40:22
ORD-101456,CUST-1005,Fiona Gallagher,Mumbai,Sports & Outdoors,Camping Tent,147.56,1,0.05,Apple Pay,PENDING,2025-06-26 06:15:10
ORD-101457,CUST-1018,Steve Rogers,Paris,Sports & Outdoors,Yoga Mat,192.68,1,0.15,Credit Card,RETURNED,2025-06-30 15:59:38
ORD-101458,CUST-1006,George Clark,Mumbai,Home & Kitchen,Toaster,168.29,2,0.2,Apple Pay,CANCELLED,2025-10-26 06:02:04
ORD-101459,CUST-1003,Diana Prince,Mumbai,Electronics,4K Monitor,230.88,4,0.0,Debit Card,COMPLETED,2025-07-20 11:15:46
ORD-101460,CUST-1014,Oscar Martinez,Toronto,Home & Kitchen,Blender,173.81,3,0.25,PayPal,COMPLETED,2025-10-30 22:11:19
ORD-101461,CUST-1014,Oscar Martinez,Tokyo,Electronics,Bluetooth Speaker,873.22,2,0.0,Credit Card,RETURNED,2025-03-10 05:45:46
ORD-101462,CUST-1009,Julia Roberts,Mumbai,Clothing,Cotton T-Shirt,136.39,2,0.15,PayPal,COMPLETED,2025-08-04 16:29:09
ORD-101463,CUST-1018,Steve Rogers,Singapore,Home & Kitchen,Vacuum Cleaner,111.63,1,0.2,Credit Card,COMPLETED,2025-09-02 05:53:30
ORD-101464,CUST-1004,Evan Wright,Singapore,Sports & Outdoors,Yoga Mat,124.09,2,0.0,Debit Card,RETURNED,2025-06-29 17:28:23
ORD-101465,CUST-1013,Nora Jones,San Francisco,Electronics,Laptop,708.86,2,0.15,PayPal,RETURNED,2025-02-14 21:18:08
ORD-101466,CUST-1007,Hannah Abbott,Toronto,Home & Kitchen,Vacuum Cleaner,176.57,1,0.2,Credit Card,COMPLETED,2025-06-03 18:30:58
ORD-101467,CUST-1016,Quentin Tarantino,Sydney,Sports & Outdoors,Hiking Backpack,155.03,2,0.15,PayPal,COMPLETED,2025-11-30 10:24:26
ORD-101468,CUST-1003,Diana Prince,Paris,Clothing,Sneakers,80.13,3,0.15,Apple Pay,COMPLETED,2025-01-28 02:24:57
ORD-101469,CUST-1018,Steve Rogers,Paris,Clothing,Denim Jeans,95.29,1,0.0,PayPal,COMPLETED,2025-09-17 18:38:15
ORD-101470,CUST-1011,Laura Croft,Berlin,Books,Data Engineering Handbook,15.48,1,0.25,UPI / Digital Wallet,COMPLETED,2025-05-08 20:24:20
ORD-101471,CUST-1016,Quentin Tarantino,New York,Clothing,Denim Jeans,31.78,1,0.1,UPI / Digital Wallet,COMPLETED,2025-05-09 21:37:56
ORD-101472,CUST-1001,Bob Jones,,Home & Kitchen,Air Fryer,109.53,1,0.05,Credit Card,PENDING,2025-09-16 21:25:51
ORD-101473,CUST-1015,Pam Beesly,Mumbai,Sports & Outdoors,Hiking Backpack,68.63,1,0.0,PayPal,PENDING,2025-11-09 18:47:37
ORD-101474,CUST-1001,Bob Jones,Mumbai,Home & Kitchen,Toaster,32.03,3,0.15,Credit Card,COMPLETED,2025-06-13 00:35:58
ORD-101475,CUST-1010,Kevin Bacon,New York,Sports & Outdoors,Dumbbell Set,50.84,3,0.1,Apple Pay,PENDING,2025-02-20 16:14:06
ORD-101476,CUST-1008,Ian Malcolm,San Francisco,Books,Sci-Fi Novel,9.88,1,0.2,Debit Card,COMPLETED,2025-12-29 16:18:23
ORD-101477,CUST-1010,Kevin Bacon,Paris,Sports & Outdoors,Bicycle Helmet,99.34,2,0.15,Apple Pay,CANCELLED,2025-09-01 01:33:53
ORD-101478,CUST-1007,Hannah Abbott,San Francisco,Electronics,Smartphone,505.67,4,0.2,UPI / Digital Wallet,RETURNED,2025-11-06 21:29:10
ORD-101479,CUST-1011,Laura Croft,San Francisco,Clothing,Sneakers,143.07,5,0.05,UPI / Digital Wallet,COMPLETED,2025-09-20 00:34:57
ORD-101480,CUST-1010,Kevin Bacon,Sydney,Home & Kitchen,Cookware Set,108.93,2,0.2,PayPal,COMPLETED,2025-09-29 02:21:40
ORD-101481,CUST-1003,Diana Prince,Toronto,Sports & Outdoors,Dumbbell Set,38.01,1,0.05,UPI / Digital Wallet,COMPLETED,2025-06-21 09:03:41
ORD-101482,CUST-1015,Pam Beesly,Toronto,Books,Cookbook,25.01,3,0.2,Apple Pay,RETURNED,2025-02-25 09:36:48
ORD-101483,CUST-1007,Hannah Abbott,Paris,Home & Kitchen,Air Fryer,178.28,5,0.1,Credit Card,RETURNED,2025-01-03 15:10:31
ORD-101484,CUST-1000,Alice Smith,Berlin,Clothing,Sneakers,76.46,1,0.15,UPI / Digital Wallet,COMPLETED,2025-04-30 17:03:00
ORD-101485,CUST-1003,Diana Prince,Mumbai,Home & Kitchen,Air Fryer,148.21,3,0.0,Credit Card,COMPLETED,2025-01-12 00:44:41
ORD-101486,CUST-1009,Julia Roberts,Berlin,Books,Economics 101,32.64,1,0.0,Apple Pay,PENDING,2025-07-12 00:21:16
ORD-101487,CUST-1012,Michael Scott,San Francisco,Clothing,Running Shoes,77.67,4,0.05,PayPal,COMPLETED,2025-06-10 10:32:44
ORD-101488,CUST-1006,George Clark,Singapore,Clothing,Denim Jeans,146.56,1,0.05,PayPal,COMPLETED,2025-04-05 23:05:22
ORD-101489,CUST-1007,Hannah Abbott,Paris,Clothing,Denim Jeans,125.41,1,0.15,UPI / Digital Wallet,PENDING,2025-11-04 09:56:42
ORD-101490,CUST-1009,Julia Roberts,Berlin,Sports & Outdoors,Yoga Mat,66.35,2,0.15,PayPal,PENDING,2025-06-26 09:47:02
ORD-101491,CUST-1015,Pam Beesly,Paris,Home & Kitchen,Cookware Set,75.17,5,0.0,PayPal,COMPLETED,2025-02-23 17:03:26
ORD-101492,CUST-1004,Evan Wright,Tokyo,Sports & Outdoors,Hiking Backpack,65.75,1,0.15,PayPal,COMPLETED,2025-08-20 06:13:04
ORD-101493,CUST-1015,Pam Beesly,Singapore,Clothing,Cotton T-Shirt,145.88,3,0.2,Apple Pay,CANCELLED,2025-03-07 17:56:03
ORD-101494,CUST-1018,Steve Rogers,Singapore,Sports & Outdoors,Camping Tent,238.53,1,0.15,Credit Card,RETURNED,2025-10-23 03:15:24
ORD-101495,CUST-1001,Bob Jones,New York,Sports & Outdoors,Dumbbell Set,116.4,2,0.1,Credit Card,COMPLETED,2025-10-24 10:11:30
ORD-101496,CUST-1012,Michael Scott,New York,Sports & Outdoors,Yoga Mat,222.98,2,0.05,Debit Card,COMPLETED,2025-11-17 23:09:31
ORD-101497,CUST-1016,Quentin Tarantino,London,Clothing,Running Shoes,74.42,2,0.25,UPI / Digital Wallet,COMPLETED,2025-12-12 17:18:13
ORD-101498,CUST-1005,Fiona Gallagher,Mumbai,Sports & Outdoors,Dumbbell Set,28.14,2,0.2,Debit Card,COMPLETED,2025-06-08 19:11:01
ORD-101499,CUST-1013,Nora Jones,Singapore,Electronics,Bluetooth Speaker,540.87,1,0.0,UPI / Digital Wallet,COMPLETED,2025-06-26 16:17:25
ORD-101500,CUST-1015,Pam Beesly,San Francisco,Sports & Outdoors,Dumbbell Set,175.06,4,0.2,Credit Card,PENDING,2025-05-19 04:04:15
ORD-101501,CUST-1013,Nora Jones,Tokyo,Books,Economics 101,15.26,1,0.25,Credit Card,RETURNED,2025-04-10 06:16:32
ORD-101502,CUST-1018,Steve Rogers,Toronto,Books,Biography,18.81,2,0.2,Debit Card,COMPLETED,2025-08-02 13:44:52
ORD-101503,CUST-1019,Tony Stark,London,Electronics,Bluetooth Speaker,1089.14,3,0.0,Apple Pay,COMPLETED,2025-06-12 13:02:34
ORD-101504,CUST-1018,Steve Rogers,London,Electronics,Laptop,534.51,2,0.15,PayPal,COMPLETED,2025-06-06 09:36:24
ORD-101505,CUST-1008,Ian Malcolm,Toronto,Sports & Outdoors,Yoga Mat,169.68,2,0.2,Debit Card,RETURNED,2025-05-24 23:36:21
ORD-101506,CUST-1006,George Clark,Singapore,Home & Kitchen,Blender,161.89,1,0.1,UPI / Digital Wallet,COMPLETED,2025-03-09 15:43:12
ORD-101507,CUST-1011,Laura Croft,Berlin,Electronics,Smartwatch,604.03,2,0.1,Debit Card,COMPLETED,2025-04-09 16:13:30
ORD-101508,CUST-1010,Kevin Bacon,New York,Clothing,Winter Jacket,147.55,1,0.15,PayPal,RETURNED,2025-03-30 08:53:50
ORD-101509,CUST-1007,Hannah Abbott,Toronto,Sports & Outdoors,Dumbbell Set,51.58,2,0.15,PayPal,COMPLETED,2025-08-11 13:43:29
ORD-101510,CUST-1005,Fiona Gallagher,,Books,Biography,34.9,1,0.1,UPI / Digital Wallet,RETURNED,2025-10-28 05:29:40
ORD-101511,CUST-1008,Ian Malcolm,Singapore,Clothing,Denim Jeans,40.24,1,0.0,Apple Pay,RETURNED,2025-03-11 06:08:37
ORD-101512,CUST-1005,Fiona Gallagher,London,Books,History of Computing,27.55,2,0.2,UPI / Digital Wallet,CANCELLED,2025-08-07 17:01:48
ORD-101513,CUST-1008,Ian Malcolm,Toronto,Home & Kitchen,Cookware Set,110.19,5,0.15,PayPal,COMPLETED,2025-07-05 12:40:51
ORD-101514,CUST-1015,Pam Beesly,London,Sports & Outdoors,Camping Tent,160.99,2,0.25,UPI / Digital Wallet,COMPLETED,2025-11-05 06:07:00
ORD-101515,CUST-1016,Quentin Tarantino,Toronto,Sports & Outdoors,Hiking Backpack,145.85,1,0.0,PayPal,COMPLETED,2025-07-01 08:30:13
ORD-101516,CUST-1014,Oscar Martinez,Berlin,Sports & Outdoors,Yoga Mat,106.13,2,0.05,Debit Card,COMPLETED,2025-10-18 04:43:30
ORD-101517,CUST-1006,George Clark,Paris,Sports & Outdoors,Yoga Mat,87.19,1,0.2,PayPal,RETURNED,2025-11-16 02:01:13
ORD-101518,CUST-1012,Michael Scott,London,Sports & Outdoors,Hiking Backpack,24.73,1,0.1,Debit Card,COMPLETED,2025-03-02 21:30:37
ORD-101519,CUST-1002,Charlie Brown,Sydney,Books,Cookbook,17.79,5,0.25,Apple Pay,COMPLETED,2025-05-11 10:12:15
ORD-101520,CUST-1004,Evan Wright,Berlin,Books,Cookbook,16.29,1,0.05,UPI / Digital Wallet,COMPLETED,2025-02-12 15:41:36
ORD-101521,CUST-1008,Ian Malcolm,Tokyo,Home & Kitchen,Cookware Set,124.24,1,0.15,Apple Pay,CANCELLED,2025-12-08 07:43:38
ORD-101522,CUST-1011,Laura Croft,Sydney,Home & Kitchen,Espresso Machine,134.54,1,0.25,UPI / Digital Wallet,COMPLETED,2025-05-04 18:55:39
ORD-101523,CUST-1006,George Clark,Tokyo,Clothing,Cotton T-Shirt,128.79,3,0.15,Debit Card,COMPLETED,2025-07-19 03:52:17
ORD-101524,CUST-1008,Ian Malcolm,Paris,Electronics,Laptop,57.25,4,0.2,UPI / Digital Wallet,RETURNED,2025-07-29 11:46:56
ORD-101525,CUST-1006,George Clark,Paris,Books,Economics 101,30.74,1,0.25,Debit Card,COMPLETED,2025-09-06 02:46:58
ORD-101526,CUST-1011,Laura Croft,Tokyo,Sports & Outdoors,Camping Tent,94.01,1,0.2,UPI / Digital Wallet,COMPLETED,2025-04-30 09:43:07
ORD-101527,CUST-1005,Fiona Gallagher,Toronto,Clothing,Hooded Sweatshirt,149.51,1,0.1,Apple Pay,COMPLETED,2025-07-12 23:32:15
ORD-101528,CUST-1006,George Clark,Berlin,Home & Kitchen,Cookware Set,219.16,1,0.2,PayPal,COMPLETED,2025-01-04 06:56:42
ORD-101529,CUST-1011,Laura Croft,New York,Home & Kitchen,Air Fryer,154.89,1,0.15,PayPal,COMPLETED,2025-09-13 18:48:11
ORD-101530,CUST-1019,Tony Stark,New York,Electronics,Smartwatch,450.13,2,0.15,Credit Card,COMPLETED,2025-01-21 01:16:38
ORD-101531,CUST-1010,Kevin Bacon,London,Books,Data Engineering Handbook,19.31,1,0.25,Debit Card,COMPLETED,2025-06-15 13:38:31
ORD-101532,CUST-1008,Ian Malcolm,Berlin,Sports & Outdoors,Water Bottle,112.97,2,0.1,PayPal,COMPLETED,2025-08-07 16:23:31
ORD-101533,CUST-1005,Fiona Gallagher,London,Electronics,Wireless Headphones,1137.95,2,0.25,Credit Card,COMPLETED,2025-03-06 07:05:53
ORD-101534,CUST-1002,Charlie Brown,Paris,Electronics,Smartwatch,704.15,1,0.0,PayPal,COMPLETED,2025-01-18 14:40:14
ORD-101535,CUST-1019,Tony Stark,Singapore,Books,Biography,32.44,1,0.0,Credit Card,CANCELLED,2025-11-18 13:06:22
ORD-101536,CUST-1008,Ian Malcolm,Paris,Electronics,4K Monitor,211.61,2,0.25,PayPal,COMPLETED,2025-11-20 11:04:37
ORD-101537,CUST-1011,Laura Croft,Singapore,Sports & Outdoors,Bicycle Helmet,228.22,2,0.0,Credit Card,COMPLETED,2025-06-20 01:37:39
ORD-101538,CUST-1018,Steve Rogers,San Francisco,Electronics,4K Monitor,612.18,1,0.15,PayPal,COMPLETED,2025-05-28 11:13:50
ORD-101539,CUST-1016,Quentin Tarantino,Berlin,Books,History of Computing,28.62,1,0.05,Apple Pay,PENDING,2025-06-25 10:04:14
ORD-101540,CUST-1001,Bob Jones,San Francisco,Sports & Outdoors,Dumbbell Set,114.09,1,0.05,UPI / Digital Wallet,COMPLETED,2025-12-13 18:16:16
ORD-101541,CUST-1008,Ian Malcolm,London,Books,Cookbook,13.57,3,0.1,Apple Pay,RETURNED,2025-01-20 23:24:09
ORD-101542,CUST-1017,Rachel Green,Paris,Electronics,Laptop,254.65,2,0.1,Credit Card,CANCELLED,2025-03-25 09:30:24
ORD-101543,CUST-1019,Tony Stark,San Francisco,Electronics,Smartphone,1000.11,1,0.2,Credit Card,COMPLETED,2025-07-11 04:50:30
ORD-101544,CUST-1001,Bob Jones,London,Books,History of Computing,37.92,1,0.0,Credit Card,CANCELLED,2025-09-17 04:24:24
ORD-101545,CUST-1004,Evan Wright,Paris,Home & Kitchen,Toaster,37.35,1,0.1,Credit Card,COMPLETED,2025-05-24 09:09:46
ORD-101546,CUST-1002,Charlie Brown,San Francisco,Clothing,Cotton T-Shirt,143.4,1,0.2,UPI / Digital Wallet,COMPLETED,2025-09-09 09:15:14
ORD-101547,CUST-1017,Rachel Green,Tokyo,Books,Economics 101,36.03,1,0.0,Debit Card,RETURNED,2025-11-22 05:24:41
ORD-101548,CUST-1012,Michael Scott,Berlin,Clothing,Cotton T-Shirt,21.98,1,0.05,Debit Card,RETURNED,2025-11-26 16:58:09
ORD-101549,CUST-1000,Alice Smith,London,Home & Kitchen,Vacuum Cleaner,78.04,2,0.15,UPI / Digital Wallet,RETURNED,2025-04-30 19:38:47
ORD-101550,CUST-1007,Hannah Abbott,New York,Sports & Outdoors,Camping Tent,62.12,1,0.2,Debit Card,COMPLETED,2025-04-02 10:48:53
ORD-101551,CUST-1011,Laura Croft,San Francisco,Clothing,Cotton T-Shirt,114.67,2,0.0,UPI / Digital Wallet,RETURNED,2025-07-30 21:38:44
ORD-101552,CUST-1010,Kevin Bacon,Tokyo,Clothing,Hooded Sweatshirt,74.84,1,0.0,Credit Card,CANCELLED,2025-05-05 05:25:01
ORD-101553,CUST-1002,Charlie Brown,Mumbai,Electronics,Laptop,1133.95,3,0.0,Debit Card,COMPLETED,2025-04-25 01:21:19
ORD-101554,CUST-1016,Quentin Tarantino,Berlin,Sports & Outdoors,Bicycle Helmet,209.83,3,0.1,UPI / Digital Wallet,COMPLETED,2025-06-09 20:02:11
ORD-101555,CUST-1011,Laura Croft,New York,Sports & Outdoors,Yoga Mat,212.17,2,0.1,UPI / Digital Wallet,CANCELLED,2025-09-17 03:39:53
ORD-101556,CUST-1018,Steve Rogers,London,Home & Kitchen,Toaster,281.33,1,0.1,UPI / Digital Wallet,COMPLETED,2025-12-19 13:31:46
ORD-101557,CUST-1007,Hannah Abbott,Toronto,Home & Kitchen,Cookware Set,282.95,4,0.15,Debit Card,PENDING,2025-12-26 22:01:01
ORD-101558,CUST-1005,Fiona Gallagher,Tokyo,Electronics,Smartphone,572.21,4,0.15,PayPal,COMPLETED,2025-10-26 11:40:58
ORD-101559,CUST-1005,Fiona Gallagher,New York,Electronics,Wireless Headphones,891.98,3,0.05,PayPal,COMPLETED,2025-09-08 06:34:28
ORD-101560,CUST-1005,Fiona Gallagher,London,Books,Economics 101,32.53,1,0.1,PayPal,PENDING,2025-10-12 20:31:12
ORD-101561,CUST-1013,Nora Jones,Berlin,Clothing,Running Shoes,113.2,1,0.2,PayPal,COMPLETED,2025-12-30 11:43:18
ORD-101562,CUST-1019,Tony Stark,Mumbai,Clothing,Hooded Sweatshirt,48.01,1,0.1,Apple Pay,PENDING,2025-07-18 23:47:54
ORD-101563,CUST-1006,George Clark,New York,Books,Data Engineering Handbook,43.94,3,0.05,Debit Card,COMPLETED,2025-02-04 10:39:13
ORD-101564,CUST-1016,Quentin Tarantino,Sydney,Sports & Outdoors,Hiking Backpack,177.8,1,0.1,PayPal,CANCELLED,2025-12-16 08:27:11
ORD-101565,CUST-1008,Ian Malcolm,Sydney,Sports & Outdoors,Bicycle Helmet,21.31,2,0.05,Credit Card,COMPLETED,2025-08-14 12:25:04
ORD-101566,CUST-1018,Steve Rogers,London,Books,Data Engineering Handbook,25.38,4,0.25,Credit Card,COMPLETED,2025-12-03 15:17:26
ORD-101567,CUST-1004,Evan Wright,Tokyo,Sports & Outdoors,Camping Tent,242.6,1,0.0,Debit Card,COMPLETED,2025-07-06 20:48:58
ORD-101568,CUST-1018,Steve Rogers,Mumbai,Sports & Outdoors,Dumbbell Set,80.94,3,0.1,PayPal,COMPLETED,2025-03-25 13:56:06
ORD-101569,CUST-1003,Diana Prince,Berlin,Books,Data Engineering Handbook,22.09,1,0.0,Credit Card,COMPLETED,2025-04-16 16:28:36
ORD-101570,CUST-1018,Steve Rogers,Mumbai,Sports & Outdoors,Yoga Mat,230.29,1,0.15,Apple Pay,COMPLETED,2025-01-26 18:59:01
ORD-101571,CUST-1010,Kevin Bacon,Toronto,Sports & Outdoors,Yoga Mat,42.52,3,0.15,PayPal,COMPLETED,2025-04-13 17:05:53
ORD-101572,CUST-1004,Evan Wright,Singapore,Sports & Outdoors,Camping Tent,118.28,3,0.1,Credit Card,RETURNED,2025-05-24 12:17:03
ORD-101573,CUST-1000,Alice Smith,Singapore,Clothing,Sneakers,20.49,2,0.05,Credit Card,PENDING,2025-06-02 23:31:12
ORD-101574,CUST-1018,Steve Rogers,Berlin,Clothing,Cotton T-Shirt,96.98,3,0.05,PayPal,CANCELLED,2025-09-21 10:44:27
ORD-101575,CUST-1000,Alice Smith,Sydney,Sports & Outdoors,Hiking Backpack,230.42,1,0.25,Debit Card,RETURNED,2025-04-30 18:21:25
ORD-101576,CUST-1008,Ian Malcolm,Tokyo,Electronics,Bluetooth Speaker,457.01,3,0.15,Apple Pay,COMPLETED,2025-10-10 13:11:57
ORD-101577,CUST-1012,Michael Scott,Sydney,Books,Economics 101,13.35,1,0.25,Debit Card,COMPLETED,2025-02-18 13:32:57
ORD-101578,CUST-1009,Julia Roberts,Mumbai,Electronics,Laptop,1146.56,3,0.0,Apple Pay,COMPLETED,2025-05-24 15:23:55
ORD-101579,CUST-1015,Pam Beesly,,Clothing,Cotton T-Shirt,78.67,4,0.2,UPI / Digital Wallet,COMPLETED,2025-04-29 02:29:19
ORD-101580,CUST-1010,Kevin Bacon,Toronto,Sports & Outdoors,Hiking Backpack,239.47,2,0.05,PayPal,CANCELLED,2025-06-21 14:42:10
ORD-101581,CUST-1011,Laura Croft,Sydney,Sports & Outdoors,Dumbbell Set,211.44,2,0.25,Apple Pay,PENDING,2025-06-21 16:01:51
ORD-101582,CUST-1015,Pam Beesly,Singapore,Home & Kitchen,Vacuum Cleaner,329.15,4,0.1,Credit Card,COMPLETED,2025-05-25 15:05:34
ORD-101583,CUST-1017,,Berlin,Home & Kitchen,Air Fryer,347.52,1,0.0,UPI / Digital Wallet,PENDING,2025-04-08 02:51:05
ORD-101584,CUST-1002,Charlie Brown,Mumbai,Books,Economics 101,41.59,3,0.15,UPI / Digital Wallet,COMPLETED,2025-06-07 21:28:02
ORD-101585,CUST-1005,Fiona Gallagher,Berlin,Clothing,Denim Jeans,30.83,2,0.0,PayPal,RETURNED,2025-12-20 21:35:21
ORD-101586,CUST-1005,Fiona Gallagher,Tokyo,Electronics,4K Monitor,167.55,1,0.05,Apple Pay,COMPLETED,2025-06-28 09:26:18
ORD-101587,CUST-1017,Rachel Green,New York,Books,Data Engineering Handbook,24.43,2,0.15,PayPal,COMPLETED,2025-06-19 15:39:29
ORD-101588,CUST-1016,Quentin Tarantino,Paris,Sports & Outdoors,Camping Tent,36.73,2,0.0,PayPal,COMPLETED,2025-10-28 10:57:35
ORD-101589,CUST-1016,Quentin Tarantino,Paris,Home & Kitchen,Air Fryer,248.18,1,0.0,Debit Card,RETURNED,2025-10-22 07:31:52
ORD-101590,CUST-1000,Alice Smith,Singapore,Home & Kitchen,Blender,257.94,1,0.0,Apple Pay,COMPLETED,2025-07-04 17:50:59
ORD-101591,CUST-1000,Alice Smith,Berlin,Electronics,Laptop,381.59,1,0.25,Debit Card,COMPLETED,2025-06-28 09:32:18
ORD-101592,CUST-1005,Fiona Gallagher,Tokyo,Sports & Outdoors,Bicycle Helmet,133.37,1,0.1,Apple Pay,COMPLETED,2025-10-30 09:41:20
ORD-101593,CUST-1018,Steve Rogers,Tokyo,Home & Kitchen,Cookware Set,306.69,3,0.05,PayPal,COMPLETED,2025-01-19 00:53:06
ORD-101594,CUST-1016,Quentin Tarantino,London,Sports & Outdoors,Hiking Backpack,46.05,3,0.0,PayPal,COMPLETED,2025-10-07 12:03:28
ORD-101595,CUST-1004,Evan Wright,New York,Electronics,Wireless Headphones,651.36,4,0.15,UPI / Digital Wallet,RETURNED,2025-07-19 06:04:53
ORD-101596,CUST-1005,Fiona Gallagher,New York,Sports & Outdoors,Bicycle Helmet,105.33,2,0.15,Apple Pay,COMPLETED,2025-06-01 22:21:05
ORD-101597,CUST-1007,Hannah Abbott,San Francisco,Home & Kitchen,Cookware Set,299.14,1,0.1,Credit Card,RETURNED,2025-05-22 09:05:21
ORD-101598,CUST-1008,Ian Malcolm,,Clothing,Running Shoes,82.67,1,0.15,Debit Card,COMPLETED,2025-04-22 02:35:42
ORD-101599,CUST-1009,Julia Roberts,Mumbai,Clothing,Cotton T-Shirt,79.97,2,0.0,Credit Card,RETURNED,2025-06-12 00:06:54
ORD-101600,CUST-1010,Kevin Bacon,Berlin,Sports & Outdoors,Hiking Backpack,221.44,2,0.15,PayPal,COMPLETED,2025-01-21 03:16:49
ORD-101601,CUST-1005,Fiona Gallagher,Tokyo,Home & Kitchen,Blender,205.26,2,0.1,Apple Pay,PENDING,2025-10-16 23:31:18
ORD-101602,CUST-1017,,,Home & Kitchen,Toaster,95.64,1,0.1,Credit Card,COMPLETED,2025-05-04 22:37:30
ORD-101603,CUST-1005,Fiona Gallagher,San Francisco,Sports & Outdoors,Dumbbell Set,102.45,2,0.15,Credit Card,PENDING,2025-11-14 18:40:00
ORD-101604,CUST-1002,Charlie Brown,Sydney,Clothing,Sneakers,96.69,1,0.25,Credit Card,COMPLETED,2025-06-29 01:45:34
ORD-101605,CUST-1018,Steve Rogers,Paris,Books,Data Engineering Handbook,40.59,1,0.2,Debit Card,COMPLETED,2025-02-25 23:04:54
ORD-101606,CUST-1001,Bob Jones,Paris,Electronics,Bluetooth Speaker,811.12,3,0.15,Debit Card,CANCELLED,2025-03-26 15:55:41
ORD-101607,CUST-1002,Charlie Brown,Mumbai,Electronics,Smartphone,580.4,4,0.0,PayPal,COMPLETED,2025-07-02 20:21:37
ORD-101608,CUST-1016,Quentin Tarantino,Sydney,Sports & Outdoors,Water Bottle,175.62,4,0.05,PayPal,COMPLETED,2025-10-12 12:30:52
ORD-101609,CUST-1019,Tony Stark,Singapore,Books,Biography,27.43,1,0.2,Apple Pay,COMPLETED,2025-03-03 04:21:22
ORD-101610,CUST-1013,Nora Jones,London,Home & Kitchen,Toaster,32.99,1,0.0,Debit Card,RETURNED,2025-05-08 15:43:59
ORD-101611,CUST-1006,George Clark,Tokyo,Sports & Outdoors,Camping Tent,127.96,1,0.1,PayPal,COMPLETED,2025-08-11 06:46:18
ORD-101612,CUST-1011,Laura Croft,Tokyo,Books,Economics 101,30.97,1,0.2,Debit Card,COMPLETED,2025-09-29 22:39:24
ORD-101613,CUST-1008,Ian Malcolm,San Francisco,Clothing,Hooded Sweatshirt,118.05,3,0.25,Debit Card,COMPLETED,2025-10-29 19:53:50
ORD-101614,CUST-1010,Kevin Bacon,New York,Clothing,Winter Jacket,77.75,-1,0.2,UPI / Digital Wallet,PENDING,2025-01-23 03:27:35
ORD-101615,CUST-1011,Laura Croft,New York,Home & Kitchen,Air Fryer,321.3,1,0.1,Credit Card,CANCELLED,2025-04-11 22:12:31
ORD-101616,CUST-1018,Steve Rogers,San Francisco,Clothing,Denim Jeans,100.01,3,0.1,UPI / Digital Wallet,COMPLETED,2025-12-13 06:45:54
ORD-101617,CUST-1015,Pam Beesly,Mumbai,Clothing,Winter Jacket,131.32,1,0.15,Credit Card,RETURNED,2025-01-08 04:28:28
ORD-101618,CUST-1014,Oscar Martinez,New York,Clothing,Hooded Sweatshirt,58.98,1,0.05,Debit Card,PENDING,2025-12-01 19:17:01
ORD-101619,CUST-1012,Michael Scott,Mumbai,Home & Kitchen,Vacuum Cleaner,325.34,1,0.0,Debit Card,RETURNED,2025-04-19 05:31:45
ORD-101620,CUST-1018,Steve Rogers,Paris,Books,Cookbook,18.02,2,0.05,Debit Card,COMPLETED,2025-01-12 17:45:25
ORD-101621,CUST-1008,Ian Malcolm,Sydney,Electronics,Wireless Headphones,1130.22,3,0.25,Credit Card,COMPLETED,2025-02-10 14:01:18
ORD-101622,CUST-1007,Hannah Abbott,Tokyo,Electronics,Bluetooth Speaker,73.37,2,0.2,Debit Card,COMPLETED,2025-09-09 11:01:58
ORD-101623,CUST-1012,Michael Scott,Berlin,Home & Kitchen,Cookware Set,126.93,4,0.1,Apple Pay,COMPLETED,2025-09-30 10:08:04
ORD-101624,CUST-1016,Quentin Tarantino,New York,Books,Biography,23.74,1,0.05,PayPal,COMPLETED,2025-12-26 10:39:38
ORD-101625,CUST-1000,Alice Smith,Berlin,Electronics,Bluetooth Speaker,887.85,1,0.15,Apple Pay,CANCELLED,2025-10-19 17:02:36
ORD-101626,CUST-1018,Steve Rogers,Tokyo,Home & Kitchen,Vacuum Cleaner,127.31,1,0.15,Apple Pay,COMPLETED,2025-02-01 10:04:46
ORD-101627,CUST-1004,Evan Wright,London,Books,Sci-Fi Novel,44.46,1,0.15,UPI / Digital Wallet,COMPLETED,2025-06-22 14:13:24
ORD-101628,CUST-1015,Pam Beesly,Mumbai,Electronics,Bluetooth Speaker,324.78,1,0.25,PayPal,COMPLETED,2025-12-25 15:40:30
ORD-101629,CUST-1010,Kevin Bacon,Toronto,Electronics,Smartphone,728.89,1,0.0,Debit Card,COMPLETED,2025-01-07 01:13:23
ORD-101630,CUST-1000,Alice Smith,Tokyo,Clothing,Denim Jeans,43.18,3,0.05,Credit Card,COMPLETED,2025-10-06 09:49:22
ORD-101631,CUST-1018,Steve Rogers,,Sports & Outdoors,Camping Tent,181.52,1,0.25,UPI / Digital Wallet,CANCELLED,2025-08-20 08:30:39
ORD-101632,CUST-1008,Ian Malcolm,Tokyo,Sports & Outdoors,Hiking Backpack,224.94,2,0.05,Debit Card,COMPLETED,2025-07-08 14:29:46
ORD-101633,CUST-1005,Fiona Gallagher,Mumbai,Electronics,Wireless Headphones,1010.21,1,0.1,PayPal,RETURNED,2025-11-23 08:00:10
ORD-101634,CUST-1009,Julia Roberts,Singapore,Electronics,Laptop,687.51,4,0.05,Credit Card,PENDING,2025-11-22 18:29:46
ORD-101635,CUST-1007,Hannah Abbott,Mumbai,Electronics,Wireless Headphones,966.88,5,0.05,PayPal,COMPLETED,2025-11-09 08:14:05
ORD-101636,CUST-1003,Diana Prince,New York,Electronics,Smartwatch,799.87,2,0.15,PayPal,COMPLETED,2025-03-21 05:42:18
ORD-101637,CUST-1000,Alice Smith,Mumbai,Clothing,Running Shoes,67.42,2,0.25,UPI / Digital Wallet,PENDING,2025-05-22 01:27:21
ORD-101638,CUST-1006,George Clark,Paris,Electronics,Bluetooth Speaker,953.13,1,0.1,UPI / Digital Wallet,CANCELLED,2025-07-16 02:52:21
ORD-101639,CUST-1015,Pam Beesly,Mumbai,Sports & Outdoors,Dumbbell Set,100.93,2,0.15,UPI / Digital Wallet,COMPLETED,2025-01-05 18:10:05
ORD-101640,CUST-1019,Tony Stark,New York,Electronics,Bluetooth Speaker,122.65,1,0.25,UPI / Digital Wallet,COMPLETED,2025-11-27 06:42:27
ORD-101641,CUST-1019,Tony Stark,Tokyo,Clothing,Denim Jeans,34.97,1,0.1,Apple Pay,COMPLETED,2025-02-20 06:00:26
ORD-101642,CUST-1005,Fiona Gallagher,Toronto,Home & Kitchen,Vacuum Cleaner,121.7,1,0.25,Debit Card,COMPLETED,2025-11-13 09:13:54
ORD-101643,CUST-1010,Kevin Bacon,Paris,Clothing,Hooded Sweatshirt,102.95,2,0.15,UPI / Digital Wallet,COMPLETED,2025-07-15 19:24:16
ORD-101644,CUST-1010,Kevin Bacon,Berlin,Sports & Outdoors,Hiking Backpack,145.44,5,0.05,UPI / Digital Wallet,COMPLETED,2025-02-20 17:27:18
ORD-101645,CUST-1011,Laura Croft,New York,Electronics,Smartphone,555.9,1,0.1,UPI / Digital Wallet,COMPLETED,2025-04-01 07:32:29
ORD-101646,CUST-1015,Pam Beesly,London,Books,Biography,22.47,1,0.1,Debit Card,COMPLETED,2025-07-26 04:10:09
ORD-101647,CUST-1002,Charlie Brown,Paris,Books,Economics 101,40.01,2,0.0,UPI / Digital Wallet,RETURNED,2025-10-19 21:15:11
ORD-101648,CUST-1010,Kevin Bacon,Mumbai,Electronics,Bluetooth Speaker,244.55,1,0.15,PayPal,RETURNED,2025-05-20 02:52:46
ORD-101649,CUST-1002,Charlie Brown,Toronto,Books,Sci-Fi Novel,27.92,2,0.1,PayPal,CANCELLED,2025-11-23 08:57:41
ORD-101650,CUST-1013,Nora Jones,Toronto,Books,Biography,18.43,2,0.15,UPI / Digital Wallet,COMPLETED,2025-11-12 16:41:40
ORD-101651,CUST-1016,Quentin Tarantino,Berlin,Books,Biography,20.28,1,0.15,Debit Card,CANCELLED,2025-05-31 00:00:25
ORD-101652,CUST-1007,Hannah Abbott,Singapore,Electronics,Wireless Headphones,813.41,3,0.2,Apple Pay,COMPLETED,2025-04-27 00:22:54
ORD-101653,CUST-1005,Fiona Gallagher,London,Sports & Outdoors,Camping Tent,72.39,2,0.05,UPI / Digital Wallet,COMPLETED,2025-09-17 09:13:14
ORD-101654,CUST-1010,Kevin Bacon,Paris,Electronics,Smartwatch,702.38,2,0.15,Debit Card,COMPLETED,2025-03-24 06:50:34
ORD-101655,CUST-1014,Oscar Martinez,Mumbai,Electronics,Smartphone,746.18,4,0.2,UPI / Digital Wallet,COMPLETED,2025-11-16 13:00:06
ORD-101656,CUST-1014,Oscar Martinez,Singapore,Sports & Outdoors,Yoga Mat,62.85,2,0.15,Credit Card,COMPLETED,2025-12-01 06:19:11
ORD-101657,CUST-1003,Diana Prince,Berlin,Sports & Outdoors,Water Bottle,212.15,2,0.1,Credit Card,COMPLETED,2025-01-13 00:54:23
ORD-101658,CUST-1007,Hannah Abbott,New York,Clothing,Hooded Sweatshirt,21.65,1,0.2,Apple Pay,COMPLETED,2025-10-29 12:23:05
ORD-101659,CUST-1013,Nora Jones,Mumbai,Electronics,4K Monitor,134.31,2,0.25,Debit Card,COMPLETED,2025-06-06 16:21:18
ORD-101660,CUST-1012,Michael Scott,London,Electronics,Wireless Headphones,486.61,3,0.05,Debit Card,PENDING,2025-07-16 23:38:11
ORD-101661,CUST-1014,Oscar Martinez,Mumbai,Books,Cookbook,22.42,3,0.25,Debit Card,RETURNED,2025-05-11 00:29:31
ORD-101662,CUST-1010,Kevin Bacon,San Francisco,Home & Kitchen,Vacuum Cleaner,298.56,2,0.15,UPI / Digital Wallet,COMPLETED,2025-12-19 19:44:16
ORD-101663,CUST-1004,Evan Wright,New York,Books,Biography,38.65,4,0.15,PayPal,PENDING,2025-05-04 04:16:08
ORD-101664,CUST-1013,Nora Jones,Toronto,Electronics,Smartphone,750.42,2,0.15,Debit Card,COMPLETED,2025-05-06 10:24:48
ORD-101665,CUST-1012,Michael Scott,Berlin,Electronics,Smartphone,535.15,1,0.1,UPI / Digital Wallet,COMPLETED,2025-12-10 22:11:30
ORD-101666,CUST-1013,Nora Jones,Toronto,Clothing,Cotton T-Shirt,33.94,1,0.1,Debit Card,PENDING,2025-10-26 07:25:42
ORD-101667,CUST-1015,Pam Beesly,Paris,Books,Cookbook,14.01,4,0.1,UPI / Digital Wallet,PENDING,2025-07-23 11:21:01
ORD-101668,CUST-1003,Diana Prince,New York,Electronics,Smartwatch,1075.95,1,0.05,Credit Card,COMPLETED,2025-07-23 08:49:18
ORD-101669,CUST-1011,Laura Croft,New York,Home & Kitchen,Air Fryer,109.22,2,0.2,UPI / Digital Wallet,COMPLETED,2025-04-21 09:58:02
ORD-101670,CUST-1006,George Clark,Paris,Electronics,Laptop,227.46,1,0.15,UPI / Digital Wallet,COMPLETED,2025-11-29 16:21:31
ORD-101671,CUST-1000,Alice Smith,San Francisco,Electronics,Laptop,876.06,5,0.05,PayPal,COMPLETED,2025-11-07 01:27:37
ORD-101672,CUST-1006,George Clark,Toronto,Sports & Outdoors,Bicycle Helmet,50.28,2,0.05,Credit Card,CANCELLED,2025-01-13 12:53:26
ORD-101673,CUST-1014,Oscar Martinez,New York,Electronics,Bluetooth Speaker,59.89,3,0.25,UPI / Digital Wallet,PENDING,2025-12-04 06:38:55
ORD-101674,CUST-1016,Quentin Tarantino,London,Electronics,4K Monitor,201.68,3,0.05,Apple Pay,COMPLETED,2025-11-10 20:40:51
ORD-101675,CUST-1008,Ian Malcolm,New York,Sports & Outdoors,Dumbbell Set,78.11,2,0.2,Credit Card,COMPLETED,2025-06-24 09:35:38
ORD-101676,CUST-1004,Evan Wright,Toronto,Books,Cookbook,17.5,1,0.2,Debit Card,PENDING,2025-09-18 08:52:04
ORD-101677,CUST-1016,Quentin Tarantino,Tokyo,Home & Kitchen,Toaster,271.55,1,0.2,Apple Pay,RETURNED,2025-06-29 10:13:19
ORD-101678,CUST-1013,Nora Jones,Sydney,Home & Kitchen,Cookware Set,252.77,1,0.1,PayPal,COMPLETED,2025-03-09 00:07:24
ORD-101679,CUST-1007,Hannah Abbott,London,Books,Sci-Fi Novel,36.39,2,0.15,Debit Card,COMPLETED,2025-06-15 08:19:03
ORD-101680,CUST-1005,Fiona Gallagher,Toronto,Clothing,Denim Jeans,104.3,3,0.2,Apple Pay,CANCELLED,2025-05-29 03:51:32
ORD-101681,CUST-1012,Michael Scott,New York,Clothing,Cotton T-Shirt,101.75,1,0.1,PayPal,COMPLETED,2025-12-05 03:41:31
ORD-101682,CUST-1009,Julia Roberts,Toronto,Clothing,Denim Jeans,107.37,4,0.25,Apple Pay,COMPLETED,2025-11-16 14:13:00
ORD-101683,CUST-1009,Julia Roberts,Singapore,Home & Kitchen,Air Fryer,59.27,1,0.25,Debit Card,COMPLETED,2025-02-15 09:05:06
ORD-101684,CUST-1005,Fiona Gallagher,New York,Electronics,Bluetooth Speaker,1144.03,1,0.1,Debit Card,COMPLETED,2025-08-22 18:56:54
ORD-101685,CUST-1013,Nora Jones,Berlin,Clothing,Denim Jeans,139.82,4,0.1,UPI / Digital Wallet,COMPLETED,2025-04-04 15:29:40
ORD-101686,CUST-1019,Tony Stark,San Francisco,Electronics,Wireless Headphones,1030.49,1,0.15,Debit Card,COMPLETED,2025-04-05 02:31:53
ORD-101687,CUST-1012,Michael Scott,Mumbai,Electronics,Laptop,1088.86,3,0.0,PayPal,RETURNED,2025-11-14 11:01:18
ORD-101688,CUST-1000,Alice Smith,New York,Sports & Outdoors,Camping Tent,25.97,-1,0.05,Debit Card,PENDING,2025-01-23 23:51:40
ORD-101689,CUST-1018,Steve Rogers,Sydney,Books,History of Computing,15.91,1,0.15,UPI / Digital Wallet,COMPLETED,2025-08-25 14:11:40
ORD-101690,CUST-1014,Oscar Martinez,Paris,Books,Biography,23.61,1,0.25,UPI / Digital Wallet,RETURNED,2025-04-20 10:04:40
ORD-101691,CUST-1008,Ian Malcolm,Paris,Home & Kitchen,Espresso Machine,320.23,1,0.05,Debit Card,COMPLETED,2025-09-24 13:06:43
ORD-101692,CUST-1011,Laura Croft,Paris,Clothing,Sneakers,127.63,1,0.05,Credit Card,PENDING,2025-04-18 23:28:04
ORD-101693,CUST-1000,Alice Smith,London,Sports & Outdoors,Hiking Backpack,119.45,1,0.1,Credit Card,CANCELLED,2025-10-30 07:51:34
ORD-101694,CUST-1015,Pam Beesly,Sydney,Books,History of Computing,10.15,1,0.1,Credit Card,COMPLETED,2025-10-13 07:18:02
ORD-101695,CUST-1009,Julia Roberts,London,Home & Kitchen,Air Fryer,37.84,3,0.15,UPI / Digital Wallet,COMPLETED,2025-02-24 09:32:25
ORD-101696,CUST-1004,Evan Wright,Tokyo,Electronics,Wireless Headphones,708.44,2,0.25,UPI / Digital Wallet,RETURNED,2025-04-19 19:17:50
ORD-101697,CUST-1009,Julia Roberts,Tokyo,Electronics,Laptop,396.93,4,0.25,UPI / Digital Wallet,CANCELLED,2025-12-30 06:48:32
ORD-101698,CUST-1003,Diana Prince,Berlin,Sports & Outdoors,Hiking Backpack,104.49,5,0.2,Debit Card,PENDING,2025-03-20 02:00:39
ORD-101699,CUST-1014,Oscar Martinez,London,Books,Economics 101,33.13,1,0.05,Apple Pay,COMPLETED,2025-04-12 01:34:18
ORD-101700,CUST-1018,Steve Rogers,Sydney,Sports & Outdoors,Water Bottle,185.9,2,0.05,Credit Card,RETURNED,2025-11-04 17:31:48
ORD-101701,CUST-1005,Fiona Gallagher,Paris,Clothing,Hooded Sweatshirt,52.15,1,0.2,Credit Card,PENDING,2025-10-07 03:27:21
ORD-101702,CUST-1016,Quentin Tarantino,New York,Books,History of Computing,10.68,1,0.0,Apple Pay,COMPLETED,2025-10-16 08:20:13
ORD-101703,CUST-1016,Quentin Tarantino,Mumbai,Home & Kitchen,Blender,164.25,1,0.2,Apple Pay,COMPLETED,2025-03-21 15:17:56
ORD-101704,CUST-1016,Quentin Tarantino,Mumbai,Home & Kitchen,Cookware Set,55.96,1,0.2,UPI / Digital Wallet,COMPLETED,2025-09-17 12:03:01
ORD-101705,CUST-1017,Rachel Green,New York,Clothing,Winter Jacket,102.16,1,0.1,PayPal,COMPLETED,2025-10-27 10:48:49
ORD-101706,CUST-1001,Bob Jones,San Francisco,Clothing,Sneakers,21.36,1,0.0,Debit Card,RETURNED,2025-08-31 03:41:41
ORD-101707,CUST-1018,Steve Rogers,Paris,Clothing,Sneakers,126.71,1,0.05,Debit Card,COMPLETED,2025-01-09 08:36:31
ORD-101708,CUST-1005,Fiona Gallagher,,Sports & Outdoors,Water Bottle,129.64,3,0.0,Debit Card,COMPLETED,2025-11-16 06:29:52
ORD-101709,CUST-1007,Hannah Abbott,Paris,Home & Kitchen,Espresso Machine,122.79,2,0.0,UPI / Digital Wallet,COMPLETED,2025-01-21 05:42:51
ORD-101710,CUST-1009,Julia Roberts,Paris,Books,Sci-Fi Novel,33.22,1,0.0,Apple Pay,COMPLETED,2025-06-24 15:32:20
ORD-101711,CUST-1001,Bob Jones,Tokyo,Home & Kitchen,Espresso Machine,223.17,2,0.2,UPI / Digital Wallet,CANCELLED,2025-05-30 05:01:45
ORD-101712,CUST-1013,Nora Jones,San Francisco,Home & Kitchen,Blender,56.22,1,0.2,Debit Card,RETURNED,2025-10-08 01:33:16
ORD-101713,CUST-1007,Hannah Abbott,Berlin,Books,History of Computing,36.05,1,0.1,PayPal,PENDING,2025-11-06 06:34:24
ORD-101714,CUST-1016,Quentin Tarantino,Toronto,Sports & Outdoors,Water Bottle,79.03,2,0.0,UPI / Digital Wallet,CANCELLED,2025-03-17 16:37:26
ORD-101715,CUST-1015,Pam Beesly,Singapore,Sports & Outdoors,Dumbbell Set,80.45,3,0.05,PayPal,PENDING,2025-05-27 23:22:49
ORD-101716,CUST-1001,Bob Jones,Mumbai,Books,Biography,27.87,2,0.05,Debit Card,PENDING,2025-08-06 13:29:10
ORD-101717,CUST-1001,Bob Jones,Singapore,Sports & Outdoors,Hiking Backpack,144.44,3,0.2,UPI / Digital Wallet,COMPLETED,2025-06-04 20:05:42
ORD-101718,CUST-1013,Nora Jones,New York,Clothing,Cotton T-Shirt,16.67,2,0.25,Credit Card,RETURNED,2025-07-10 06:45:33
ORD-101719,CUST-1001,Bob Jones,New York,Sports & Outdoors,Camping Tent,100.41,3,0.1,Credit Card,COMPLETED,2025-07-29 21:29:30
ORD-101720,CUST-1013,Nora Jones,Sydney,Books,Sci-Fi Novel,31.95,1,0.25,Apple Pay,COMPLETED,2025-02-05 12:12:36
ORD-101721,CUST-1010,Kevin Bacon,Toronto,Sports & Outdoors,Water Bottle,170.26,3,0.05,UPI / Digital Wallet,RETURNED,2025-08-26 16:53:43
ORD-101722,CUST-1014,Oscar Martinez,Sydney,Home & Kitchen,Espresso Machine,78.91,2,0.0,Debit Card,RETURNED,2025-10-12 20:52:05
ORD-101723,CUST-1018,Steve Rogers,Mumbai,Electronics,4K Monitor,456.48,2,0.0,Credit Card,COMPLETED,2025-12-07 03:54:19
ORD-101724,CUST-1002,,Paris,Home & Kitchen,Cookware Set,285.01,1,0.2,Credit Card,CANCELLED,2025-10-14 13:39:33
ORD-101725,CUST-1010,Kevin Bacon,Tokyo,Home & Kitchen,Vacuum Cleaner,323.37,1,0.0,Debit Card,COMPLETED,2025-12-25 05:54:00
ORD-101726,CUST-1015,Pam Beesly,London,Home & Kitchen,Air Fryer,80.4,2,0.05,Debit Card,RETURNED,2025-10-15 14:29:10
ORD-101727,CUST-1007,Hannah Abbott,Paris,Clothing,Winter Jacket,27.28,3,0.1,Debit Card,COMPLETED,2025-09-18 23:09:35
ORD-101728,CUST-1004,Evan Wright,Singapore,Electronics,Laptop,616.25,3,0.25,PayPal,PENDING,2025-09-08 21:57:17
ORD-101729,CUST-1017,Rachel Green,New York,Electronics,Wireless Headphones,856.02,2,0.25,Debit Card,CANCELLED,2025-04-28 10:33:41
ORD-101730,CUST-1001,Bob Jones,Mumbai,Clothing,Hooded Sweatshirt,99.12,1,0.15,PayPal,COMPLETED,2025-09-22 08:16:49
ORD-101731,CUST-1007,Hannah Abbott,London,Sports & Outdoors,Yoga Mat,122.25,1,0.2,UPI / Digital Wallet,CANCELLED,2025-07-07 11:27:09
ORD-101732,CUST-1008,Ian Malcolm,San Francisco,Clothing,Denim Jeans,42.67,3,0.15,PayPal,COMPLETED,2025-09-19 17:07:06
ORD-101733,CUST-1015,Pam Beesly,Berlin,Sports & Outdoors,Yoga Mat,182.83,2,0.2,UPI / Digital Wallet,COMPLETED,2025-01-25 15:06:22
ORD-101734,CUST-1000,Alice Smith,Toronto,Electronics,Smartphone,1096.64,1,0.0,PayPal,COMPLETED,2025-09-18 07:55:31
ORD-101735,CUST-1014,Oscar Martinez,,Home & Kitchen,Cookware Set,211.03,3,0.15,Apple Pay,RETURNED,2025-01-11 06:17:06
ORD-101736,CUST-1015,Pam Beesly,Sydney,Home & Kitchen,Blender,232.41,2,0.1,Credit Card,PENDING,2025-06-23 05:04:18
ORD-101737,CUST-1002,Charlie Brown,Sydney,Electronics,4K Monitor,439.7,4,0.15,Debit Card,COMPLETED,2025-01-23 09:02:56
ORD-101738,CUST-1004,Evan Wright,Sydney,Sports & Outdoors,Dumbbell Set,107.4,2,0.0,Credit Card,COMPLETED,2025-09-15 17:36:55
ORD-101739,CUST-1009,Julia Roberts,San Francisco,Books,Economics 101,41.61,1,0.0,Apple Pay,RETURNED,2025-11-05 10:29:01
ORD-101740,CUST-1002,Charlie Brown,Sydney,Sports & Outdoors,Bicycle Helmet,122.7,1,0.15,Debit Card,COMPLETED,2025-03-20 08:46:25
ORD-101741,CUST-1018,Steve Rogers,Tokyo,Sports & Outdoors,Bicycle Helmet,190.86,2,0.0,Apple Pay,COMPLETED,2025-06-25 19:21:11
ORD-101742,CUST-1013,Nora Jones,Mumbai,Clothing,Winter Jacket,108.71,1,0.1,Apple Pay,PENDING,2025-08-09 12:48:33
ORD-101743,CUST-1001,Bob Jones,Toronto,Electronics,Bluetooth Speaker,1056.65,1,0.15,Credit Card,PENDING,2025-10-12 20:10:50
ORD-101744,CUST-1014,Oscar Martinez,Toronto,Clothing,Hooded Sweatshirt,82.47,1,0.25,PayPal,COMPLETED,2025-01-21 23:32:11
ORD-101745,CUST-1002,Charlie Brown,Tokyo,Electronics,Bluetooth Speaker,65.47,4,0.1,PayPal,CANCELLED,2025-07-02 16:01:20
ORD-101746,CUST-1014,Oscar Martinez,Mumbai,Books,History of Computing,27.54,1,0.2,PayPal,RETURNED,2025-03-13 06:24:21
ORD-101747,CUST-1006,George Clark,New York,Home & Kitchen,Toaster,60.95,1,0.1,Debit Card,COMPLETED,2025-12-24 13:46:43
ORD-101748,CUST-1004,Evan Wright,Tokyo,Books,History of Computing,22.67,3,0.0,Apple Pay,COMPLETED,2025-10-06 03:58:51
ORD-101749,CUST-1018,Steve Rogers,New York,Books,Cookbook,19.4,1,0.1,Apple Pay,COMPLETED,2025-11-18 02:59:46
ORD-101750,CUST-1000,Alice Smith,San Francisco,Clothing,Denim Jeans,44.67,2,0.15,PayPal,COMPLETED,2025-12-05 23:58:06
ORD-101751,CUST-1018,Steve Rogers,New York,Books,History of Computing,11.61,1,0.1,UPI / Digital Wallet,COMPLETED,2025-06-01 11:29:04
ORD-101752,CUST-1001,Bob Jones,Tokyo,Home & Kitchen,Espresso Machine,98.31,1,0.25,Credit Card,COMPLETED,2025-11-12 22:52:15
ORD-101753,CUST-1004,Evan Wright,,Sports & Outdoors,Water Bottle,44.31,1,0.15,Credit Card,COMPLETED,2025-03-07 14:51:31
ORD-101754,CUST-1000,Alice Smith,New York,Electronics,4K Monitor,822.04,4,0.25,Apple Pay,COMPLETED,2025-10-15 20:32:02
ORD-101755,CUST-1005,Fiona Gallagher,New York,Clothing,Hooded Sweatshirt,95.72,1,0.2,PayPal,COMPLETED,2025-11-09 10:23:44
ORD-101756,CUST-1016,Quentin Tarantino,Berlin,Books,Cookbook,21.4,1,0.2,UPI / Digital Wallet,RETURNED,2025-05-14 09:24:39
ORD-101757,CUST-1018,Steve Rogers,London,Electronics,Bluetooth Speaker,1153.79,1,0.2,PayPal,PENDING,2025-05-30 02:58:19
ORD-101758,CUST-1008,Ian Malcolm,New York,Electronics,Laptop,1120.74,3,0.25,Credit Card,COMPLETED,2025-04-02 12:45:08
ORD-101759,CUST-1003,Diana Prince,Sydney,Home & Kitchen,Air Fryer,68.32,2,0.0,Debit Card,COMPLETED,2025-12-30 16:45:46
ORD-101760,CUST-1000,Alice Smith,Singapore,Books,Biography,17.94,2,0.1,UPI / Digital Wallet,RETURNED,2025-07-10 18:00:40
ORD-101761,CUST-1010,Kevin Bacon,New York,Clothing,Sneakers,17.32,3,0.0,PayPal,COMPLETED,2025-07-26 10:10:11
ORD-101762,CUST-1012,Michael Scott,Berlin,Electronics,Bluetooth Speaker,167.51,3,0.0,Apple Pay,COMPLETED,2025-11-07 14:49:13
ORD-101763,CUST-1018,Steve Rogers,Mumbai,Clothing,Cotton T-Shirt,91.46,1,0.1,Debit Card,COMPLETED,2025-08-12 17:02:47
ORD-101764,CUST-1000,Alice Smith,Berlin,Electronics,Laptop,737.72,1,0.25,Debit Card,COMPLETED,2025-09-11 23:11:42
ORD-101765,CUST-1002,Charlie Brown,New York,Books,Data Engineering Handbook,36.13,1,0.25,Credit Card,COMPLETED,2025-10-28 19:20:10
ORD-101766,CUST-1013,Nora Jones,Sydney,Books,Data Engineering Handbook,17.9,2,0.05,Debit Card,RETURNED,2025-04-30 23:05:09
ORD-101767,CUST-1009,Julia Roberts,Paris,Home & Kitchen,Vacuum Cleaner,308.6,2,0.1,Apple Pay,PENDING,2025-07-25 22:58:05
ORD-101768,CUST-1017,Rachel Green,San Francisco,Home & Kitchen,Toaster,310.3,1,0.05,PayPal,COMPLETED,2025-05-25 07:12:23
ORD-101769,CUST-1017,Rachel Green,Singapore,Electronics,Smartwatch,1142.76,2,0.05,Credit Card,PENDING,2025-03-12 10:46:04
ORD-101770,CUST-1014,Oscar Martinez,Tokyo,Books,Biography,32.74,4,0.2,PayPal,COMPLETED,2025-11-06 21:53:00
ORD-101771,CUST-1007,Hannah Abbott,Berlin,Books,Cookbook,36.25,3,0.25,Credit Card,COMPLETED,2025-10-27 06:01:18
ORD-101772,CUST-1012,Michael Scott,Berlin,Home & Kitchen,Blender,294.72,1,0.0,UPI / Digital Wallet,CANCELLED,2025-02-15 21:46:28
ORD-101773,CUST-1005,Fiona Gallagher,Toronto,Electronics,Smartwatch,281.49,2,0.25,Credit Card,PENDING,2025-10-22 08:34:30
ORD-101774,CUST-1009,Julia Roberts,Mumbai,Electronics,Bluetooth Speaker,213.18,3,0.05,Apple Pay,RETURNED,2025-12-19 21:30:14
ORD-101775,CUST-1002,Charlie Brown,Mumbai,Clothing,Running Shoes,115.87,1,0.05,Credit Card,PENDING,2025-03-20 04:41:14
ORD-101776,CUST-1003,Diana Prince,,Sports & Outdoors,Dumbbell Set,20.54,2,0.05,PayPal,CANCELLED,2025-10-21 02:02:04
ORD-101777,CUST-1001,Bob Jones,Paris,Books,Economics 101,37.27,1,0.25,PayPal,CANCELLED,2025-10-08 08:00:26
ORD-101778,CUST-1019,Tony Stark,Mumbai,Electronics,Wireless Headphones,503.96,1,0.2,UPI / Digital Wallet,COMPLETED,2025-05-06 02:56:37
ORD-101779,CUST-1002,Charlie Brown,Berlin,Books,Cookbook,8.84,2,0.2,PayPal,PENDING,2025-02-14 06:56:49
ORD-101780,CUST-1015,Pam Beesly,Sydney,Electronics,4K Monitor,414.06,1,0.1,Debit Card,PENDING,2025-03-12 07:59:53
ORD-101781,CUST-1006,George Clark,Mumbai,Books,Sci-Fi Novel,39.71,1,0.15,UPI / Digital Wallet,PENDING,2025-12-23 07:46:43
ORD-101782,CUST-1002,Charlie Brown,Tokyo,Books,History of Computing,18.82,1,0.05,Debit Card,CANCELLED,2025-01-03 13:24:32
ORD-101783,CUST-1012,Michael Scott,,Books,History of Computing,14.97,3,0.2,Apple Pay,COMPLETED,2025-12-03 06:37:02
ORD-101784,CUST-1008,Ian Malcolm,New York,Clothing,Cotton T-Shirt,24.34,4,0.0,Debit Card,COMPLETED,2025-04-25 07:30:24
ORD-101785,CUST-1001,Bob Jones,Singapore,Home & Kitchen,Air Fryer,204.72,3,0.1,PayPal,RETURNED,2025-05-09 01:36:30
ORD-101786,CUST-1002,Charlie Brown,Tokyo,Books,Sci-Fi Novel,27.86,2,0.15,UPI / Digital Wallet,PENDING,2025-11-10 03:31:17
ORD-101787,CUST-1006,George Clark,Mumbai,Electronics,Smartwatch,197.2,2,0.15,Apple Pay,COMPLETED,2025-01-21 08:06:39
ORD-101788,CUST-1019,Tony Stark,Paris,Home & Kitchen,Vacuum Cleaner,120.37,3,0.2,Debit Card,CANCELLED,2025-06-13 13:22:09
ORD-101789,CUST-1001,Bob Jones,Toronto,Electronics,Bluetooth Speaker,924.14,1,0.15,Debit Card,COMPLETED,2025-07-27 06:59:47
ORD-101790,CUST-1009,Julia Roberts,San Francisco,Home & Kitchen,Espresso Machine,110.17,2,0.1,UPI / Digital Wallet,COMPLETED,2025-08-28 15:35:08
ORD-101791,CUST-1017,Rachel Green,San Francisco,Sports & Outdoors,Camping Tent,123.17,1,0.15,Credit Card,COMPLETED,2025-05-21 03:46:53
ORD-101792,CUST-1014,Oscar Martinez,Tokyo,Electronics,4K Monitor,525.4,2,0.0,Credit Card,COMPLETED,2025-10-07 20:56:43
ORD-101793,CUST-1019,Tony Stark,Berlin,Electronics,Smartwatch,417.51,4,0.15,Apple Pay,COMPLETED,2025-02-10 06:22:27
ORD-101794,CUST-1018,Steve Rogers,Tokyo,Sports & Outdoors,Camping Tent,71.7,3,0.1,Apple Pay,COMPLETED,2025-10-19 11:30:19
ORD-101795,CUST-1018,Steve Rogers,San Francisco,Sports & Outdoors,Yoga Mat,104.26,3,0.1,Apple Pay,PENDING,2025-11-27 08:21:30
ORD-101796,CUST-1018,Steve Rogers,New York,Sports & Outdoors,Water Bottle,85.27,1,0.2,Credit Card,COMPLETED,2025-06-24 18:08:59
ORD-101797,CUST-1019,Tony Stark,Paris,Clothing,Hooded Sweatshirt,109.47,1,0.2,PayPal,COMPLETED,2025-03-10 03:48:04
ORD-101798,CUST-1018,Steve Rogers,Toronto,Clothing,Running Shoes,141.44,4,0.05,Apple Pay,CANCELLED,2025-05-22 08:11:04
ORD-101799,CUST-1003,Diana Prince,Singapore,Clothing,Cotton T-Shirt,26.02,2,0.25,Credit Card,CANCELLED,2025-05-14 15:28:56
ORD-101800,CUST-1014,Oscar Martinez,Singapore,Clothing,Hooded Sweatshirt,37.6,1,0.25,Debit Card,PENDING,2025-02-21 22:28:45
ORD-101801,CUST-1012,Michael Scott,Tokyo,Books,Cookbook,24.55,1,0.15,Apple Pay,CANCELLED,2025-03-09 17:03:26
ORD-101802,CUST-1005,Fiona Gallagher,Tokyo,Sports & Outdoors,Bicycle Helmet,91.56,3,0.1,Apple Pay,COMPLETED,2025-09-09 17:31:49
ORD-101803,CUST-1007,,Mumbai,Clothing,Winter Jacket,23.59,1,0.2,UPI / Digital Wallet,COMPLETED,2025-09-30 23:27:10
ORD-101804,CUST-1010,Kevin Bacon,New York,Clothing,Hooded Sweatshirt,16.78,5,0.15,PayPal,COMPLETED,2025-12-05 12:27:35
ORD-101805,CUST-1013,Nora Jones,Sydney,Electronics,Bluetooth Speaker,1051.95,1,0.05,PayPal,CANCELLED,2025-01-16 07:00:52
ORD-101806,CUST-1007,Hannah Abbott,Singapore,Books,Biography,28.9,3,0.25,UPI / Digital Wallet,RETURNED,2025-11-24 05:17:11
ORD-101807,CUST-1007,Hannah Abbott,New York,Books,Sci-Fi Novel,24.9,1,0.0,Debit Card,COMPLETED,2025-09-28 21:42:40
ORD-101808,CUST-1017,Rachel Green,Sydney,Books,Sci-Fi Novel,29.37,4,0.25,Credit Card,COMPLETED,2025-08-02 12:45:21
ORD-101809,CUST-1004,Evan Wright,Paris,Electronics,Bluetooth Speaker,519.92,1,0.1,UPI / Digital Wallet,PENDING,2025-12-01 09:01:52
ORD-101810,CUST-1019,Tony Stark,Mumbai,Home & Kitchen,Cookware Set,251.25,4,0.2,Credit Card,COMPLETED,2025-03-10 22:50:33
ORD-101811,CUST-1010,Kevin Bacon,Toronto,Electronics,Laptop,861.19,4,0.1,Debit Card,RETURNED,2025-12-09 07:40:36
ORD-101812,CUST-1005,Fiona Gallagher,Singapore,Books,Economics 101,9.21,4,0.2,Debit Card,COMPLETED,2025-01-05 21:34:38
ORD-101813,CUST-1019,Tony Stark,New York,Sports & Outdoors,Hiking Backpack,107.82,1,0.2,PayPal,COMPLETED,2025-07-26 01:40:33
ORD-101814,CUST-1004,Evan Wright,Berlin,Home & Kitchen,Toaster,290.68,4,0.0,PayPal,COMPLETED,2025-07-10 12:45:18
ORD-101815,CUST-1007,,New York,Sports & Outdoors,Dumbbell Set,208.45,3,0.1,Credit Card,CANCELLED,2025-04-25 13:59:12
ORD-101816,CUST-1016,Quentin Tarantino,New York,Sports & Outdoors,Dumbbell Set,88.45,1,0.2,PayPal,CANCELLED,2025-08-18 21:52:48
ORD-101817,CUST-1018,Steve Rogers,Paris,Sports & Outdoors,Water Bottle,234.74,1,0.05,Debit Card,RETURNED,2025-11-09 11:50:38
ORD-101818,CUST-1019,Tony Stark,Berlin,Sports & Outdoors,Yoga Mat,142.15,2,0.15,UPI / Digital Wallet,PENDING,2025-03-16 07:50:54
ORD-101819,CUST-1001,Bob Jones,Paris,Sports & Outdoors,Camping Tent,149.96,1,0.2,UPI / Digital Wallet,CANCELLED,2025-01-12 16:13:58
ORD-101820,CUST-1008,Ian Malcolm,Tokyo,Clothing,Sneakers,77.66,2,0.0,UPI / Digital Wallet,RETURNED,2025-03-16 20:39:57
ORD-101821,CUST-1016,Quentin Tarantino,San Francisco,Books,Data Engineering Handbook,12.71,4,0.15,PayPal,RETURNED,2025-03-26 16:11:26
ORD-101822,CUST-1008,Ian Malcolm,Tokyo,Sports & Outdoors,Water Bottle,154.97,3,0.2,Apple Pay,COMPLETED,2025-03-28 04:32:09
ORD-101823,CUST-1004,Evan Wright,Singapore,Clothing,Denim Jeans,102.05,1,0.25,Apple Pay,COMPLETED,2025-08-24 06:27:22
ORD-101824,CUST-1018,Steve Rogers,Paris,Clothing,Hooded Sweatshirt,122.93,1,0.15,Apple Pay,COMPLETED,2025-01-25 10:12:43
ORD-101825,CUST-1004,Evan Wright,Paris,Home & Kitchen,Toaster,43.04,2,0.05,Credit Card,COMPLETED,2025-06-14 00:37:31
ORD-101826,CUST-1007,Hannah Abbott,Singapore,Books,Sci-Fi Novel,24.17,3,0.15,Debit Card,CANCELLED,2025-09-25 15:57:45
ORD-101827,CUST-1000,Alice Smith,Paris,Books,Sci-Fi Novel,23.19,2,0.15,Apple Pay,RETURNED,2025-08-16 03:31:35
ORD-101828,CUST-1011,Laura Croft,Toronto,Books,Biography,20.71,1,0.05,Debit Card,CANCELLED,2025-07-29 12:03:35
ORD-101829,CUST-1000,Alice Smith,Toronto,Books,Cookbook,18.97,2,0.25,UPI / Digital Wallet,PENDING,2025-05-24 16:26:32
ORD-101830,CUST-1006,George Clark,Berlin,Sports & Outdoors,Yoga Mat,134.0,2,0.15,UPI / Digital Wallet,RETURNED,2025-01-08 01:58:57
ORD-101831,CUST-1015,Pam Beesly,New York,Home & Kitchen,Espresso Machine,178.96,1,0.1,Apple Pay,COMPLETED,2025-10-31 13:04:58
ORD-101832,CUST-1009,Julia Roberts,Toronto,Sports & Outdoors,Hiking Backpack,52.26,1,0.15,Debit Card,COMPLETED,2025-03-29 11:51:04
ORD-101833,CUST-1008,Ian Malcolm,London,Sports & Outdoors,Camping Tent,35.04,4,0.2,UPI / Digital Wallet,COMPLETED,2025-02-24 04:33:44
ORD-101834,CUST-1010,Kevin Bacon,Toronto,Sports & Outdoors,Dumbbell Set,85.76,2,0.1,Debit Card,PENDING,2025-10-22 14:49:57
ORD-101835,CUST-1000,Alice Smith,San Francisco,Books,Cookbook,13.18,1,0.1,Apple Pay,PENDING,2025-04-10 18:40:31
ORD-101836,CUST-1019,Tony Stark,Mumbai,Sports & Outdoors,Camping Tent,46.97,2,0.25,Debit Card,PENDING,2025-10-11 09:33:12
ORD-101837,CUST-1018,Steve Rogers,Paris,Clothing,Denim Jeans,75.25,1,0.25,UPI / Digital Wallet,PENDING,2025-12-14 09:54:58
ORD-101838,CUST-1001,Bob Jones,Tokyo,Sports & Outdoors,Dumbbell Set,141.14,2,0.25,Apple Pay,RETURNED,2025-04-11 17:06:17
ORD-101839,CUST-1018,Steve Rogers,Mumbai,Books,Sci-Fi Novel,25.28,2,0.1,PayPal,COMPLETED,2025-08-10 20:46:50
ORD-101840,CUST-1015,Pam Beesly,Mumbai,Clothing,Winter Jacket,34.98,2,0.15,Debit Card,CANCELLED,2025-01-15 07:44:20
ORD-101841,CUST-1008,Ian Malcolm,,Electronics,Smartphone,1035.85,2,0.25,Apple Pay,COMPLETED,2025-12-07 22:42:41
ORD-101842,CUST-1002,Charlie Brown,New York,Electronics,Wireless Headphones,100.87,2,0.25,Credit Card,COMPLETED,2025-05-30 19:27:14
ORD-101843,CUST-1008,Ian Malcolm,San Francisco,Clothing,Denim Jeans,88.51,4,0.2,Debit Card,CANCELLED,2025-10-04 06:41:20
ORD-101844,CUST-1013,Nora Jones,Toronto,Clothing,Sneakers,93.4,2,0.2,Debit Card,COMPLETED,2025-04-30 07:53:02
ORD-101845,CUST-1016,Quentin Tarantino,,Books,Biography,36.95,3,0.05,UPI / Digital Wallet,COMPLETED,2025-12-31 16:08:53
ORD-101846,CUST-1018,Steve Rogers,San Francisco,Sports & Outdoors,Bicycle Helmet,194.49,1,0.15,UPI / Digital Wallet,CANCELLED,2025-12-19 01:16:11
ORD-101847,CUST-1010,Kevin Bacon,Berlin,Home & Kitchen,Air Fryer,234.94,2,0.05,UPI / Digital Wallet,COMPLETED,2025-06-10 17:49:54
ORD-101848,CUST-1009,Julia Roberts,Toronto,Sports & Outdoors,Camping Tent,200.75,1,0.05,UPI / Digital Wallet,CANCELLED,2025-12-07 06:30:11
ORD-101849,CUST-1018,Steve Rogers,Singapore,Home & Kitchen,Blender,324.1,2,0.2,UPI / Digital Wallet,CANCELLED,2025-09-01 02:57:57
ORD-101850,CUST-1019,Tony Stark,Tokyo,Books,Data Engineering Handbook,10.05,2,0.2,PayPal,CANCELLED,2025-05-01 16:18:48
ORD-101851,CUST-1019,Tony Stark,San Francisco,Electronics,4K Monitor,1043.11,3,0.0,Debit Card,COMPLETED,2025-08-31 08:37:03
ORD-101852,CUST-1000,Alice Smith,Mumbai,Home & Kitchen,Cookware Set,102.94,1,0.0,UPI / Digital Wallet,COMPLETED,2025-09-02 12:20:44
ORD-101853,CUST-1018,Steve Rogers,New York,Clothing,Winter Jacket,70.04,4,0.2,Debit Card,CANCELLED,2025-11-27 05:42:46
ORD-101854,CUST-1003,Diana Prince,London,Electronics,Smartwatch,893.34,2,0.1,Apple Pay,PENDING,2025-06-05 10:35:32
ORD-101855,CUST-1008,Ian Malcolm,New York,Books,Biography,25.39,1,0.25,UPI / Digital Wallet,COMPLETED,2025-02-08 23:01:49
ORD-101856,CUST-1001,Bob Jones,Berlin,Sports & Outdoors,Hiking Backpack,235.56,1,0.1,Apple Pay,RETURNED,2025-04-09 01:14:24
ORD-101857,CUST-1000,Alice Smith,London,Clothing,Cotton T-Shirt,118.96,1,0.25,Credit Card,COMPLETED,2025-09-19 09:16:24
ORD-101858,CUST-1000,Alice Smith,Singapore,Electronics,Laptop,646.7,2,0.2,Credit Card,COMPLETED,2025-07-23 02:56:04
ORD-101859,CUST-1006,George Clark,,Sports & Outdoors,Camping Tent,118.14,2,0.1,PayPal,COMPLETED,2025-12-06 14:07:21
ORD-101860,CUST-1019,Tony Stark,New York,Clothing,Winter Jacket,115.77,3,0.0,Credit Card,CANCELLED,2025-04-21 21:36:03
ORD-101861,CUST-1019,Tony Stark,Paris,Electronics,Smartwatch,565.13,2,0.05,UPI / Digital Wallet,PENDING,2025-08-28 23:57:08
ORD-101862,CUST-1004,Evan Wright,Tokyo,Clothing,Sneakers,47.26,1,0.0,Apple Pay,PENDING,2025-01-21 01:36:12
ORD-101863,CUST-1014,Oscar Martinez,New York,Clothing,Sneakers,126.73,1,0.25,Apple Pay,COMPLETED,2025-09-22 14:52:35
ORD-101864,CUST-1011,Laura Croft,Toronto,Electronics,Wireless Headphones,1020.14,1,0.15,UPI / Digital Wallet,PENDING,2025-05-13 06:10:31
ORD-101865,CUST-1000,Alice Smith,Sydney,Sports & Outdoors,Bicycle Helmet,78.09,5,0.15,Credit Card,RETURNED,2025-10-27 19:41:05
ORD-101866,CUST-1002,Charlie Brown,Berlin,Clothing,Sneakers,18.86,1,0.1,PayPal,COMPLETED,2025-07-25 05:05:11
ORD-101867,CUST-1006,George Clark,London,Electronics,Wireless Headphones,595.94,2,0.15,Credit Card,COMPLETED,2025-11-30 14:58:17
ORD-101868,CUST-1014,Oscar Martinez,Singapore,Home & Kitchen,Air Fryer,77.86,1,0.05,UPI / Digital Wallet,RETURNED,2025-04-06 15:10:10
ORD-101869,CUST-1014,Oscar Martinez,Paris,Clothing,Denim Jeans,96.06,2,0.05,Apple Pay,PENDING,2025-01-13 13:26:49
ORD-101870,CUST-1001,Bob Jones,Toronto,Sports & Outdoors,Dumbbell Set,75.8,2,0.2,UPI / Digital Wallet,COMPLETED,2025-11-14 05:00:49
ORD-101871,CUST-1018,Steve Rogers,Berlin,Home & Kitchen,Air Fryer,61.89,2,0.1,Credit Card,COMPLETED,2025-04-27 01:27:42
ORD-101872,CUST-1017,Rachel Green,New York,Books,Cookbook,29.5,2,0.25,Apple Pay,RETURNED,2025-06-01 06:09:50
ORD-101873,CUST-1002,,Mumbai,Home & Kitchen,Blender,201.91,2,0.0,Apple Pay,PENDING,2025-10-04 16:36:59
ORD-101874,CUST-1005,Fiona Gallagher,Berlin,Electronics,Bluetooth Speaker,1189.22,2,0.25,Apple Pay,CANCELLED,2025-11-29 19:45:27
ORD-101875,CUST-1012,Michael Scott,New York,Electronics,Smartwatch,1032.45,1,0.2,Apple Pay,COMPLETED,2025-12-03 04:27:59
ORD-101876,CUST-1015,Pam Beesly,Paris,Home & Kitchen,Air Fryer,39.91,1,0.15,Debit Card,RETURNED,2025-09-20 17:53:08
ORD-101877,CUST-1016,Quentin Tarantino,Toronto,Sports & Outdoors,Hiking Backpack,104.22,2,0.05,UPI / Digital Wallet,COMPLETED,2025-02-17 21:41:40
ORD-101878,CUST-1017,Rachel Green,Berlin,Books,Economics 101,35.75,1,0.05,Apple Pay,COMPLETED,2025-09-10 18:04:09
ORD-101879,CUST-1007,Hannah Abbott,Toronto,Home & Kitchen,Vacuum Cleaner,109.06,1,0.05,Credit Card,RETURNED,2025-02-08 06:58:08
ORD-101880,CUST-1016,Quentin Tarantino,Berlin,Sports & Outdoors,Dumbbell Set,61.64,1,0.25,Apple Pay,COMPLETED,2025-05-26 02:51:09
ORD-101881,CUST-1014,Oscar Martinez,Singapore,Electronics,Bluetooth Speaker,294.69,1,0.25,Credit Card,RETURNED,2025-11-01 19:54:00
ORD-101882,CUST-1015,Pam Beesly,New York,Sports & Outdoors,Bicycle Helmet,144.47,3,0.2,Apple Pay,COMPLETED,2025-11-25 14:29:51
ORD-101883,CUST-1012,Michael Scott,San Francisco,Home & Kitchen,Toaster,62.64,2,0.1,Credit Card,COMPLETED,2025-02-15 11:12:09
ORD-101884,CUST-1017,Rachel Green,,Sports & Outdoors,Yoga Mat,161.56,1,0.2,Credit Card,CANCELLED,2025-01-04 12:01:50
ORD-101885,CUST-1005,Fiona Gallagher,London,Electronics,Bluetooth Speaker,237.77,1,0.05,Debit Card,PENDING,2025-06-08 08:04:55
ORD-101886,CUST-1011,Laura Croft,Berlin,Books,Sci-Fi Novel,42.34,1,0.1,PayPal,COMPLETED,2025-08-20 01:13:31
ORD-101887,CUST-1006,George Clark,Toronto,Sports & Outdoors,Hiking Backpack,73.78,1,0.15,Apple Pay,COMPLETED,2025-03-29 03:24:52
ORD-101888,CUST-1000,Alice Smith,Singapore,Home & Kitchen,Air Fryer,125.28,3,0.0,PayPal,CANCELLED,2025-08-15 02:09:56
ORD-101889,CUST-1015,Pam Beesly,San Francisco,Books,Data Engineering Handbook,39.14,1,0.2,UPI / Digital Wallet,COMPLETED,2025-10-06 00:58:18
ORD-101890,CUST-1010,Kevin Bacon,New York,Home & Kitchen,Vacuum Cleaner,308.03,4,0.15,PayPal,PENDING,2025-03-27 08:18:19
ORD-101891,CUST-1018,Steve Rogers,Mumbai,Electronics,Laptop,1122.2,3,0.05,Credit Card,PENDING,2025-08-23 12:24:05
ORD-101892,CUST-1010,Kevin Bacon,New York,Books,Cookbook,41.52,1,0.15,Apple Pay,COMPLETED,2025-09-13 10:16:04
ORD-101893,CUST-1008,,Paris,Electronics,Bluetooth Speaker,550.13,1,0.25,Credit Card,COMPLETED,2025-08-10 08:17:40
ORD-101894,CUST-1007,Hannah Abbott,Berlin,Sports & Outdoors,Dumbbell Set,202.45,1,0.25,Credit Card,COMPLETED,2025-02-09 16:35:35
ORD-101895,CUST-1003,Diana Prince,San Francisco,Clothing,Running Shoes,58.29,2,0.25,Debit Card,COMPLETED,2025-12-30 10:21:51
ORD-101896,CUST-1019,Tony Stark,Sydney,Clothing,Sneakers,128.72,1,0.05,Credit Card,RETURNED,2025-11-09 15:08:17
ORD-101897,CUST-1002,Charlie Brown,London,Books,Sci-Fi Novel,24.28,4,0.05,Apple Pay,PENDING,2025-11-06 05:21:27
ORD-101898,CUST-1004,Evan Wright,Sydney,Clothing,Sneakers,137.72,2,0.25,PayPal,RETURNED,2025-12-16 06:29:57
ORD-101899,CUST-1013,Nora Jones,Berlin,Electronics,Smartphone,880.18,1,0.1,Credit Card,CANCELLED,2025-04-19 06:58:39
ORD-101900,CUST-1000,Alice Smith,Sydney,Books,History of Computing,41.69,3,0.0,Apple Pay,COMPLETED,2025-01-27 00:17:55
ORD-101901,CUST-1013,Nora Jones,Paris,Books,Cookbook,34.93,1,0.1,Debit Card,COMPLETED,2025-01-11 16:01:49
ORD-101902,CUST-1009,Julia Roberts,Berlin,Books,Sci-Fi Novel,18.96,2,0.0,Credit Card,PENDING,2025-04-05 14:21:39
ORD-101903,CUST-1013,Nora Jones,London,Sports & Outdoors,Dumbbell Set,208.69,2,0.25,PayPal,COMPLETED,2025-03-01 07:30:44
ORD-101904,CUST-1002,Charlie Brown,Singapore,Home & Kitchen,Air Fryer,338.0,2,0.05,UPI / Digital Wallet,COMPLETED,2025-06-03 11:54:58
ORD-101905,CUST-1006,George Clark,San Francisco,Home & Kitchen,Blender,27.89,1,0.2,UPI / Digital Wallet,PENDING,2025-01-01 11:06:35
ORD-101906,CUST-1019,Tony Stark,London,Clothing,Hooded Sweatshirt,32.91,1,0.15,Credit Card,COMPLETED,2025-10-03 00:36:18
ORD-101907,CUST-1008,Ian Malcolm,San Francisco,Home & Kitchen,Vacuum Cleaner,213.99,2,0.05,Debit Card,COMPLETED,2025-03-02 06:22:29
ORD-101908,CUST-1008,Ian Malcolm,Berlin,Sports & Outdoors,Yoga Mat,123.85,2,0.05,Credit Card,RETURNED,2025-06-01 21:06:09
ORD-101909,CUST-1010,Kevin Bacon,Singapore,Sports & Outdoors,Yoga Mat,39.39,2,0.05,Debit Card,CANCELLED,2025-07-15 20:37:46
ORD-101910,CUST-1013,Nora Jones,London,Sports & Outdoors,Water Bottle,224.93,1,0.2,Apple Pay,RETURNED,2025-01-08 09:54:01
ORD-101911,CUST-1014,Oscar Martinez,London,Electronics,Wireless Headphones,1062.91,1,0.25,PayPal,PENDING,2025-05-03 17:48:03
ORD-101912,CUST-1004,Evan Wright,Tokyo,Books,Data Engineering Handbook,28.1,2,0.0,UPI / Digital Wallet,COMPLETED,2025-03-05 07:07:53
ORD-101913,CUST-1000,Alice Smith,Paris,Clothing,Hooded Sweatshirt,85.13,1,0.15,UPI / Digital Wallet,RETURNED,2025-04-07 21:29:48
ORD-101914,CUST-1013,Nora Jones,Tokyo,Books,History of Computing,28.93,1,0.25,Credit Card,PENDING,2025-09-05 18:24:48
ORD-101915,CUST-1009,Julia Roberts,Singapore,Books,History of Computing,10.52,2,0.25,PayPal,CANCELLED,2025-05-17 17:44:50
ORD-101916,CUST-1015,Pam Beesly,Berlin,Clothing,Cotton T-Shirt,103.94,1,0.2,Apple Pay,CANCELLED,2025-05-17 20:34:22
ORD-101917,CUST-1013,Nora Jones,Tokyo,Books,History of Computing,25.1,1,0.25,Debit Card,CANCELLED,2025-07-14 13:29:28
ORD-101918,CUST-1018,Steve Rogers,,Clothing,Winter Jacket,89.04,2,0.15,Apple Pay,PENDING,2025-03-27 18:37:57
ORD-101919,CUST-1011,Laura Croft,London,Clothing,Hooded Sweatshirt,64.94,3,0.2,Apple Pay,CANCELLED,2025-06-08 03:25:00
ORD-101920,CUST-1007,Hannah Abbott,Sydney,Clothing,Running Shoes,74.72,1,0.0,Apple Pay,RETURNED,2025-06-28 11:36:55
ORD-101921,CUST-1003,Diana Prince,Toronto,Books,Cookbook,20.64,3,0.1,Apple Pay,CANCELLED,2025-11-13 23:32:37
ORD-101922,CUST-1015,Pam Beesly,Paris,Home & Kitchen,Espresso Machine,213.24,2,0.25,PayPal,PENDING,2025-02-06 23:01:25
ORD-101923,CUST-1013,Nora Jones,Toronto,Books,Data Engineering Handbook,8.65,1,0.05,PayPal,COMPLETED,2025-11-05 18:51:01
ORD-101924,CUST-1016,Quentin Tarantino,Mumbai,Electronics,Smartphone,86.85,1,0.2,Apple Pay,COMPLETED,2025-11-08 20:23:57
ORD-101925,CUST-1005,Fiona Gallagher,London,Sports & Outdoors,Water Bottle,204.33,1,0.15,PayPal,COMPLETED,2025-01-12 13:52:55
ORD-101926,CUST-1005,Fiona Gallagher,Berlin,Electronics,Wireless Headphones,685.91,1,0.05,Debit Card,COMPLETED,2025-02-07 04:17:41
ORD-101927,CUST-1017,Rachel Green,New York,Home & Kitchen,Air Fryer,91.06,1,0.05,Credit Card,PENDING,2025-06-08 22:12:38
ORD-101928,CUST-1008,Ian Malcolm,New York,Sports & Outdoors,Dumbbell Set,69.5,1,0.0,PayPal,RETURNED,2025-03-01 09:33:36
ORD-101929,CUST-1019,Tony Stark,London,Home & Kitchen,Air Fryer,238.39,2,0.1,Credit Card,COMPLETED,2025-04-19 04:36:54
ORD-101930,CUST-1013,Nora Jones,Tokyo,Books,Economics 101,39.18,2,0.25,UPI / Digital Wallet,COMPLETED,2025-01-27 23:28:18
ORD-101931,CUST-1004,Evan Wright,Sydney,Electronics,Laptop,1067.35,3,0.05,Debit Card,COMPLETED,2025-04-25 23:12:19
ORD-101932,CUST-1015,Pam Beesly,New York,Clothing,Cotton T-Shirt,88.28,1,0.15,Debit Card,COMPLETED,2025-01-07 15:24:21
ORD-101933,CUST-1014,Oscar Martinez,New York,Home & Kitchen,Blender,103.12,1,0.15,Debit Card,COMPLETED,2025-10-30 07:14:41
ORD-101934,CUST-1010,Kevin Bacon,San Francisco,Clothing,Denim Jeans,102.06,1,0.25,PayPal,RETURNED,2025-07-04 01:56:04
ORD-101935,CUST-1015,Pam Beesly,Sydney,Home & Kitchen,Toaster,281.26,1,0.1,Apple Pay,COMPLETED,2025-04-13 05:24:27
ORD-101936,CUST-1001,,San Francisco,Sports & Outdoors,Camping Tent,85.47,1,0.15,Debit Card,COMPLETED,2025-12-02 01:44:53
ORD-101937,CUST-1004,Evan Wright,Sydney,Books,Data Engineering Handbook,9.98,2,0.15,Credit Card,COMPLETED,2025-04-10 09:55:19
ORD-101938,CUST-1004,Evan Wright,Sydney,Clothing,Hooded Sweatshirt,34.22,1,0.05,Debit Card,COMPLETED,2025-04-01 01:06:22
ORD-101939,CUST-1002,Charlie Brown,London,Electronics,Smartphone,733.3,1,0.0,Apple Pay,COMPLETED,2025-02-04 02:24:13
ORD-101940,CUST-1002,Charlie Brown,New York,Sports & Outdoors,Dumbbell Set,80.88,1,0.2,UPI / Digital Wallet,COMPLETED,2025-04-18 13:39:02
ORD-101941,CUST-1013,Nora Jones,Tokyo,Sports & Outdoors,Water Bottle,202.34,2,0.2,Credit Card,CANCELLED,2025-08-22 03:48:45
ORD-101942,CUST-1001,Bob Jones,Paris,Sports & Outdoors,Bicycle Helmet,97.25,3,0.1,Apple Pay,PENDING,2025-02-16 03:56:14
ORD-101943,CUST-1009,Julia Roberts,London,Electronics,4K Monitor,285.97,3,0.1,Debit Card,PENDING,2025-06-03 08:00:25
ORD-101944,CUST-1019,Tony Stark,Berlin,Clothing,Winter Jacket,146.7,2,0.2,PayPal,COMPLETED,2025-10-11 21:25:39
ORD-101945,CUST-1013,Nora Jones,Berlin,Sports & Outdoors,Hiking Backpack,60.95,1,0.25,PayPal,RETURNED,2025-02-02 11:25:27
ORD-101946,CUST-1000,Alice Smith,Tokyo,Home & Kitchen,Toaster,26.84,1,0.1,Credit Card,COMPLETED,2025-07-02 17:19:01
ORD-101947,CUST-1008,Ian Malcolm,Singapore,Electronics,4K Monitor,130.92,2,0.2,Apple Pay,COMPLETED,2025-04-02 01:19:01
ORD-101948,CUST-1016,Quentin Tarantino,New York,Clothing,Cotton T-Shirt,99.36,5,0.0,Credit Card,COMPLETED,2025-10-30 04:21:13
ORD-101949,CUST-1002,Charlie Brown,Singapore,Sports & Outdoors,Water Bottle,170.16,4,0.05,Debit Card,CANCELLED,2025-08-20 10:50:24
ORD-101950,CUST-1007,Hannah Abbott,San Francisco,Clothing,Running Shoes,55.78,2,0.0,UPI / Digital Wallet,RETURNED,2025-01-28 22:54:25
ORD-101951,CUST-1013,Nora Jones,Sydney,Clothing,Running Shoes,61.15,3,0.1,Credit Card,PENDING,2025-04-27 15:55:13
ORD-101952,CUST-1007,Hannah Abbott,Berlin,Home & Kitchen,Air Fryer,297.07,1,0.0,UPI / Digital Wallet,PENDING,2025-01-08 12:41:21
ORD-101953,CUST-1012,Michael Scott,Sydney,Electronics,Bluetooth Speaker,663.38,2,0.25,Debit Card,COMPLETED,2025-07-25 06:14:07
ORD-101954,CUST-1006,George Clark,London,Sports & Outdoors,Yoga Mat,84.13,2,0.05,UPI / Digital Wallet,COMPLETED,2025-05-12 12:27:04
ORD-101955,CUST-1014,Oscar Martinez,Toronto,Books,Data Engineering Handbook,25.02,3,0.2,PayPal,CANCELLED,2025-10-28 18:10:56
ORD-101956,CUST-1013,Nora Jones,Mumbai,Electronics,Smartphone,974.89,2,0.05,Debit Card,COMPLETED,2025-03-24 19:20:55
ORD-101957,CUST-1019,Tony Stark,Tokyo,Books,Biography,43.78,1,0.25,UPI / Digital Wallet,COMPLETED,2025-04-07 07:20:54
ORD-101958,CUST-1010,Kevin Bacon,Paris,Home & Kitchen,Air Fryer,40.84,1,0.15,Debit Card,PENDING,2025-04-17 02:37:36
ORD-101959,CUST-1009,Julia Roberts,Singapore,Home & Kitchen,Air Fryer,79.79,1,0.25,Apple Pay,PENDING,2025-08-29 07:45:31
ORD-101960,CUST-1009,Julia Roberts,Paris,Books,Economics 101,26.31,1,0.1,Debit Card,CANCELLED,2025-07-04 01:39:57
ORD-101961,CUST-1003,Diana Prince,Tokyo,Electronics,Wireless Headphones,684.88,2,0.2,Debit Card,RETURNED,2025-12-19 11:18:30
ORD-101962,CUST-1016,Quentin Tarantino,Toronto,Sports & Outdoors,Yoga Mat,212.47,3,0.05,Debit Card,COMPLETED,2025-12-26 04:07:11
ORD-101963,CUST-1000,Alice Smith,London,Home & Kitchen,Toaster,315.87,2,0.05,Debit Card,COMPLETED,2025-01-21 08:42:55
ORD-101964,CUST-1018,Steve Rogers,Sydney,Books,Economics 101,22.01,1,0.0,Debit Card,COMPLETED,2025-08-18 05:08:50
ORD-101965,CUST-1003,Diana Prince,Tokyo,Electronics,Laptop,899.24,3,0.15,Apple Pay,COMPLETED,2025-10-10 12:22:46
ORD-101966,CUST-1008,Ian Malcolm,Singapore,Electronics,Bluetooth Speaker,767.03,2,0.05,UPI / Digital Wallet,COMPLETED,2025-05-11 04:53:15
ORD-101967,CUST-1015,Pam Beesly,Mumbai,Books,Economics 101,16.11,1,0.1,Credit Card,COMPLETED,2025-10-13 10:40:51
ORD-101968,CUST-1011,Laura Croft,Toronto,Sports & Outdoors,Bicycle Helmet,172.25,1,0.0,Apple Pay,RETURNED,2025-07-04 00:33:12
ORD-101969,CUST-1018,Steve Rogers,Singapore,Clothing,Winter Jacket,114.75,1,0.15,Debit Card,COMPLETED,2025-03-04 19:38:39
ORD-101970,CUST-1018,Steve Rogers,Berlin,Clothing,Hooded Sweatshirt,115.66,1,0.1,Debit Card,COMPLETED,2025-11-13 13:11:53
ORD-101971,CUST-1015,Pam Beesly,Paris,Electronics,Smartwatch,280.87,2,0.05,Credit Card,CANCELLED,2025-01-28 10:13:11
ORD-101972,CUST-1015,Pam Beesly,New York,Home & Kitchen,Cookware Set,67.39,2,0.2,Credit Card,COMPLETED,2025-09-02 00:23:49
ORD-101973,CUST-1016,Quentin Tarantino,Sydney,Home & Kitchen,Air Fryer,184.88,1,0.05,PayPal,CANCELLED,2025-12-26 12:24:07
ORD-101974,CUST-1019,Tony Stark,Singapore,Electronics,Bluetooth Speaker,1042.58,1,0.15,PayPal,COMPLETED,2025-10-05 21:03:20
ORD-101975,CUST-1011,Laura Croft,London,Books,History of Computing,22.42,1,0.05,Credit Card,COMPLETED,2025-04-05 10:32:54
ORD-101976,CUST-1007,Hannah Abbott,Sydney,Home & Kitchen,Cookware Set,72.7,1,0.15,PayPal,PENDING,2025-01-06 04:44:23
ORD-101977,CUST-1011,Laura Croft,Paris,Books,Cookbook,19.42,3,0.25,Credit Card,RETURNED,2025-06-25 06:47:34
ORD-101978,CUST-1013,Nora Jones,Tokyo,Clothing,Denim Jeans,131.34,1,0.1,Apple Pay,RETURNED,2025-10-28 21:24:10
ORD-101979,CUST-1014,Oscar Martinez,Sydney,Clothing,Running Shoes,136.7,5,0.1,Credit Card,CANCELLED,2025-06-20 01:50:55
ORD-101980,CUST-1010,Kevin Bacon,Sydney,Books,Sci-Fi Novel,28.1,1,0.25,Apple Pay,COMPLETED,2025-01-12 08:21:11
ORD-101981,CUST-1006,George Clark,San Francisco,Books,Data Engineering Handbook,15.57,2,0.15,Debit Card,PENDING,2025-10-25 15:12:21
ORD-101982,CUST-1007,Hannah Abbott,Sydney,Home & Kitchen,Espresso Machine,333.77,2,0.2,UPI / Digital Wallet,COMPLETED,2025-10-09 14:01:55
ORD-101983,CUST-1013,Nora Jones,Sydney,Clothing,Cotton T-Shirt,69.12,2,0.0,Credit Card,CANCELLED,2025-08-11 17:03:52
ORD-101984,CUST-1009,Julia Roberts,Paris,Clothing,Sneakers,58.51,2,0.0,Apple Pay,COMPLETED,2025-10-07 08:43:39
ORD-101985,CUST-1016,,Toronto,Books,Sci-Fi Novel,8.23,1,0.2,Debit Card,CANCELLED,2025-02-18 08:58:29
ORD-101986,CUST-1008,Ian Malcolm,Mumbai,Electronics,Bluetooth Speaker,1104.2,4,0.2,Apple Pay,COMPLETED,2025-10-29 13:01:13
ORD-101987,CUST-1012,Michael Scott,San Francisco,Home & Kitchen,Toaster,62.82,3,0.2,Debit Card,CANCELLED,2025-11-27 23:20:03
ORD-101988,CUST-1014,Oscar Martinez,London,Home & Kitchen,Cookware Set,257.51,2,0.25,UPI / Digital Wallet,COMPLETED,2025-12-01 16:58:33
ORD-101989,CUST-1004,Evan Wright,Paris,Electronics,4K Monitor,912.05,4,0.25,Credit Card,COMPLETED,2025-12-02 10:04:45
ORD-101990,CUST-1014,Oscar Martinez,Tokyo,Home & Kitchen,Vacuum Cleaner,155.57,5,0.05,Debit Card,COMPLETED,2025-08-10 14:09:16
ORD-101991,CUST-1005,Fiona Gallagher,New York,Sports & Outdoors,Camping Tent,90.59,1,0.15,Apple Pay,COMPLETED,2025-05-22 03:20:11
ORD-101992,CUST-1014,Oscar Martinez,Toronto,Clothing,Hooded Sweatshirt,137.97,1,0.1,Debit Card,CANCELLED,2025-12-12 05:23:17
ORD-101993,CUST-1011,Laura Croft,Singapore,Sports & Outdoors,Bicycle Helmet,140.73,2,0.1,PayPal,CANCELLED,2025-09-07 08:16:52
ORD-101994,CUST-1012,Michael Scott,New York,Home & Kitchen,Espresso Machine,43.2,3,0.05,Apple Pay,RETURNED,2025-10-03 14:38:18
ORD-101995,CUST-1011,Laura Croft,New York,Clothing,Cotton T-Shirt,97.05,2,0.1,Debit Card,COMPLETED,2025-08-23 06:47:17
ORD-101996,CUST-1012,Michael Scott,Berlin,Sports & Outdoors,Water Bottle,68.45,1,0.15,Apple Pay,PENDING,2025-04-01 02:15:50
ORD-101997,CUST-1016,Quentin Tarantino,London,Home & Kitchen,Blender,81.68,2,0.05,PayPal,COMPLETED,2025-10-23 05:55:36
ORD-101998,CUST-1006,George Clark,Mumbai,Home & Kitchen,Blender,45.8,2,0.05,Credit Card,PENDING,2025-02-03 19:41:57
ORD-101999,CUST-1009,Julia Roberts,Paris,Sports & Outdoors,Yoga Mat,249.02,4,0.0,PayPal,CANCELLED,2025-03-18 04:14:04
ORD-102000,CUST-1006,George Clark,San Francisco,Clothing,Sneakers,120.7,2,0.0,Apple Pay,COMPLETED,2025-12-05 09:47:38
ORD-102001,CUST-1018,Steve Rogers,London,Books,Cookbook,28.83,1,0.2,Credit Card,RETURNED,2025-03-31 01:49:22
ORD-102002,CUST-1002,Charlie Brown,New York,Home & Kitchen,Cookware Set,219.93,1,0.2,Debit Card,COMPLETED,2025-08-01 22:04:37
ORD-102003,CUST-1003,Diana Prince,Berlin,Electronics,Smartwatch,625.63,1,0.1,Debit Card,COMPLETED,2025-01-22 09:43:57
ORD-102004,CUST-1011,Laura Croft,Berlin,Sports & Outdoors,Yoga Mat,134.59,2,0.0,Credit Card,COMPLETED,2025-03-24 02:13:47
ORD-102005,CUST-1015,Pam Beesly,Sydney,Home & Kitchen,Cookware Set,103.14,1,0.2,PayPal,COMPLETED,2025-02-01 14:41:34
ORD-102006,CUST-1014,Oscar Martinez,Tokyo,Books,History of Computing,34.1,2,0.1,PayPal,COMPLETED,2025-12-16 12:36:26
ORD-102007,CUST-1016,Quentin Tarantino,New York,Home & Kitchen,Cookware Set,60.84,1,0.2,Credit Card,COMPLETED,2025-10-10 20:05:32
ORD-102008,CUST-1019,Tony Stark,Berlin,Clothing,Hooded Sweatshirt,87.11,3,0.1,Credit Card,PENDING,2025-12-11 11:12:34
ORD-102009,CUST-1010,Kevin Bacon,Toronto,Clothing,Running Shoes,114.26,2,0.25,Credit Card,CANCELLED,2025-07-15 03:25:58
ORD-102010,CUST-1018,Steve Rogers,Toronto,Books,Data Engineering Handbook,41.02,1,0.05,Credit Card,COMPLETED,2025-10-14 04:52:02
ORD-102011,CUST-1014,Oscar Martinez,,Electronics,Bluetooth Speaker,290.17,2,0.1,PayPal,COMPLETED,2025-03-25 01:22:57
ORD-102012,CUST-1014,Oscar Martinez,Mumbai,Home & Kitchen,Vacuum Cleaner,47.51,1,0.2,UPI / Digital Wallet,CANCELLED,2025-08-06 20:06:10
ORD-102013,CUST-1002,Charlie Brown,Paris,Home & Kitchen,Cookware Set,215.96,4,0.1,Credit Card,CANCELLED,2025-11-03 03:35:58
ORD-102014,CUST-1015,Pam Beesly,New York,Sports & Outdoors,Camping Tent,168.53,2,0.2,Apple Pay,PENDING,2025-09-20 03:42:21
ORD-102015,CUST-1019,Tony Stark,Paris,Electronics,Bluetooth Speaker,270.23,1,0.0,Apple Pay,PENDING,2025-10-20 20:20:38
ORD-102016,CUST-1015,Pam Beesly,Mumbai,Sports & Outdoors,Camping Tent,48.49,2,0.1,UPI / Digital Wallet,COMPLETED,2025-09-01 17:56:17
ORD-102017,CUST-1004,Evan Wright,Sydney,Sports & Outdoors,Yoga Mat,195.65,3,0.25,PayPal,COMPLETED,2025-11-12 03:13:18
ORD-102018,CUST-1009,Julia Roberts,New York,Books,Data Engineering Handbook,22.99,1,0.15,UPI / Digital Wallet,COMPLETED,2025-07-16 13:35:13
ORD-102019,CUST-1017,Rachel Green,Toronto,Electronics,Smartwatch,966.51,1,0.15,Credit Card,COMPLETED,2025-03-18 10:41:17
ORD-102020,CUST-1002,Charlie Brown,Mumbai,Home & Kitchen,Blender,180.45,1,0.05,UPI / Digital Wallet,RETURNED,2025-06-30 20:11:29
ORD-102021,CUST-1003,Diana Prince,Singapore,Sports & Outdoors,Bicycle Helmet,45.75,2,0.05,Credit Card,COMPLETED,2025-11-26 01:41:57
ORD-102022,CUST-1010,Kevin Bacon,Tokyo,Sports & Outdoors,Yoga Mat,125.77,4,0.1,UPI / Digital Wallet,COMPLETED,2025-03-12 13:02:22
ORD-102023,CUST-1001,Bob Jones,New York,Clothing,Denim Jeans,96.45,2,0.25,Debit Card,CANCELLED,2025-10-16 02:25:51
ORD-102024,CUST-1019,Tony Stark,Toronto,Clothing,Winter Jacket,82.09,2,0.05,UPI / Digital Wallet,COMPLETED,2025-06-05 06:11:58
ORD-102025,CUST-1001,Bob Jones,Sydney,Books,Data Engineering Handbook,35.53,1,0.05,UPI / Digital Wallet,COMPLETED,2025-06-17 07:37:36
ORD-102026,CUST-1000,Alice Smith,New York,Clothing,Hooded Sweatshirt,36.27,1,0.2,Credit Card,COMPLETED,2025-11-25 10:07:46
ORD-102027,CUST-1011,Laura Croft,Tokyo,Books,Biography,32.57,3,0.05,Apple Pay,COMPLETED,2025-10-21 20:51:16
ORD-102028,CUST-1019,Tony Stark,Singapore,Electronics,Smartwatch,837.45,1,0.25,Credit Card,COMPLETED,2025-08-22 22:22:16
ORD-102029,CUST-1006,George Clark,Mumbai,Home & Kitchen,Espresso Machine,332.07,1,0.15,Debit Card,PENDING,2025-02-13 07:00:15
ORD-102030,CUST-1011,Laura Croft,Singapore,Clothing,Running Shoes,77.07,3,0.15,Apple Pay,COMPLETED,2025-05-14 06:43:58
ORD-102031,CUST-1007,Hannah Abbott,Sydney,Books,Sci-Fi Novel,38.82,2,0.2,Apple Pay,COMPLETED,2025-07-24 05:40:32
ORD-102032,CUST-1003,Diana Prince,London,Electronics,Bluetooth Speaker,151.52,2,0.15,Credit Card,RETURNED,2025-06-06 05:47:34
ORD-102033,CUST-1003,Diana Prince,San Francisco,Electronics,Wireless Headphones,550.72,2,0.0,Apple Pay,COMPLETED,2025-06-19 16:10:22
ORD-102034,CUST-1002,Charlie Brown,Berlin,Home & Kitchen,Vacuum Cleaner,61.11,1,0.15,Credit Card,COMPLETED,2025-12-03 00:35:51
ORD-102035,CUST-1005,Fiona Gallagher,Berlin,Home & Kitchen,Cookware Set,174.05,3,0.1,Credit Card,RETURNED,2025-02-05 03:37:21
ORD-102036,CUST-1009,Julia Roberts,San Francisco,Books,Data Engineering Handbook,44.66,4,0.05,UPI / Digital Wallet,CANCELLED,2025-03-27 14:28:03
ORD-102037,CUST-1016,Quentin Tarantino,London,Clothing,Cotton T-Shirt,40.49,3,0.15,Apple Pay,COMPLETED,2025-01-14 03:21:03
ORD-102038,CUST-1000,Alice Smith,San Francisco,Sports & Outdoors,Camping Tent,27.7,1,0.05,PayPal,COMPLETED,2025-08-31 04:18:47
ORD-102039,CUST-1003,Diana Prince,New York,Clothing,Denim Jeans,89.58,1,0.25,Credit Card,RETURNED,2025-03-28 01:07:27
ORD-102040,CUST-1009,Julia Roberts,Paris,Electronics,Smartphone,165.74,1,0.15,UPI / Digital Wallet,COMPLETED,2025-01-04 23:49:51
ORD-102041,CUST-1004,Evan Wright,Tokyo,Books,Data Engineering Handbook,19.16,1,0.05,UPI / Digital Wallet,COMPLETED,2025-01-29 11:08:53
ORD-102042,CUST-1006,George Clark,Singapore,Clothing,Hooded Sweatshirt,144.17,2,0.05,PayPal,COMPLETED,2025-12-28 18:36:01
ORD-102043,CUST-1017,Rachel Green,Berlin,Home & Kitchen,Cookware Set,200.03,2,0.25,Apple Pay,COMPLETED,2025-02-15 09:46:59
ORD-102044,CUST-1003,Diana Prince,London,Electronics,Smartwatch,747.99,2,0.05,Credit Card,COMPLETED,2025-08-01 00:43:56
ORD-102045,CUST-1003,Diana Prince,San Francisco,Clothing,Denim Jeans,48.51,1,0.2,Credit Card,COMPLETED,2025-12-04 12:13:56
ORD-102046,CUST-1010,Kevin Bacon,Berlin,Books,History of Computing,33.91,1,0.05,Debit Card,COMPLETED,2025-12-17 12:43:03
ORD-102047,CUST-1006,George Clark,Toronto,Home & Kitchen,Espresso Machine,137.64,4,0.05,PayPal,PENDING,2025-12-20 15:28:45
ORD-102048,CUST-1015,Pam Beesly,Paris,Clothing,Hooded Sweatshirt,139.31,1,0.05,PayPal,COMPLETED,2025-04-04 06:26:48
ORD-102049,CUST-1003,Diana Prince,Mumbai,Sports & Outdoors,Camping Tent,98.35,1,0.0,Debit Card,PENDING,2025-11-23 17:37:09
ORD-102050,CUST-1011,Laura Croft,Toronto,Electronics,Bluetooth Speaker,490.21,4,0.2,Apple Pay,PENDING,2025-08-17 06:24:26
ORD-102051,CUST-1015,Pam Beesly,Sydney,Electronics,Wireless Headphones,264.96,1,0.15,Apple Pay,PENDING,2025-06-25 15:03:49
ORD-102052,CUST-1015,Pam Beesly,Tokyo,Electronics,Smartwatch,311.32,1,0.05,PayPal,RETURNED,2025-10-07 03:58:58
ORD-102053,CUST-1015,,Singapore,Books,Data Engineering Handbook,19.22,1,0.25,Debit Card,COMPLETED,2025-04-17 02:29:43
ORD-102054,CUST-1003,Diana Prince,London,Electronics,Laptop,252.29,4,0.2,PayPal,PENDING,2025-10-05 12:07:35
ORD-102055,CUST-1008,Ian Malcolm,Berlin,Clothing,Cotton T-Shirt,141.48,5,0.05,UPI / Digital Wallet,COMPLETED,2025-04-17 12:49:34
ORD-102056,CUST-1015,Pam Beesly,Mumbai,Sports & Outdoors,Camping Tent,168.97,2,0.2,PayPal,COMPLETED,2025-04-08 03:59:55
ORD-102057,CUST-1004,Evan Wright,Mumbai,Home & Kitchen,Air Fryer,300.73,4,0.25,PayPal,COMPLETED,2025-03-12 11:16:14
ORD-102058,CUST-1010,Kevin Bacon,New York,Books,Biography,13.84,1,0.2,UPI / Digital Wallet,COMPLETED,2025-10-16 21:58:07
ORD-102059,CUST-1004,Evan Wright,Toronto,Electronics,Smartphone,846.91,1,0.2,Debit Card,PENDING,2025-06-29 00:54:15
ORD-102060,CUST-1002,Charlie Brown,San Francisco,Clothing,Denim Jeans,76.27,3,0.05,Debit Card,PENDING,2025-06-02 19:10:09
ORD-102061,CUST-1009,Julia Roberts,Singapore,Books,Economics 101,32.95,1,0.2,Apple Pay,COMPLETED,2025-02-19 02:52:36
ORD-102062,CUST-1003,Diana Prince,Toronto,Home & Kitchen,Blender,114.73,3,0.0,Credit Card,RETURNED,2025-06-11 00:54:35
ORD-102063,CUST-1019,Tony Stark,Mumbai,Sports & Outdoors,Camping Tent,237.23,1,0.15,UPI / Digital Wallet,COMPLETED,2025-05-19 02:27:11
ORD-102064,CUST-1011,Laura Croft,New York,Books,Biography,12.18,1,0.15,UPI / Digital Wallet,CANCELLED,2025-11-23 05:21:07
ORD-102065,CUST-1002,Charlie Brown,Mumbai,Home & Kitchen,Cookware Set,84.32,1,0.05,Credit Card,COMPLETED,2025-05-11 22:56:34
ORD-102066,CUST-1014,,Mumbai,Sports & Outdoors,Dumbbell Set,216.34,1,0.1,Apple Pay,COMPLETED,2025-01-24 12:45:14
ORD-102067,CUST-1000,Alice Smith,Sydney,Home & Kitchen,Blender,54.88,1,0.15,PayPal,COMPLETED,2025-08-01 19:50:47
ORD-102068,CUST-1017,Rachel Green,Paris,Electronics,4K Monitor,644.82,1,0.2,Credit Card,COMPLETED,2025-10-23 13:55:38
ORD-102069,CUST-1018,Steve Rogers,,Electronics,Laptop,929.15,2,0.1,Credit Card,RETURNED,2025-01-20 20:12:29
ORD-102070,CUST-1017,Rachel Green,London,Books,Cookbook,39.92,2,0.1,Apple Pay,COMPLETED,2025-01-29 05:32:56
ORD-102071,CUST-1008,Ian Malcolm,Paris,Books,Cookbook,23.01,1,0.1,UPI / Digital Wallet,COMPLETED,2025-03-22 04:27:28
ORD-102072,CUST-1011,Laura Croft,Toronto,Books,Cookbook,35.43,1,0.2,PayPal,COMPLETED,2025-05-12 16:22:25
ORD-102073,CUST-1000,Alice Smith,Sydney,Electronics,Laptop,1132.6,2,0.1,Credit Card,RETURNED,2025-11-09 02:45:35
ORD-102074,CUST-1002,Charlie Brown,London,Sports & Outdoors,Bicycle Helmet,237.06,1,0.15,Apple Pay,COMPLETED,2025-05-04 02:19:57
ORD-102075,CUST-1015,Pam Beesly,London,Electronics,Smartwatch,969.17,1,0.0,PayPal,COMPLETED,2025-11-22 17:29:04
ORD-102076,CUST-1002,Charlie Brown,New York,Sports & Outdoors,Water Bottle,183.82,1,0.05,UPI / Digital Wallet,CANCELLED,2025-07-19 15:31:50
ORD-102077,CUST-1009,Julia Roberts,London,Electronics,Laptop,1175.82,2,0.0,Credit Card,COMPLETED,2025-07-16 02:35:48
ORD-102078,CUST-1005,Fiona Gallagher,Tokyo,Electronics,4K Monitor,610.03,4,0.25,PayPal,COMPLETED,2025-07-18 16:20:19
ORD-102079,CUST-1018,Steve Rogers,San Francisco,Books,Cookbook,25.62,1,0.1,Apple Pay,PENDING,2025-02-27 22:08:27
ORD-102080,CUST-1015,Pam Beesly,Tokyo,Clothing,Hooded Sweatshirt,63.3,2,0.25,PayPal,CANCELLED,2025-05-21 23:15:47
ORD-102081,CUST-1005,Fiona Gallagher,New York,Books,Cookbook,43.78,4,0.15,UPI / Digital Wallet,COMPLETED,2025-08-30 17:32:34
ORD-102082,CUST-1009,Julia Roberts,Toronto,Sports & Outdoors,Water Bottle,144.83,1,0.15,UPI / Digital Wallet,COMPLETED,2025-09-20 07:22:57
ORD-102083,CUST-1000,Alice Smith,New York,Books,Sci-Fi Novel,33.18,1,0.25,Debit Card,RETURNED,2025-10-10 07:14:25
ORD-102084,CUST-1016,Quentin Tarantino,San Francisco,Books,Economics 101,12.01,1,0.2,Apple Pay,COMPLETED,2025-02-03 15:52:08
ORD-102085,CUST-1012,Michael Scott,Tokyo,Home & Kitchen,Vacuum Cleaner,143.52,1,0.15,PayPal,COMPLETED,2025-11-05 16:26:42
ORD-102086,CUST-1008,Ian Malcolm,Berlin,Books,Biography,17.19,1,0.15,PayPal,COMPLETED,2025-08-09 07:30:27
ORD-102087,CUST-1014,Oscar Martinez,Singapore,Sports & Outdoors,Yoga Mat,55.56,1,0.15,Credit Card,COMPLETED,2025-04-28 11:11:03
ORD-102088,CUST-1006,George Clark,Sydney,Home & Kitchen,Toaster,50.15,2,0.15,PayPal,RETURNED,2025-06-08 13:17:01
ORD-102089,CUST-1017,Rachel Green,Paris,Books,Economics 101,40.24,2,0.0,UPI / Digital Wallet,COMPLETED,2025-11-14 12:13:23
ORD-102090,CUST-1009,Julia Roberts,Paris,Books,Cookbook,19.49,1,0.15,Debit Card,RETURNED,2025-08-19 16:40:16
ORD-102091,CUST-1003,Diana Prince,Singapore,Sports & Outdoors,Hiking Backpack,187.51,4,0.05,UPI / Digital Wallet,PENDING,2025-04-13 20:57:20
ORD-102092,CUST-1009,Julia Roberts,San Francisco,Books,Biography,38.34,4,0.0,Credit Card,PENDING,2025-03-11 08:03:20
ORD-102093,CUST-1002,Charlie Brown,London,Home & Kitchen,Vacuum Cleaner,213.1,4,0.25,Credit Card,COMPLETED,2025-08-31 20:15:55
ORD-102094,CUST-1004,Evan Wright,Singapore,Clothing,Sneakers,77.46,1,0.25,Apple Pay,COMPLETED,2025-07-08 23:08:02
ORD-102095,CUST-1009,Julia Roberts,Toronto,Home & Kitchen,Espresso Machine,257.98,1,0.0,Apple Pay,COMPLETED,2025-12-25 19:53:31
ORD-102096,CUST-1018,Steve Rogers,Sydney,Books,History of Computing,34.43,4,0.2,UPI / Digital Wallet,CANCELLED,2025-12-13 03:55:34
ORD-102097,CUST-1019,Tony Stark,Tokyo,Books,Biography,18.66,1,0.05,UPI / Digital Wallet,CANCELLED,2025-01-17 15:16:55
ORD-102098,CUST-1008,Ian Malcolm,Toronto,Sports & Outdoors,Camping Tent,59.07,1,0.2,UPI / Digital Wallet,COMPLETED,2025-01-18 05:20:20
ORD-102099,CUST-1007,Hannah Abbott,Singapore,Home & Kitchen,Air Fryer,32.95,2,0.25,PayPal,CANCELLED,2025-10-07 15:26:04
ORD-102100,CUST-1004,Evan Wright,,Electronics,Smartphone,185.17,2,0.0,Apple Pay,RETURNED,2025-09-08 06:22:45
ORD-102101,CUST-1006,George Clark,Toronto,Electronics,Wireless Headphones,182.95,1,0.05,UPI / Digital Wallet,RETURNED,2025-09-13 01:37:20
ORD-102102,CUST-1018,Steve Rogers,Berlin,Sports & Outdoors,Camping Tent,75.76,1,0.1,UPI / Digital Wallet,COMPLETED,2025-09-06 07:29:25
ORD-102103,CUST-1013,,Mumbai,Books,Sci-Fi Novel,41.89,1,0.25,PayPal,COMPLETED,2025-05-22 15:14:23
ORD-102104,CUST-1007,Hannah Abbott,Tokyo,Home & Kitchen,Espresso Machine,311.05,2,0.0,Credit Card,COMPLETED,2025-10-04 01:33:22
ORD-102105,CUST-1002,Charlie Brown,,Electronics,Smartphone,537.33,2,0.25,Credit Card,COMPLETED,2025-09-19 11:48:14
ORD-102106,CUST-1016,Quentin Tarantino,London,Sports & Outdoors,Camping Tent,95.29,1,0.05,Debit Card,PENDING,2025-04-21 07:07:19
ORD-102107,CUST-1016,Quentin Tarantino,San Francisco,Sports & Outdoors,Bicycle Helmet,83.7,2,0.0,Debit Card,COMPLETED,2025-08-01 18:26:52
ORD-102108,CUST-1015,Pam Beesly,Singapore,Electronics,Smartwatch,513.3,3,0.25,PayPal,CANCELLED,2025-03-20 11:01:59
ORD-102109,CUST-1018,Steve Rogers,New York,Sports & Outdoors,Bicycle Helmet,24.92,1,0.25,Credit Card,PENDING,2025-04-13 23:27:37
ORD-102110,CUST-1002,Charlie Brown,San Francisco,Books,Economics 101,11.46,1,0.1,PayPal,PENDING,2025-10-22 12:07:41
ORD-102111,CUST-1004,Evan Wright,Sydney,Books,History of Computing,38.18,1,0.05,UPI / Digital Wallet,COMPLETED,2025-08-18 13:00:09
ORD-102112,CUST-1019,Tony Stark,New York,Sports & Outdoors,Camping Tent,161.48,1,0.2,UPI / Digital Wallet,PENDING,2025-10-30 01:27:19
ORD-102113,CUST-1018,Steve Rogers,London,Electronics,Smartwatch,715.42,5,0.25,Debit Card,COMPLETED,2025-02-10 13:58:54
ORD-102114,CUST-1017,Rachel Green,Berlin,Electronics,Smartphone,224.94,1,0.25,UPI / Digital Wallet,COMPLETED,2025-12-10 18:25:45
ORD-102115,CUST-1019,Tony Stark,Tokyo,Sports & Outdoors,Hiking Backpack,134.03,2,0.0,PayPal,RETURNED,2025-07-14 08:48:19
ORD-102116,CUST-1007,Hannah Abbott,San Francisco,Home & Kitchen,Blender,308.7,2,0.2,PayPal,PENDING,2025-10-21 15:49:44
ORD-102117,CUST-1002,Charlie Brown,London,Sports & Outdoors,Bicycle Helmet,137.76,2,0.05,Credit Card,CANCELLED,2025-05-01 00:38:03
ORD-102118,CUST-1010,Kevin Bacon,San Francisco,Sports & Outdoors,Yoga Mat,197.9,2,0.2,Apple Pay,COMPLETED,2025-09-15 22:32:05
ORD-102119,CUST-1016,Quentin Tarantino,Mumbai,Books,Biography,39.9,1,0.05,PayPal,COMPLETED,2025-06-03 18:34:39
ORD-102120,CUST-1014,Oscar Martinez,Toronto,Electronics,Smartphone,177.46,1,0.2,Debit Card,PENDING,2025-05-19 20:29:52
ORD-102121,CUST-1017,Rachel Green,Berlin,Clothing,Running Shoes,95.43,1,0.25,Debit Card,CANCELLED,2025-11-13 08:31:21
ORD-102122,CUST-1013,Nora Jones,Tokyo,Sports & Outdoors,Dumbbell Set,210.49,1,0.15,Apple Pay,RETURNED,2025-12-29 18:23:24
ORD-102123,CUST-1008,Ian Malcolm,San Francisco,Sports & Outdoors,Water Bottle,230.94,1,0.05,PayPal,CANCELLED,2025-04-20 12:23:01
ORD-102124,CUST-1009,Julia Roberts,Mumbai,Clothing,Cotton T-Shirt,45.66,2,0.05,UPI / Digital Wallet,COMPLETED,2025-03-19 08:24:33
ORD-102125,CUST-1001,Bob Jones,Berlin,Clothing,Sneakers,129.61,1,0.1,PayPal,COMPLETED,2025-06-11 01:01:30
ORD-102126,CUST-1019,Tony Stark,Toronto,Electronics,Bluetooth Speaker,463.67,1,0.15,Debit Card,COMPLETED,2025-07-25 08:04:46
ORD-102127,CUST-1012,Michael Scott,Singapore,Home & Kitchen,Blender,61.79,4,0.05,PayPal,COMPLETED,2025-06-23 02:10:27
ORD-102128,CUST-1015,Pam Beesly,Mumbai,Clothing,Cotton T-Shirt,130.99,1,0.0,UPI / Digital Wallet,RETURNED,2025-11-15 12:13:40
ORD-102129,CUST-1018,Steve Rogers,Berlin,Home & Kitchen,Espresso Machine,281.49,3,0.25,Debit Card,COMPLETED,2025-11-30 00:02:44
ORD-102130,CUST-1001,Bob Jones,New York,Electronics,Wireless Headphones,687.77,2,0.15,Credit Card,COMPLETED,2025-02-22 10:22:22
ORD-102131,CUST-1019,Tony Stark,Toronto,Home & Kitchen,Air Fryer,169.64,1,0.2,PayPal,COMPLETED,2025-02-06 17:05:00
ORD-102132,CUST-1003,Diana Prince,Sydney,Books,History of Computing,13.26,3,0.2,Debit Card,COMPLETED,2025-10-28 01:53:26
ORD-102133,CUST-1015,Pam Beesly,London,Books,Economics 101,11.58,2,0.0,Apple Pay,PENDING,2025-01-10 15:30:06
ORD-102134,CUST-1005,Fiona Gallagher,Toronto,Books,Economics 101,9.2,3,0.25,PayPal,COMPLETED,2025-07-24 20:43:11
ORD-102135,CUST-1010,Kevin Bacon,London,Home & Kitchen,Blender,230.2,-1,0.0,Credit Card,RETURNED,2025-11-21 23:22:23
ORD-102136,CUST-1011,Laura Croft,Berlin,Home & Kitchen,Espresso Machine,267.98,1,0.15,Debit Card,COMPLETED,2025-09-30 11:53:29
ORD-102137,CUST-1016,Quentin Tarantino,London,Electronics,4K Monitor,575.57,1,0.0,UPI / Digital Wallet,COMPLETED,2025-07-23 22:44:14
ORD-102138,CUST-1016,Quentin Tarantino,Singapore,Clothing,Denim Jeans,66.77,3,0.25,Credit Card,RETURNED,2025-05-16 09:54:24
ORD-102139,CUST-1008,Ian Malcolm,Paris,Electronics,Bluetooth Speaker,310.7,1,0.1,Debit Card,COMPLETED,2025-05-19 11:50:31
ORD-102140,CUST-1014,Oscar Martinez,Toronto,Sports & Outdoors,Water Bottle,30.03,1,0.05,Apple Pay,COMPLETED,2025-12-17 01:41:06
ORD-102141,CUST-1009,Julia Roberts,San Francisco,Electronics,Laptop,293.8,1,0.05,UPI / Digital Wallet,CANCELLED,2025-12-12 16:54:27
ORD-102142,CUST-1001,Bob Jones,San Francisco,Clothing,Running Shoes,130.19,2,0.25,Debit Card,CANCELLED,2025-11-30 00:00:09
ORD-102143,CUST-1002,Charlie Brown,,Home & Kitchen,Vacuum Cleaner,268.13,3,0.25,Credit Card,COMPLETED,2025-02-02 03:22:13
ORD-102144,CUST-1001,Bob Jones,Singapore,Books,Economics 101,17.5,3,0.2,PayPal,PENDING,2025-09-05 21:34:50
ORD-102145,CUST-1011,Laura Croft,Mumbai,Books,History of Computing,42.15,2,0.15,Apple Pay,COMPLETED,2025-04-29 07:25:59
ORD-102146,CUST-1001,Bob Jones,Sydney,Books,Data Engineering Handbook,37.23,2,0.25,Credit Card,CANCELLED,2025-10-26 00:32:49
ORD-102147,CUST-1012,Michael Scott,,Electronics,4K Monitor,532.23,1,0.2,Apple Pay,COMPLETED,2025-12-18 20:24:42
ORD-102148,CUST-1003,Diana Prince,Toronto,Clothing,Hooded Sweatshirt,97.5,1,0.15,Debit Card,COMPLETED,2025-06-03 18:34:51
ORD-102149,CUST-1009,Julia Roberts,Sydney,Sports & Outdoors,Bicycle Helmet,187.43,2,0.1,UPI / Digital Wallet,COMPLETED,2025-11-06 01:02:31
ORD-102150,CUST-1013,Nora Jones,Berlin,Books,History of Computing,10.51,1,0.1,Apple Pay,RETURNED,2025-06-17 10:34:02
ORD-102151,CUST-1005,Fiona Gallagher,New York,Sports & Outdoors,Bicycle Helmet,157.83,1,0.0,Credit Card,PENDING,2025-11-26 13:23:49
ORD-102152,CUST-1012,Michael Scott,Sydney,Home & Kitchen,Toaster,241.61,2,0.1,Apple Pay,CANCELLED,2025-03-21 20:44:42
ORD-102153,CUST-1007,Hannah Abbott,San Francisco,Clothing,Running Shoes,82.99,1,0.05,PayPal,PENDING,2025-08-28 07:15:16
ORD-102154,CUST-1019,Tony Stark,San Francisco,Home & Kitchen,Air Fryer,137.24,2,0.2,Credit Card,CANCELLED,2025-03-19 20:28:53
ORD-102155,CUST-1010,Kevin Bacon,London,Sports & Outdoors,Dumbbell Set,55.53,5,0.05,Credit Card,CANCELLED,2025-05-20 00:52:17
ORD-102156,CUST-1007,Hannah Abbott,Paris,Books,Data Engineering Handbook,44.4,1,0.0,PayPal,COMPLETED,2025-01-27 21:18:47
ORD-102157,CUST-1009,Julia Roberts,Paris,Clothing,Cotton T-Shirt,107.59,3,0.05,Credit Card,RETURNED,2025-09-15 02:57:59
ORD-102158,CUST-1002,Charlie Brown,Tokyo,Electronics,Smartwatch,792.29,1,0.05,Credit Card,CANCELLED,2025-11-04 09:37:11
ORD-102159,CUST-1014,Oscar Martinez,Paris,Electronics,Bluetooth Speaker,490.35,2,0.25,Debit Card,COMPLETED,2025-04-30 02:48:10
ORD-102160,CUST-1001,Bob Jones,Toronto,Sports & Outdoors,Dumbbell Set,158.98,1,0.25,Apple Pay,COMPLETED,2025-06-28 16:12:06
ORD-102161,CUST-1001,Bob Jones,San Francisco,Electronics,Laptop,506.15,1,0.15,UPI / Digital Wallet,RETURNED,2025-01-23 04:33:18
ORD-102162,CUST-1019,Tony Stark,New York,Clothing,Hooded Sweatshirt,121.76,2,0.15,Credit Card,COMPLETED,2025-08-17 07:12:09
ORD-102163,CUST-1002,Charlie Brown,New York,Electronics,Wireless Headphones,1179.78,1,0.0,PayPal,RETURNED,2025-12-12 06:02:45
ORD-102164,CUST-1016,Quentin Tarantino,Mumbai,Sports & Outdoors,Bicycle Helmet,112.82,1,0.2,Apple Pay,PENDING,2025-08-20 10:21:18
ORD-102165,CUST-1005,Fiona Gallagher,Mumbai,Home & Kitchen,Cookware Set,251.52,2,0.05,Apple Pay,COMPLETED,2025-04-07 09:49:29
ORD-102166,CUST-1015,Pam Beesly,Toronto,Home & Kitchen,Cookware Set,179.38,1,0.1,Apple Pay,PENDING,2025-04-28 17:10:08
ORD-102167,CUST-1000,Alice Smith,San Francisco,Home & Kitchen,Espresso Machine,280.68,1,0.2,Credit Card,COMPLETED,2025-12-09 07:14:56
ORD-102168,CUST-1013,Nora Jones,Tokyo,Home & Kitchen,Air Fryer,206.4,3,0.2,Credit Card,COMPLETED,2025-09-08 11:07:07
ORD-102169,CUST-1011,Laura Croft,Toronto,Sports & Outdoors,Hiking Backpack,39.31,1,0.0,Credit Card,COMPLETED,2025-12-21 21:02:50
ORD-102170,CUST-1003,Diana Prince,Berlin,Clothing,Denim Jeans,59.22,2,0.2,Debit Card,COMPLETED,2025-03-13 09:14:03
ORD-102171,CUST-1014,Oscar Martinez,Toronto,Electronics,Wireless Headphones,263.37,1,0.05,Debit Card,CANCELLED,2025-07-19 09:22:41
ORD-102172,CUST-1003,Diana Prince,Toronto,Sports & Outdoors,Dumbbell Set,234.81,1,0.0,Credit Card,COMPLETED,2025-11-11 09:54:01
ORD-102173,CUST-1017,Rachel Green,Toronto,Home & Kitchen,Toaster,87.21,1,0.25,Credit Card,COMPLETED,2025-06-24 17:25:16
ORD-102174,CUST-1017,Rachel Green,Toronto,Electronics,Wireless Headphones,946.43,1,0.25,UPI / Digital Wallet,CANCELLED,2025-08-04 16:25:52
ORD-102175,CUST-1014,Oscar Martinez,San Francisco,Home & Kitchen,Toaster,126.85,3,0.0,UPI / Digital Wallet,CANCELLED,2025-01-07 12:13:56
ORD-102176,CUST-1013,Nora Jones,Toronto,Clothing,Hooded Sweatshirt,67.73,2,0.2,Apple Pay,RETURNED,2025-06-11 03:43:34
ORD-102177,CUST-1012,Michael Scott,Toronto,Electronics,Smartphone,255.96,1,0.05,PayPal,COMPLETED,2025-06-08 07:26:56
ORD-102178,CUST-1000,Alice Smith,Sydney,Home & Kitchen,Cookware Set,308.44,2,0.2,Apple Pay,COMPLETED,2025-01-04 21:14:51
ORD-102179,CUST-1008,Ian Malcolm,Tokyo,Sports & Outdoors,Water Bottle,106.08,3,0.05,Apple Pay,COMPLETED,2025-01-22 21:51:55
ORD-102180,CUST-1015,Pam Beesly,Berlin,Electronics,Wireless Headphones,345.24,2,0.25,Debit Card,PENDING,2025-06-03 02:57:32
ORD-102181,CUST-1018,Steve Rogers,Berlin,Electronics,4K Monitor,418.18,3,0.25,Apple Pay,RETURNED,2025-08-08 20:44:59
ORD-102182,CUST-1003,Diana Prince,Singapore,Electronics,Smartwatch,51.89,1,0.2,Credit Card,PENDING,2025-03-31 19:07:18
ORD-102183,CUST-1007,Hannah Abbott,,Electronics,Wireless Headphones,506.81,4,0.15,PayPal,PENDING,2025-07-03 21:01:11
ORD-102184,CUST-1007,Hannah Abbott,London,Books,Biography,16.36,1,0.05,Apple Pay,COMPLETED,2025-02-15 04:33:58
ORD-102185,CUST-1013,Nora Jones,Tokyo,Clothing,Running Shoes,147.83,1,0.25,PayPal,COMPLETED,2025-12-11 16:46:19
ORD-102186,CUST-1001,Bob Jones,Singapore,Home & Kitchen,Blender,288.06,2,0.15,UPI / Digital Wallet,RETURNED,2025-03-11 17:12:33
ORD-102187,CUST-1002,Charlie Brown,New York,Electronics,4K Monitor,422.9,2,0.0,PayPal,COMPLETED,2025-03-17 02:18:45
ORD-102188,CUST-1000,Alice Smith,Tokyo,Home & Kitchen,Blender,48.51,1,0.25,PayPal,COMPLETED,2025-01-08 23:45:46
ORD-102189,CUST-1011,Laura Croft,New York,Sports & Outdoors,Water Bottle,21.38,2,0.05,UPI / Digital Wallet,COMPLETED,2025-03-28 07:53:21
ORD-102190,CUST-1011,Laura Croft,Tokyo,Books,Sci-Fi Novel,9.38,5,0.15,PayPal,COMPLETED,2025-07-08 12:29:09
ORD-102191,CUST-1006,George Clark,Mumbai,Clothing,Cotton T-Shirt,108.5,2,0.2,Credit Card,CANCELLED,2025-07-12 13:13:27
ORD-102192,CUST-1006,George Clark,San Francisco,Electronics,Smartwatch,332.07,5,0.0,Apple Pay,COMPLETED,2025-11-03 01:45:58
ORD-102193,CUST-1019,Tony Stark,Berlin,Electronics,4K Monitor,142.92,1,0.05,Credit Card,CANCELLED,2025-12-15 17:24:02
ORD-102194,CUST-1002,Charlie Brown,Singapore,Clothing,Cotton T-Shirt,80.57,1,0.25,Debit Card,RETURNED,2025-04-04 14:13:57
ORD-102195,CUST-1003,Diana Prince,Toronto,Clothing,Sneakers,113.55,1,0.0,Credit Card,COMPLETED,2025-03-21 11:21:59
ORD-102196,CUST-1007,Hannah Abbott,Mumbai,Home & Kitchen,Blender,91.56,1,0.15,Debit Card,RETURNED,2025-11-18 02:47:23
ORD-102197,CUST-1018,Steve Rogers,Sydney,Home & Kitchen,Toaster,281.29,1,0.25,UPI / Digital Wallet,COMPLETED,2025-09-18 23:58:31
ORD-102198,CUST-1012,Michael Scott,Sydney,Books,Biography,23.99,2,0.2,Apple Pay,COMPLETED,2025-06-19 21:58:06
ORD-102199,CUST-1018,Steve Rogers,Sydney,Sports & Outdoors,Dumbbell Set,184.8,-1,0.05,Apple Pay,COMPLETED,2025-09-28 06:26:51
ORD-102200,CUST-1005,Fiona Gallagher,Sydney,Electronics,Laptop,523.56,3,0.25,Debit Card,COMPLETED,2025-05-01 23:46:55
ORD-102201,CUST-1001,Bob Jones,Toronto,Electronics,Smartwatch,635.84,2,0.05,UPI / Digital Wallet,COMPLETED,2025-06-27 06:54:32
ORD-102202,CUST-1008,Ian Malcolm,New York,Sports & Outdoors,Hiking Backpack,42.71,1,0.25,UPI / Digital Wallet,CANCELLED,2025-11-25 21:31:53
ORD-102203,CUST-1005,Fiona Gallagher,Mumbai,Books,Sci-Fi Novel,14.09,2,0.1,UPI / Digital Wallet,CANCELLED,2025-02-06 00:13:13
ORD-102204,CUST-1010,Kevin Bacon,Mumbai,Sports & Outdoors,Hiking Backpack,84.7,3,0.15,PayPal,COMPLETED,2025-09-07 14:37:06
ORD-102205,CUST-1008,Ian Malcolm,Tokyo,Clothing,Denim Jeans,48.03,4,0.05,Debit Card,COMPLETED,2025-02-19 18:56:37
ORD-102206,CUST-1009,Julia Roberts,Sydney,Clothing,Denim Jeans,60.9,4,0.0,UPI / Digital Wallet,COMPLETED,2025-07-06 06:21:21
ORD-102207,CUST-1019,Tony Stark,Paris,Home & Kitchen,Vacuum Cleaner,295.53,1,0.15,Credit Card,RETURNED,2025-05-11 10:56:03
ORD-102208,CUST-1001,Bob Jones,Mumbai,Home & Kitchen,Blender,262.17,1,0.1,Apple Pay,PENDING,2025-08-17 15:49:49
ORD-102209,CUST-1017,Rachel Green,Paris,Books,Cookbook,18.36,2,0.25,UPI / Digital Wallet,CANCELLED,2025-02-05 18:33:08
ORD-102210,CUST-1010,Kevin Bacon,Berlin,Clothing,Hooded Sweatshirt,114.68,1,0.15,Credit Card,PENDING,2025-05-03 21:54:30
ORD-102211,CUST-1016,Quentin Tarantino,San Francisco,Home & Kitchen,Air Fryer,27.86,5,0.1,PayPal,COMPLETED,2025-11-07 08:05:12
ORD-102212,CUST-1005,Fiona Gallagher,San Francisco,Home & Kitchen,Cookware Set,336.74,4,0.05,Debit Card,CANCELLED,2025-10-02 07:10:26
ORD-102213,CUST-1013,Nora Jones,Mumbai,Home & Kitchen,Air Fryer,116.52,1,0.0,Apple Pay,COMPLETED,2025-07-20 18:36:30
ORD-102214,CUST-1017,Rachel Green,Mumbai,Home & Kitchen,Cookware Set,348.3,1,0.0,Debit Card,CANCELLED,2025-03-16 05:26:16
ORD-102215,CUST-1011,Laura Croft,New York,Clothing,Running Shoes,91.28,2,0.25,Credit Card,COMPLETED,2025-03-23 13:37:52
ORD-102216,CUST-1001,Bob Jones,London,Sports & Outdoors,Yoga Mat,193.9,3,0.05,PayPal,RETURNED,2025-02-11 01:44:08
ORD-102217,CUST-1016,Quentin Tarantino,San Francisco,Clothing,Winter Jacket,17.68,1,0.25,UPI / Digital Wallet,CANCELLED,2025-10-13 06:11:30
ORD-102218,CUST-1011,Laura Croft,Tokyo,Electronics,Wireless Headphones,159.71,2,0.0,Debit Card,CANCELLED,2025-07-30 09:24:53
ORD-102219,CUST-1000,Alice Smith,Tokyo,Electronics,Wireless Headphones,988.85,2,0.25,UPI / Digital Wallet,COMPLETED,2025-10-27 02:09:47
ORD-102220,CUST-1000,Alice Smith,New York,Electronics,Smartwatch,232.28,1,0.05,Apple Pay,RETURNED,2025-04-21 14:51:46
ORD-102221,CUST-1007,Hannah Abbott,San Francisco,Sports & Outdoors,Water Bottle,111.28,1,0.0,UPI / Digital Wallet,PENDING,2025-06-20 02:12:28
ORD-102222,CUST-1003,Diana Prince,New York,Books,Cookbook,32.26,2,0.15,UPI / Digital Wallet,RETURNED,2025-03-01 10:19:20
ORD-102223,CUST-1016,Quentin Tarantino,Sydney,Sports & Outdoors,Yoga Mat,103.88,2,0.1,PayPal,COMPLETED,2025-09-22 14:27:25
ORD-102224,CUST-1001,Bob Jones,Paris,Clothing,Sneakers,96.4,1,0.25,Debit Card,PENDING,2025-10-13 08:45:02
ORD-102225,CUST-1017,Rachel Green,London,Sports & Outdoors,Dumbbell Set,171.37,1,0.05,Apple Pay,COMPLETED,2025-12-30 18:46:07
ORD-102226,CUST-1008,Ian Malcolm,New York,Clothing,Winter Jacket,119.78,1,0.15,Apple Pay,CANCELLED,2025-12-30 13:44:19
ORD-102227,CUST-1016,Quentin Tarantino,Paris,Home & Kitchen,Toaster,61.76,1,0.15,UPI / Digital Wallet,COMPLETED,2025-03-22 14:21:59
ORD-102228,CUST-1017,Rachel Green,Tokyo,Clothing,Denim Jeans,89.07,2,0.1,UPI / Digital Wallet,COMPLETED,2025-03-14 21:12:48
ORD-102229,CUST-1000,Alice Smith,New York,Sports & Outdoors,Yoga Mat,164.05,1,0.2,Apple Pay,PENDING,2025-11-18 00:03:31
ORD-102230,CUST-1019,Tony Stark,Paris,Sports & Outdoors,Camping Tent,126.37,4,0.25,UPI / Digital Wallet,COMPLETED,2025-09-24 06:25:32
ORD-102231,CUST-1001,Bob Jones,Toronto,Home & Kitchen,Blender,119.6,1,0.2,UPI / Digital Wallet,COMPLETED,2025-09-14 18:17:43
ORD-102232,CUST-1005,Fiona Gallagher,London,Home & Kitchen,Toaster,166.75,1,0.25,PayPal,COMPLETED,2025-02-28 22:53:46
ORD-102233,CUST-1011,Laura Croft,Tokyo,Books,Economics 101,11.1,3,0.25,Credit Card,CANCELLED,2025-02-28 19:09:12
ORD-102234,CUST-1017,Rachel Green,Sydney,Clothing,Cotton T-Shirt,115.22,1,0.15,UPI / Digital Wallet,COMPLETED,2025-12-06 18:58:38
ORD-102235,CUST-1006,George Clark,Paris,Home & Kitchen,Toaster,102.04,1,0.2,Credit Card,PENDING,2025-05-18 01:32:21
ORD-102236,CUST-1008,Ian Malcolm,Mumbai,Clothing,Cotton T-Shirt,36.54,1,0.2,PayPal,COMPLETED,2025-10-17 02:53:36
ORD-102237,CUST-1018,Steve Rogers,Paris,Sports & Outdoors,Hiking Backpack,36.0,1,0.15,Apple Pay,COMPLETED,2025-10-17 10:41:43
ORD-102238,CUST-1009,Julia Roberts,Tokyo,Electronics,Smartphone,267.42,4,0.0,Credit Card,COMPLETED,2025-03-18 11:03:09
ORD-102239,CUST-1017,Rachel Green,Singapore,Books,Biography,43.63,1,0.05,Debit Card,RETURNED,2025-03-24 10:36:28
ORD-102240,CUST-1000,Alice Smith,Tokyo,Clothing,Denim Jeans,94.36,2,0.0,PayPal,COMPLETED,2025-09-08 06:37:58
ORD-102241,CUST-1009,Julia Roberts,Sydney,Books,History of Computing,35.39,1,0.0,UPI / Digital Wallet,COMPLETED,2025-01-13 09:53:23
ORD-102242,CUST-1019,Tony Stark,Singapore,Home & Kitchen,Vacuum Cleaner,304.26,1,0.2,PayPal,COMPLETED,2025-07-14 07:26:47
ORD-102243,CUST-1012,Michael Scott,San Francisco,Home & Kitchen,Blender,59.75,2,0.05,PayPal,COMPLETED,2025-09-26 04:55:58
ORD-102244,CUST-1009,Julia Roberts,Toronto,Home & Kitchen,Blender,122.35,2,0.1,Credit Card,COMPLETED,2025-11-15 19:49:36
ORD-102245,CUST-1010,Kevin Bacon,San Francisco,Sports & Outdoors,Camping Tent,189.69,2,0.05,UPI / Digital Wallet,COMPLETED,2025-01-08 10:19:40
ORD-102246,CUST-1011,Laura Croft,London,Electronics,4K Monitor,723.47,1,0.2,Apple Pay,COMPLETED,2025-06-21 04:44:43
ORD-102247,CUST-1015,Pam Beesly,London,Home & Kitchen,Vacuum Cleaner,315.38,1,0.15,Debit Card,COMPLETED,2025-12-18 08:44:10
ORD-102248,CUST-1017,Rachel Green,Sydney,Sports & Outdoors,Camping Tent,237.16,5,0.05,PayPal,COMPLETED,2025-07-22 09:13:12
ORD-102249,CUST-1015,Pam Beesly,Berlin,Electronics,4K Monitor,761.09,1,0.1,Apple Pay,CANCELLED,2025-11-11 11:20:58
ORD-102250,CUST-1009,Julia Roberts,Singapore,Sports & Outdoors,Bicycle Helmet,193.06,1,0.1,UPI / Digital Wallet,COMPLETED,2025-05-28 00:28:16
ORD-102251,CUST-1015,Pam Beesly,Sydney,Home & Kitchen,Cookware Set,227.63,2,0.25,UPI / Digital Wallet,COMPLETED,2025-06-16 04:31:43
ORD-102252,CUST-1009,Julia Roberts,Toronto,Electronics,Laptop,1126.17,4,0.15,UPI / Digital Wallet,CANCELLED,2025-10-24 20:19:51
ORD-102253,CUST-1008,Ian Malcolm,Paris,Sports & Outdoors,Yoga Mat,56.71,2,0.15,UPI / Digital Wallet,COMPLETED,2025-03-14 18:28:19
ORD-102254,CUST-1009,Julia Roberts,New York,Home & Kitchen,Blender,193.65,1,0.05,UPI / Digital Wallet,COMPLETED,2025-11-14 12:16:18
ORD-102255,CUST-1014,Oscar Martinez,San Francisco,Electronics,Bluetooth Speaker,484.53,1,0.2,Credit Card,COMPLETED,2025-03-28 19:22:04
ORD-102256,CUST-1005,Fiona Gallagher,London,Clothing,Winter Jacket,121.65,2,0.1,UPI / Digital Wallet,COMPLETED,2025-02-06 10:58:22
ORD-102257,CUST-1002,Charlie Brown,Berlin,Sports & Outdoors,Hiking Backpack,31.64,1,0.1,Apple Pay,RETURNED,2025-11-15 00:24:11
ORD-102258,CUST-1008,Ian Malcolm,Tokyo,Clothing,Sneakers,57.38,1,0.25,PayPal,COMPLETED,2025-07-18 21:40:53
ORD-102259,CUST-1018,Steve Rogers,London,Books,Sci-Fi Novel,34.87,1,0.2,Debit Card,COMPLETED,2025-10-13 23:36:58
ORD-102260,CUST-1010,Kevin Bacon,San Francisco,Sports & Outdoors,Dumbbell Set,124.23,1,0.05,Credit Card,COMPLETED,2025-04-13 17:54:18
ORD-102261,CUST-1007,Hannah Abbott,London,Clothing,Winter Jacket,143.96,1,0.1,Debit Card,COMPLETED,2025-11-28 23:04:04
ORD-102262,CUST-1017,Rachel Green,Singapore,Sports & Outdoors,Dumbbell Set,123.95,1,0.2,Credit Card,COMPLETED,2025-08-22 19:34:22
ORD-102263,CUST-1002,Charlie Brown,Toronto,Home & Kitchen,Cookware Set,321.6,1,0.2,Apple Pay,COMPLETED,2025-12-25 02:51:18
ORD-102264,CUST-1013,Nora Jones,San Francisco,Home & Kitchen,Cookware Set,283.39,2,0.15,Debit Card,RETURNED,2025-05-05 18:45:07
ORD-102265,CUST-1009,Julia Roberts,New York,Home & Kitchen,Espresso Machine,332.05,1,0.05,PayPal,CANCELLED,2025-02-03 12:24:54
ORD-102266,CUST-1008,Ian Malcolm,San Francisco,Home & Kitchen,Vacuum Cleaner,47.1,2,0.25,UPI / Digital Wallet,PENDING,2025-11-06 02:13:44
ORD-102267,CUST-1005,Fiona Gallagher,London,Home & Kitchen,Cookware Set,208.01,2,0.05,UPI / Digital Wallet,COMPLETED,2025-09-29 19:35:09
ORD-102268,CUST-1016,Quentin Tarantino,Toronto,Sports & Outdoors,Camping Tent,35.68,4,0.25,Credit Card,PENDING,2025-08-22 05:46:32
ORD-102269,CUST-1003,Diana Prince,Paris,Home & Kitchen,Air Fryer,257.18,1,0.1,Credit Card,COMPLETED,2025-02-18 04:34:46
ORD-102270,CUST-1012,Michael Scott,Toronto,Sports & Outdoors,Camping Tent,155.66,2,0.0,Credit Card,COMPLETED,2025-10-22 03:26:08
ORD-102271,CUST-1016,Quentin Tarantino,Sydney,Home & Kitchen,Blender,166.6,2,0.25,UPI / Digital Wallet,COMPLETED,2025-09-27 00:41:37
ORD-102272,CUST-1015,Pam Beesly,Mumbai,Electronics,Laptop,612.94,1,0.05,PayPal,CANCELLED,2025-09-14 12:37:33
ORD-102273,CUST-1015,Pam Beesly,Singapore,Clothing,Sneakers,19.56,5,0.0,Credit Card,COMPLETED,2025-10-04 02:59:40
ORD-102274,CUST-1008,Ian Malcolm,Sydney,Electronics,Laptop,737.17,1,0.15,Credit Card,COMPLETED,2025-03-11 00:28:35
ORD-102275,CUST-1016,Quentin Tarantino,Mumbai,Books,Cookbook,25.36,1,0.2,Debit Card,COMPLETED,2025-12-05 03:25:37
ORD-102276,CUST-1007,Hannah Abbott,Paris,Electronics,Bluetooth Speaker,684.07,2,0.05,PayPal,COMPLETED,2025-01-27 12:27:20
ORD-102277,CUST-1003,,Sydney,Books,Economics 101,38.36,2,0.15,UPI / Digital Wallet,PENDING,2025-01-27 02:58:59
ORD-102278,CUST-1007,Hannah Abbott,Singapore,Sports & Outdoors,Bicycle Helmet,221.19,1,0.1,Debit Card,COMPLETED,2025-06-21 10:46:55
ORD-102279,CUST-1010,Kevin Bacon,New York,Home & Kitchen,Vacuum Cleaner,332.57,5,0.0,Apple Pay,CANCELLED,2025-10-28 03:50:47
ORD-102280,CUST-1013,Nora Jones,Sydney,Clothing,Denim Jeans,39.58,1,0.0,Credit Card,PENDING,2025-06-27 08:36:46
ORD-102281,CUST-1005,Fiona Gallagher,Mumbai,Clothing,Hooded Sweatshirt,61.21,1,0.0,UPI / Digital Wallet,PENDING,2025-05-30 07:24:15
ORD-102282,CUST-1009,Julia Roberts,Berlin,Books,History of Computing,29.99,3,0.1,Debit Card,RETURNED,2025-01-24 15:20:12
ORD-102283,CUST-1005,Fiona Gallagher,New York,Home & Kitchen,Toaster,228.98,1,0.0,Credit Card,COMPLETED,2025-10-17 00:56:19
ORD-102284,CUST-1017,Rachel Green,Singapore,Sports & Outdoors,Water Bottle,97.78,1,0.1,Debit Card,CANCELLED,2025-04-25 13:59:55
ORD-102285,CUST-1006,George Clark,Mumbai,Electronics,Smartwatch,732.2,1,0.05,Apple Pay,RETURNED,2025-12-01 06:40:40
ORD-102286,CUST-1007,Hannah Abbott,Sydney,Electronics,Bluetooth Speaker,685.79,3,0.15,Apple Pay,CANCELLED,2025-05-30 02:08:27
ORD-102287,CUST-1016,Quentin Tarantino,Berlin,Clothing,Winter Jacket,56.31,2,0.0,Credit Card,COMPLETED,2025-08-30 00:08:25
ORD-102288,CUST-1016,Quentin Tarantino,Sydney,Home & Kitchen,Toaster,319.27,2,0.2,PayPal,COMPLETED,2025-03-02 06:20:34
ORD-102289,CUST-1007,Hannah Abbott,Sydney,Electronics,Smartwatch,158.94,1,0.05,Credit Card,PENDING,2025-11-19 21:39:32
ORD-102290,CUST-1014,Oscar Martinez,San Francisco,Electronics,Wireless Headphones,1106.41,2,0.1,PayPal,RETURNED,2025-01-17 12:57:42
ORD-102291,CUST-1015,Pam Beesly,New York,Sports & Outdoors,Hiking Backpack,45.12,1,0.0,Apple Pay,COMPLETED,2025-11-27 03:09:25
ORD-102292,CUST-1005,Fiona Gallagher,Singapore,Electronics,Laptop,1161.8,3,0.2,Apple Pay,CANCELLED,2025-05-27 23:04:34
ORD-102293,CUST-1019,Tony Stark,New York,Books,Data Engineering Handbook,34.97,4,0.15,Credit Card,COMPLETED,2025-09-25 01:54:01
ORD-102294,CUST-1005,Fiona Gallagher,Paris,Books,Data Engineering Handbook,27.92,1,0.1,Debit Card,COMPLETED,2025-06-23 21:02:07
ORD-102295,CUST-1011,Laura Croft,Toronto,Sports & Outdoors,Yoga Mat,78.42,1,0.05,Credit Card,RETURNED,2025-02-22 01:30:11
ORD-102296,CUST-1019,Tony Stark,San Francisco,Books,Cookbook,39.93,1,0.25,Debit Card,COMPLETED,2025-01-04 15:48:46
ORD-102297,CUST-1008,Ian Malcolm,Singapore,Electronics,Smartphone,1125.72,4,0.15,Apple Pay,CANCELLED,2025-05-21 10:06:32
ORD-102298,CUST-1013,Nora Jones,Singapore,Books,Economics 101,9.64,1,0.2,PayPal,CANCELLED,2025-11-17 09:56:14
ORD-102299,CUST-1014,Oscar Martinez,Paris,Clothing,Sneakers,40.29,2,0.05,Apple Pay,PENDING,2025-08-01 08:08:34
ORD-102300,CUST-1008,Ian Malcolm,Sydney,Sports & Outdoors,Camping Tent,55.69,2,0.2,Debit Card,COMPLETED,2025-04-10 17:06:47
ORD-102301,CUST-1003,Diana Prince,Paris,Electronics,Smartwatch,207.57,1,0.2,Apple Pay,COMPLETED,2025-02-01 07:04:27
ORD-102302,CUST-1018,Steve Rogers,Paris,Home & Kitchen,Blender,300.34,2,0.25,Credit Card,COMPLETED,2025-02-10 11:08:55
ORD-102303,CUST-1014,Oscar Martinez,San Francisco,Clothing,Winter Jacket,102.51,2,0.15,Debit Card,COMPLETED,2025-04-23 11:51:36
ORD-102304,CUST-1009,Julia Roberts,San Francisco,Electronics,Bluetooth Speaker,1132.93,1,0.1,UPI / Digital Wallet,COMPLETED,2025-02-18 15:20:58
ORD-102305,CUST-1008,Ian Malcolm,San Francisco,Sports & Outdoors,Water Bottle,210.64,1,0.15,Debit Card,COMPLETED,2025-12-10 02:20:50
ORD-102306,CUST-1010,Kevin Bacon,Toronto,Home & Kitchen,Vacuum Cleaner,188.56,2,0.15,Apple Pay,COMPLETED,2025-04-01 14:36:56
ORD-102307,CUST-1004,Evan Wright,Sydney,Home & Kitchen,Espresso Machine,243.37,2,0.2,Apple Pay,COMPLETED,2025-11-11 07:58:40
ORD-102308,CUST-1017,Rachel Green,New York,Home & Kitchen,Air Fryer,178.64,1,0.15,Debit Card,COMPLETED,2025-02-20 10:48:23
ORD-102309,CUST-1013,Nora Jones,New York,Books,Cookbook,9.52,2,0.0,Debit Card,PENDING,2025-01-14 17:49:33
ORD-102310,CUST-1003,Diana Prince,New York,Electronics,Bluetooth Speaker,390.76,4,0.0,Credit Card,COMPLETED,2025-11-16 06:37:44
ORD-102311,CUST-1003,,Tokyo,Clothing,Cotton T-Shirt,30.29,3,0.15,PayPal,COMPLETED,2025-08-05 09:05:17
ORD-102312,CUST-1015,Pam Beesly,Paris,Books,Economics 101,24.38,3,0.05,Apple Pay,RETURNED,2025-02-13 23:56:04
ORD-102313,CUST-1015,Pam Beesly,Paris,Sports & Outdoors,Water Bottle,101.72,3,0.15,Apple Pay,COMPLETED,2025-09-22 15:44:09
ORD-102314,CUST-1003,Diana Prince,Tokyo,Clothing,Hooded Sweatshirt,66.2,1,0.0,Apple Pay,COMPLETED,2025-07-03 14:39:57
ORD-102315,CUST-1019,Tony Stark,London,Sports & Outdoors,Yoga Mat,217.91,3,0.0,Credit Card,COMPLETED,2025-07-06 01:41:53
ORD-102316,CUST-1019,Tony Stark,Toronto,Home & Kitchen,Air Fryer,203.25,1,0.05,Credit Card,RETURNED,2025-04-18 09:44:50
ORD-102317,CUST-1010,Kevin Bacon,Toronto,Home & Kitchen,Espresso Machine,141.7,1,0.15,Debit Card,RETURNED,2025-11-12 15:40:48
ORD-102318,CUST-1006,George Clark,San Francisco,Books,Sci-Fi Novel,21.13,1,0.0,PayPal,COMPLETED,2025-12-25 06:17:11
ORD-102319,CUST-1005,Fiona Gallagher,Singapore,Sports & Outdoors,Yoga Mat,67.84,1,0.15,Credit Card,COMPLETED,2025-03-05 23:45:02
ORD-102320,CUST-1011,Laura Croft,Paris,Electronics,Wireless Headphones,287.65,2,0.25,Credit Card,COMPLETED,2025-03-14 19:53:37
ORD-102321,CUST-1004,Evan Wright,Toronto,Electronics,Laptop,351.37,2,0.0,Credit Card,PENDING,2025-03-11 16:28:16
ORD-102322,CUST-1014,Oscar Martinez,Berlin,Home & Kitchen,Espresso Machine,341.79,5,0.0,Debit Card,CANCELLED,2025-07-31 23:14:29
ORD-102323,CUST-1013,Nora Jones,Paris,Clothing,Winter Jacket,86.03,1,0.05,UPI / Digital Wallet,PENDING,2025-02-21 06:57:59
ORD-102324,CUST-1001,Bob Jones,Sydney,Books,Biography,40.83,1,0.1,Apple Pay,COMPLETED,2025-04-26 17:21:15
ORD-102325,CUST-1013,Nora Jones,Sydney,Electronics,Wireless Headphones,1087.6,1,0.25,Debit Card,PENDING,2025-11-25 19:46:07
ORD-102326,CUST-1006,George Clark,London,Clothing,Hooded Sweatshirt,123.94,5,0.25,Apple Pay,COMPLETED,2025-06-16 00:28:08
ORD-102327,CUST-1004,Evan Wright,San Francisco,Electronics,Smartwatch,845.32,2,0.25,PayPal,COMPLETED,2025-08-06 23:15:03
ORD-102328,CUST-1003,Diana Prince,Paris,Sports & Outdoors,Dumbbell Set,162.12,3,0.1,Debit Card,RETURNED,2025-10-28 19:30:52
ORD-102329,CUST-1001,Bob Jones,Toronto,Home & Kitchen,Vacuum Cleaner,111.18,2,0.15,UPI / Digital Wallet,COMPLETED,2025-10-27 05:42:23
ORD-102330,CUST-1016,Quentin Tarantino,Sydney,Home & Kitchen,Vacuum Cleaner,122.56,1,0.0,Apple Pay,RETURNED,2025-05-24 01:26:57
ORD-102331,CUST-1016,Quentin Tarantino,San Francisco,Clothing,Running Shoes,72.5,-1,0.2,Apple Pay,COMPLETED,2025-06-18 17:47:58
ORD-102332,CUST-1019,Tony Stark,London,Electronics,Smartphone,1160.77,3,0.25,PayPal,CANCELLED,2025-07-01 00:31:56
ORD-102333,CUST-1003,Diana Prince,Berlin,Sports & Outdoors,Yoga Mat,228.98,1,0.1,Debit Card,COMPLETED,2025-03-30 01:01:54
ORD-102334,CUST-1005,Fiona Gallagher,Sydney,Clothing,Denim Jeans,114.26,2,0.1,Debit Card,COMPLETED,2025-04-04 09:08:25
ORD-102335,CUST-1001,Bob Jones,Berlin,Home & Kitchen,Blender,157.52,1,0.1,UPI / Digital Wallet,CANCELLED,2025-12-03 14:58:13
ORD-102336,CUST-1011,Laura Croft,Toronto,Sports & Outdoors,Dumbbell Set,70.47,1,0.0,PayPal,CANCELLED,2025-07-13 23:27:07
ORD-102337,CUST-1010,Kevin Bacon,New York,Clothing,Running Shoes,77.92,1,0.15,Apple Pay,COMPLETED,2025-10-14 11:30:50
ORD-102338,CUST-1016,Quentin Tarantino,Mumbai,Sports & Outdoors,Water Bottle,105.82,1,0.15,PayPal,COMPLETED,2025-12-01 14:02:12
ORD-102339,CUST-1009,Julia Roberts,Singapore,Clothing,Winter Jacket,145.3,2,0.0,Apple Pay,COMPLETED,2025-10-05 10:35:59
ORD-102340,CUST-1006,George Clark,Sydney,Home & Kitchen,Cookware Set,197.98,1,0.1,UPI / Digital Wallet,COMPLETED,2025-04-23 11:33:58
ORD-102341,CUST-1005,Fiona Gallagher,Toronto,Electronics,Laptop,1136.58,1,0.1,UPI / Digital Wallet,COMPLETED,2025-01-09 18:17:32
ORD-102342,CUST-1013,Nora Jones,Toronto,Books,Data Engineering Handbook,32.78,1,0.1,UPI / Digital Wallet,PENDING,2025-04-26 18:31:53
ORD-102343,CUST-1009,Julia Roberts,New York,Sports & Outdoors,Bicycle Helmet,46.82,2,0.05,UPI / Digital Wallet,COMPLETED,2025-06-20 13:21:11
ORD-102344,CUST-1005,Fiona Gallagher,New York,Clothing,Winter Jacket,73.31,2,0.2,Credit Card,COMPLETED,2025-04-01 05:53:20
ORD-102345,CUST-1008,Ian Malcolm,Toronto,Clothing,Winter Jacket,149.53,1,0.2,Debit Card,COMPLETED,2025-11-11 19:15:49
ORD-102346,CUST-1005,Fiona Gallagher,Sydney,Home & Kitchen,Cookware Set,310.68,2,0.1,Debit Card,PENDING,2025-04-02 21:29:12
ORD-102347,CUST-1008,Ian Malcolm,Paris,Electronics,Laptop,1027.02,1,0.1,Credit Card,COMPLETED,2025-05-08 07:25:04
ORD-102348,CUST-1014,Oscar Martinez,San Francisco,Sports & Outdoors,Bicycle Helmet,113.66,3,0.0,Credit Card,RETURNED,2025-05-17 07:18:56
ORD-102349,CUST-1007,Hannah Abbott,,Clothing,Sneakers,35.22,2,0.0,UPI / Digital Wallet,COMPLETED,2025-09-19 11:16:42
ORD-102350,CUST-1002,Charlie Brown,Paris,Books,History of Computing,10.4,1,0.0,UPI / Digital Wallet,RETURNED,2025-05-11 18:38:55
ORD-102351,CUST-1000,Alice Smith,Singapore,Electronics,Laptop,252.68,1,0.2,Debit Card,PENDING,2025-11-25 01:39:21
ORD-102352,CUST-1017,Rachel Green,Toronto,Clothing,Winter Jacket,134.86,1,0.25,UPI / Digital Wallet,COMPLETED,2025-05-02 01:25:17
ORD-102353,CUST-1013,Nora Jones,Berlin,Clothing,Hooded Sweatshirt,116.56,2,0.1,PayPal,PENDING,2025-05-02 16:55:53
ORD-102354,CUST-1016,Quentin Tarantino,Tokyo,Electronics,Bluetooth Speaker,154.58,1,0.2,UPI / Digital Wallet,PENDING,2025-08-29 23:28:21
ORD-102355,CUST-1014,Oscar Martinez,Mumbai,Sports & Outdoors,Dumbbell Set,20.05,1,0.2,Debit Card,CANCELLED,2025-11-22 07:20:34
ORD-102356,CUST-1001,Bob Jones,San Francisco,Electronics,Bluetooth Speaker,272.03,5,0.05,Apple Pay,CANCELLED,2025-01-18 19:20:55
ORD-102357,CUST-1017,Rachel Green,Singapore,Books,Cookbook,44.56,1,0.1,Credit Card,COMPLETED,2025-03-21 10:04:19
ORD-102358,CUST-1016,Quentin Tarantino,Mumbai,Electronics,Laptop,713.33,2,0.25,Credit Card,COMPLETED,2025-04-18 17:32:57
ORD-102359,CUST-1006,George Clark,London,Books,Cookbook,8.63,1,0.1,Apple Pay,COMPLETED,2025-02-22 07:38:13
ORD-102360,CUST-1007,Hannah Abbott,Berlin,Sports & Outdoors,Camping Tent,132.41,1,0.25,Credit Card,COMPLETED,2025-12-08 11:14:09
ORD-102361,CUST-1006,,Mumbai,Electronics,Bluetooth Speaker,999.52,2,0.25,Apple Pay,RETURNED,2025-01-03 18:04:54
ORD-102362,CUST-1004,Evan Wright,Mumbai,Books,Biography,27.16,3,0.2,Debit Card,COMPLETED,2025-01-31 14:25:57
ORD-102363,CUST-1003,Diana Prince,Mumbai,Sports & Outdoors,Water Bottle,245.97,2,0.25,Debit Card,CANCELLED,2025-09-15 09:52:27
ORD-102364,CUST-1009,Julia Roberts,San Francisco,Home & Kitchen,Espresso Machine,50.14,5,0.2,PayPal,COMPLETED,2025-04-19 06:52:35
ORD-102365,CUST-1003,Diana Prince,New York,Home & Kitchen,Toaster,332.87,1,0.0,Apple Pay,PENDING,2025-05-21 02:18:51
ORD-102366,CUST-1001,Bob Jones,New York,Home & Kitchen,Cookware Set,241.21,1,0.0,Debit Card,COMPLETED,2025-02-06 17:29:21
ORD-102367,CUST-1017,Rachel Green,Sydney,Books,Data Engineering Handbook,41.76,2,0.2,UPI / Digital Wallet,COMPLETED,2025-10-15 01:46:19
ORD-102368,CUST-1006,George Clark,Singapore,Home & Kitchen,Vacuum Cleaner,85.74,2,0.05,Debit Card,COMPLETED,2025-08-13 04:49:43
ORD-102369,CUST-1006,George Clark,Mumbai,Sports & Outdoors,Yoga Mat,16.18,1,0.25,Debit Card,COMPLETED,2025-02-15 02:01:05
ORD-102370,CUST-1018,Steve Rogers,Mumbai,Clothing,Sneakers,58.6,4,0.0,Debit Card,CANCELLED,2025-05-25 10:33:45
ORD-102371,CUST-1005,Fiona Gallagher,Sydney,Home & Kitchen,Blender,266.95,1,0.05,Debit Card,RETURNED,2025-03-13 12:44:29
ORD-102372,CUST-1001,Bob Jones,Toronto,Home & Kitchen,Vacuum Cleaner,212.08,4,0.1,Apple Pay,COMPLETED,2025-05-09 17:20:59
ORD-102373,CUST-1003,Diana Prince,New York,Home & Kitchen,Air Fryer,91.67,-1,0.0,PayPal,CANCELLED,2025-08-26 12:24:49
ORD-102374,CUST-1013,Nora Jones,Berlin,Books,Economics 101,24.76,1,0.1,Debit Card,COMPLETED,2025-08-27 16:17:22
ORD-102375,CUST-1016,Quentin Tarantino,Mumbai,Electronics,Smartwatch,939.95,1,0.05,Credit Card,COMPLETED,2025-12-24 14:45:27
ORD-102376,CUST-1011,Laura Croft,Sydney,Books,Sci-Fi Novel,44.61,1,0.0,PayPal,COMPLETED,2025-10-17 18:56:48
ORD-102377,CUST-1013,Nora Jones,Sydney,Clothing,Running Shoes,36.24,2,0.15,Debit Card,COMPLETED,2025-11-04 12:38:32
ORD-102378,CUST-1008,Ian Malcolm,London,Books,Sci-Fi Novel,19.81,1,0.25,Credit Card,PENDING,2025-05-21 03:16:33
ORD-102379,CUST-1014,Oscar Martinez,Tokyo,Books,Biography,26.47,5,0.05,Apple Pay,COMPLETED,2025-12-17 02:45:31
ORD-102380,CUST-1019,Tony Stark,Mumbai,Sports & Outdoors,Yoga Mat,115.11,1,0.0,Debit Card,COMPLETED,2025-01-10 14:15:06
ORD-102381,CUST-1011,Laura Croft,Singapore,Clothing,Sneakers,149.65,1,0.05,Apple Pay,COMPLETED,2025-05-19 13:41:13
ORD-102382,CUST-1008,Ian Malcolm,London,Electronics,Laptop,1176.75,5,0.1,Debit Card,COMPLETED,2025-03-22 08:53:23
ORD-102383,CUST-1005,Fiona Gallagher,Toronto,Sports & Outdoors,Camping Tent,212.59,2,0.15,Debit Card,PENDING,2025-07-06 06:53:30
ORD-102384,CUST-1012,Michael Scott,London,Books,Economics 101,29.66,2,0.15,Apple Pay,COMPLETED,2025-01-07 14:59:56
ORD-102385,CUST-1019,Tony Stark,New York,Electronics,Bluetooth Speaker,785.74,1,0.2,Apple Pay,COMPLETED,2025-09-16 22:24:25
ORD-102386,CUST-1004,,Paris,Books,History of Computing,22.14,1,0.25,Credit Card,CANCELLED,2025-06-25 15:44:10
ORD-102387,CUST-1006,George Clark,London,Home & Kitchen,Cookware Set,43.46,2,0.25,UPI / Digital Wallet,PENDING,2025-05-19 00:44:47
ORD-102388,CUST-1002,Charlie Brown,Mumbai,Books,Cookbook,39.76,5,0.25,Credit Card,COMPLETED,2025-04-16 00:38:44
ORD-102389,CUST-1016,Quentin Tarantino,New York,Books,Biography,43.48,2,0.15,UPI / Digital Wallet,COMPLETED,2025-07-26 21:38:50
ORD-102390,CUST-1000,Alice Smith,New York,Books,History of Computing,18.79,1,0.0,UPI / Digital Wallet,COMPLETED,2025-07-08 18:16:37
ORD-102391,CUST-1019,Tony Stark,San Francisco,Home & Kitchen,Toaster,103.95,3,0.2,Credit Card,COMPLETED,2025-10-05 10:32:11
ORD-102392,CUST-1014,Oscar Martinez,Paris,Clothing,Running Shoes,23.45,3,0.15,Credit Card,RETURNED,2025-06-01 20:16:13
ORD-102393,CUST-1002,Charlie Brown,Toronto,Home & Kitchen,Vacuum Cleaner,192.48,1,0.1,Apple Pay,COMPLETED,2025-11-18 17:51:23
ORD-102394,CUST-1017,Rachel Green,Tokyo,Electronics,4K Monitor,498.2,1,0.2,Credit Card,COMPLETED,2025-01-01 02:36:26
ORD-102395,CUST-1011,Laura Croft,Sydney,Clothing,Hooded Sweatshirt,28.88,1,0.0,Debit Card,PENDING,2025-01-10 03:22:21
ORD-102396,CUST-1017,Rachel Green,Berlin,Clothing,Running Shoes,149.5,1,0.15,UPI / Digital Wallet,COMPLETED,2025-01-15 07:40:50
ORD-102397,CUST-1005,Fiona Gallagher,San Francisco,Clothing,Sneakers,122.29,1,0.05,Debit Card,COMPLETED,2025-01-02 03:50:19
ORD-102398,CUST-1000,Alice Smith,San Francisco,Home & Kitchen,Blender,133.15,1,0.0,UPI / Digital Wallet,COMPLETED,2025-11-09 11:43:41
ORD-102399,CUST-1014,Oscar Martinez,Tokyo,Sports & Outdoors,Bicycle Helmet,143.71,1,0.15,Debit Card,CANCELLED,2025-12-25 18:44:19
ORD-102400,CUST-1012,Michael Scott,Tokyo,Home & Kitchen,Espresso Machine,252.19,1,0.1,Credit Card,RETURNED,2025-11-25 10:31:05
ORD-102401,CUST-1011,Laura Croft,Paris,Electronics,Smartwatch,634.6,1,0.25,PayPal,COMPLETED,2025-12-03 09:13:38
ORD-102402,CUST-1011,Laura Croft,Mumbai,Home & Kitchen,Blender,200.25,2,0.2,Credit Card,COMPLETED,2025-03-20 02:01:33
ORD-102403,CUST-1001,Bob Jones,San Francisco,Books,History of Computing,19.54,2,0.1,PayPal,PENDING,2025-10-11 16:38:46
ORD-102404,CUST-1000,Alice Smith,San Francisco,Clothing,Running Shoes,76.11,3,0.1,PayPal,RETURNED,2025-07-13 12:12:52
ORD-102405,CUST-1015,Pam Beesly,Sydney,Home & Kitchen,Air Fryer,227.59,1,0.15,PayPal,COMPLETED,2025-04-13 15:39:13
ORD-102406,CUST-1005,,London,Electronics,Laptop,703.83,1,0.2,PayPal,COMPLETED,2025-05-15 01:24:21
ORD-102407,CUST-1013,Nora Jones,Paris,Clothing,Running Shoes,15.94,1,0.25,Apple Pay,COMPLETED,2025-01-27 22:12:01
ORD-102408,CUST-1013,Nora Jones,London,Electronics,Bluetooth Speaker,829.26,3,0.05,Credit Card,PENDING,2025-08-11 10:58:22
ORD-102409,CUST-1008,Ian Malcolm,Berlin,Sports & Outdoors,Yoga Mat,206.8,1,0.2,Debit Card,COMPLETED,2025-11-06 02:29:27
ORD-102410,CUST-1007,Hannah Abbott,Berlin,Home & Kitchen,Cookware Set,161.22,4,0.2,PayPal,CANCELLED,2025-06-30 10:43:29
ORD-102411,CUST-1012,Michael Scott,Berlin,Clothing,Denim Jeans,77.19,5,0.1,Credit Card,COMPLETED,2025-07-09 13:51:10
ORD-102412,CUST-1019,Tony Stark,Toronto,Home & Kitchen,Espresso Machine,241.23,1,0.15,Debit Card,COMPLETED,2025-11-09 02:33:00
ORD-102413,CUST-1006,George Clark,Berlin,Electronics,Smartphone,80.6,1,0.1,Apple Pay,PENDING,2025-11-16 18:45:17
ORD-102414,CUST-1004,Evan Wright,San Francisco,Sports & Outdoors,Camping Tent,141.23,4,0.15,Debit Card,COMPLETED,2025-03-11 14:36:51
ORD-102415,CUST-1015,Pam Beesly,Toronto,Sports & Outdoors,Camping Tent,203.2,1,0.25,Apple Pay,COMPLETED,2025-03-11 15:28:38
ORD-102416,CUST-1017,Rachel Green,Tokyo,Clothing,Winter Jacket,42.62,2,0.15,PayPal,COMPLETED,2025-08-12 12:19:55
ORD-102417,CUST-1007,Hannah Abbott,Tokyo,Books,Biography,25.48,1,0.15,UPI / Digital Wallet,COMPLETED,2025-08-30 20:18:32
ORD-102418,CUST-1005,Fiona Gallagher,Singapore,Electronics,Smartphone,324.27,2,0.05,Credit Card,RETURNED,2025-03-24 01:50:18
ORD-102419,CUST-1006,George Clark,Berlin,Clothing,Sneakers,100.35,3,0.0,UPI / Digital Wallet,COMPLETED,2025-08-28 22:19:16
ORD-102420,CUST-1016,Quentin Tarantino,Sydney,Books,Sci-Fi Novel,15.16,2,0.0,Apple Pay,RETURNED,2025-09-29 17:57:29
ORD-102421,CUST-1013,Nora Jones,Berlin,Home & Kitchen,Cookware Set,158.73,3,0.25,Apple Pay,CANCELLED,2025-06-15 07:32:42
ORD-102422,CUST-1013,Nora Jones,Toronto,Electronics,Wireless Headphones,86.61,3,0.0,Apple Pay,COMPLETED,2025-12-25 22:49:35
ORD-102423,CUST-1005,Fiona Gallagher,Berlin,Home & Kitchen,Blender,204.06,3,0.05,Apple Pay,COMPLETED,2025-09-06 00:57:46
ORD-102424,CUST-1011,Laura Croft,New York,Books,Economics 101,38.53,2,0.1,Apple Pay,COMPLETED,2025-04-26 18:56:02
ORD-102425,CUST-1002,Charlie Brown,Singapore,Books,Sci-Fi Novel,44.24,1,0.15,Apple Pay,PENDING,2025-02-20 01:17:56
ORD-102426,CUST-1013,Nora Jones,San Francisco,Electronics,Smartphone,1040.65,1,0.2,Credit Card,COMPLETED,2025-12-25 08:13:28
ORD-102427,CUST-1001,Bob Jones,New York,Sports & Outdoors,Camping Tent,134.97,1,0.25,Credit Card,COMPLETED,2025-03-04 13:19:50
ORD-102428,CUST-1000,Alice Smith,New York,Home & Kitchen,Blender,229.34,5,0.25,PayPal,RETURNED,2025-01-13 23:35:18
ORD-102429,CUST-1012,Michael Scott,Mumbai,Home & Kitchen,Cookware Set,87.12,3,0.15,Credit Card,PENDING,2025-01-13 12:15:57
ORD-102430,CUST-1002,Charlie Brown,Tokyo,Books,History of Computing,44.49,4,0.15,Debit Card,CANCELLED,2025-12-08 21:47:34
ORD-102431,CUST-1004,Evan Wright,Mumbai,Electronics,4K Monitor,260.27,1,0.05,Debit Card,COMPLETED,2025-03-03 12:29:10
ORD-102432,CUST-1006,George Clark,Berlin,Electronics,Smartphone,216.87,1,0.1,Credit Card,COMPLETED,2025-09-12 15:45:51
ORD-102433,CUST-1003,Diana Prince,,Books,Data Engineering Handbook,35.63,3,0.15,Debit Card,PENDING,2025-06-03 13:09:44
ORD-102434,CUST-1014,Oscar Martinez,Singapore,Home & Kitchen,Vacuum Cleaner,323.24,1,0.0,Debit Card,COMPLETED,2025-12-14 03:47:44
ORD-102435,CUST-1005,Fiona Gallagher,Paris,Electronics,Smartwatch,221.7,2,0.1,Debit Card,COMPLETED,2025-12-11 07:38:05
ORD-102436,CUST-1003,Diana Prince,Tokyo,Home & Kitchen,Vacuum Cleaner,108.5,5,0.1,UPI / Digital Wallet,COMPLETED,2025-01-15 12:33:14
ORD-102437,CUST-1014,Oscar Martinez,Toronto,Clothing,Hooded Sweatshirt,34.52,2,0.05,Debit Card,COMPLETED,2025-05-04 13:35:22
ORD-102438,CUST-1003,Diana Prince,Sydney,Sports & Outdoors,Water Bottle,55.4,2,0.1,Credit Card,PENDING,2025-05-11 02:35:33
ORD-102439,CUST-1000,Alice Smith,Tokyo,Electronics,Bluetooth Speaker,509.76,4,0.05,Debit Card,RETURNED,2025-03-12 17:29:36
ORD-102440,CUST-1005,Fiona Gallagher,Tokyo,Clothing,Hooded Sweatshirt,40.69,1,0.25,UPI / Digital Wallet,CANCELLED,2025-03-31 20:07:24
ORD-102441,CUST-1011,Laura Croft,Berlin,Sports & Outdoors,Dumbbell Set,168.74,1,0.2,Debit Card,RETURNED,2025-08-25 15:03:29
ORD-102442,CUST-1018,Steve Rogers,Mumbai,Home & Kitchen,Cookware Set,88.05,2,0.2,Debit Card,CANCELLED,2025-12-16 17:54:18
ORD-102443,CUST-1006,George Clark,Tokyo,Books,Sci-Fi Novel,32.27,2,0.2,Credit Card,CANCELLED,2025-12-06 00:50:53
ORD-102444,CUST-1017,Rachel Green,New York,Electronics,Wireless Headphones,998.44,3,0.1,Apple Pay,COMPLETED,2025-03-25 14:23:00
ORD-102445,CUST-1015,Pam Beesly,San Francisco,Home & Kitchen,Toaster,138.46,1,0.0,Apple Pay,COMPLETED,2025-08-04 01:23:15
ORD-102446,CUST-1019,Tony Stark,Mumbai,Sports & Outdoors,Dumbbell Set,118.33,4,0.15,Debit Card,PENDING,2025-11-20 11:30:16
ORD-102447,CUST-1019,Tony Stark,New York,Sports & Outdoors,Water Bottle,17.0,4,0.0,Debit Card,CANCELLED,2025-06-11 05:19:32
ORD-102448,CUST-1007,Hannah Abbott,San Francisco,Books,Biography,9.25,5,0.25,PayPal,COMPLETED,2025-04-21 03:03:04
ORD-102449,CUST-1013,Nora Jones,London,Electronics,Bluetooth Speaker,887.51,1,0.1,Apple Pay,COMPLETED,2025-03-17 15:25:24
ORD-102450,CUST-1006,George Clark,Mumbai,Sports & Outdoors,Bicycle Helmet,25.12,3,0.05,PayPal,COMPLETED,2025-07-14 05:02:13
ORD-102451,CUST-1012,Michael Scott,Sydney,Clothing,Hooded Sweatshirt,35.23,1,0.05,Debit Card,RETURNED,2025-10-17 06:45:08
ORD-102452,CUST-1015,Pam Beesly,Tokyo,Clothing,Sneakers,69.68,1,0.2,UPI / Digital Wallet,PENDING,2025-12-03 12:34:53
ORD-102453,CUST-1000,Alice Smith,Singapore,Clothing,Sneakers,90.95,1,0.0,Debit Card,PENDING,2025-06-12 19:32:30
ORD-102454,CUST-1015,Pam Beesly,Toronto,Electronics,Bluetooth Speaker,897.59,4,0.2,UPI / Digital Wallet,PENDING,2025-05-25 12:05:28
ORD-102455,CUST-1008,Ian Malcolm,Berlin,Books,Biography,31.61,3,0.15,Debit Card,CANCELLED,2025-06-25 02:36:09
ORD-102456,CUST-1003,Diana Prince,Mumbai,Books,Cookbook,33.16,-1,0.25,UPI / Digital Wallet,CANCELLED,2025-10-01 13:42:11
ORD-102457,CUST-1012,Michael Scott,Paris,Electronics,Bluetooth Speaker,893.16,1,0.05,PayPal,CANCELLED,2025-03-05 01:15:31
ORD-102458,CUST-1018,Steve Rogers,Sydney,Clothing,Winter Jacket,82.02,1,0.05,PayPal,COMPLETED,2025-10-22 04:41:30
ORD-102459,CUST-1016,Quentin Tarantino,Sydney,Electronics,Wireless Headphones,1021.03,1,0.15,Debit Card,COMPLETED,2025-11-28 22:34:56
ORD-102460,CUST-1013,Nora Jones,Berlin,Books,Biography,22.68,1,0.0,Apple Pay,PENDING,2025-11-07 12:01:50
ORD-102461,CUST-1019,Tony Stark,San Francisco,Electronics,Wireless Headphones,1154.43,4,0.15,Credit Card,COMPLETED,2025-11-04 18:07:33
ORD-102462,CUST-1005,Fiona Gallagher,Berlin,Sports & Outdoors,Camping Tent,50.75,1,0.2,UPI / Digital Wallet,RETURNED,2025-01-16 19:45:52
ORD-102463,CUST-1011,Laura Croft,San Francisco,Home & Kitchen,Toaster,169.5,3,0.15,PayPal,RETURNED,2025-03-28 23:35:15
ORD-102464,CUST-1008,Ian Malcolm,San Francisco,Electronics,Bluetooth Speaker,1041.23,1,0.1,PayPal,COMPLETED,2025-02-19 21:43:43
ORD-102465,CUST-1007,Hannah Abbott,Mumbai,Sports & Outdoors,Dumbbell Set,58.46,2,0.0,Debit Card,CANCELLED,2025-10-20 03:36:32
ORD-102466,CUST-1019,Tony Stark,Singapore,Books,Cookbook,30.82,2,0.1,PayPal,RETURNED,2025-03-08 06:45:03
ORD-102467,CUST-1009,Julia Roberts,Mumbai,Clothing,Sneakers,20.64,1,0.1,PayPal,COMPLETED,2025-06-13 10:35:47
ORD-102468,CUST-1019,Tony Stark,Toronto,Sports & Outdoors,Dumbbell Set,33.69,3,0.2,Credit Card,COMPLETED,2025-01-30 00:47:10
ORD-102469,CUST-1019,Tony Stark,Sydney,Clothing,Winter Jacket,84.73,5,0.2,PayPal,COMPLETED,2025-12-12 15:40:52
ORD-102470,CUST-1011,Laura Croft,Berlin,Books,Economics 101,25.24,1,0.05,UPI / Digital Wallet,COMPLETED,2025-11-10 04:46:59
ORD-102471,CUST-1012,Michael Scott,Mumbai,Sports & Outdoors,Dumbbell Set,176.49,1,0.15,Credit Card,RETURNED,2025-10-22 19:11:29
ORD-102472,CUST-1008,Ian Malcolm,New York,Electronics,4K Monitor,1032.47,2,0.05,Credit Card,RETURNED,2025-04-28 07:39:48
ORD-102473,CUST-1010,Kevin Bacon,Paris,Clothing,Hooded Sweatshirt,26.29,1,0.05,Debit Card,COMPLETED,2025-08-10 15:09:20
ORD-102474,CUST-1018,Steve Rogers,London,Books,Data Engineering Handbook,13.27,2,0.1,Credit Card,COMPLETED,2025-05-12 21:26:12
ORD-102475,CUST-1015,Pam Beesly,Paris,Home & Kitchen,Vacuum Cleaner,349.13,5,0.25,Debit Card,PENDING,2025-01-27 05:08:45
ORD-102476,CUST-1006,George Clark,London,Home & Kitchen,Cookware Set,34.5,2,0.05,Debit Card,COMPLETED,2025-04-03 04:35:36
ORD-102477,CUST-1018,Steve Rogers,London,Electronics,Wireless Headphones,327.48,1,0.05,Credit Card,RETURNED,2025-11-02 10:08:23
ORD-102478,CUST-1016,Quentin Tarantino,Berlin,Clothing,Denim Jeans,23.59,-1,0.2,Debit Card,COMPLETED,2025-08-07 20:26:16
ORD-102479,CUST-1005,,Sydney,Sports & Outdoors,Camping Tent,160.07,5,0.05,PayPal,COMPLETED,2025-10-20 23:06:14
ORD-102480,CUST-1016,Quentin Tarantino,Tokyo,Electronics,4K Monitor,883.89,1,0.0,UPI / Digital Wallet,CANCELLED,2025-01-28 09:22:23
ORD-102481,CUST-1019,Tony Stark,Toronto,Sports & Outdoors,Camping Tent,20.67,4,0.25,Apple Pay,CANCELLED,2025-05-23 22:21:19
ORD-102482,CUST-1003,Diana Prince,Mumbai,Home & Kitchen,Vacuum Cleaner,244.95,3,0.25,PayPal,PENDING,2025-07-06 17:01:31
ORD-102483,CUST-1003,Diana Prince,Berlin,Electronics,Smartphone,197.63,3,0.05,UPI / Digital Wallet,RETURNED,2025-08-02 12:06:50
ORD-102484,CUST-1005,Fiona Gallagher,Tokyo,Home & Kitchen,Blender,103.49,2,0.05,Credit Card,COMPLETED,2025-10-28 18:39:25
ORD-102485,CUST-1007,Hannah Abbott,San Francisco,Clothing,Denim Jeans,104.99,1,0.2,Debit Card,RETURNED,2025-05-30 11:26:22
ORD-102486,CUST-1015,Pam Beesly,London,Home & Kitchen,Blender,200.12,1,0.1,Apple Pay,PENDING,2025-04-03 15:57:37
ORD-102487,CUST-1009,Julia Roberts,Paris,Sports & Outdoors,Water Bottle,92.35,2,0.2,Apple Pay,CANCELLED,2025-10-09 14:34:59
ORD-102488,CUST-1013,Nora Jones,San Francisco,Clothing,Running Shoes,76.63,1,0.15,Debit Card,COMPLETED,2025-06-06 09:41:25
ORD-102489,CUST-1016,Quentin Tarantino,London,Home & Kitchen,Blender,76.52,2,0.25,Debit Card,COMPLETED,2025-01-02 04:35:03
ORD-102490,CUST-1006,George Clark,Singapore,Sports & Outdoors,Bicycle Helmet,138.26,2,0.05,UPI / Digital Wallet,COMPLETED,2025-07-22 13:28:30
ORD-102491,CUST-1011,Laura Croft,Mumbai,Home & Kitchen,Vacuum Cleaner,291.54,2,0.05,Debit Card,RETURNED,2025-08-20 10:58:11
ORD-102492,CUST-1015,Pam Beesly,London,Sports & Outdoors,Dumbbell Set,61.48,3,0.15,Debit Card,COMPLETED,2025-07-22 15:48:50
ORD-102493,CUST-1010,Kevin Bacon,London,Sports & Outdoors,Camping Tent,54.91,1,0.2,Credit Card,COMPLETED,2025-05-03 21:30:32
ORD-102494,CUST-1005,Fiona Gallagher,Paris,Home & Kitchen,Air Fryer,77.84,-1,0.15,UPI / Digital Wallet,COMPLETED,2025-01-06 20:09:30
ORD-102495,CUST-1017,Rachel Green,New York,Clothing,Hooded Sweatshirt,94.21,1,0.0,Credit Card,CANCELLED,2025-02-11 14:30:53
ORD-102496,CUST-1015,Pam Beesly,New York,Sports & Outdoors,Camping Tent,23.35,3,0.15,PayPal,COMPLETED,2025-08-05 22:41:25
ORD-102497,CUST-1008,Ian Malcolm,Singapore,Electronics,Smartphone,1017.74,1,0.05,Debit Card,RETURNED,2025-11-10 16:55:56
ORD-102498,CUST-1007,Hannah Abbott,New York,Home & Kitchen,Espresso Machine,277.15,1,0.0,Apple Pay,PENDING,2025-05-08 15:19:38
ORD-102499,CUST-1017,Rachel Green,Sydney,Electronics,Laptop,103.27,3,0.2,Apple Pay,COMPLETED,2025-06-24 21:44:23
ORD-102500,CUST-1019,Tony Stark,Tokyo,Home & Kitchen,Blender,141.2,1,0.25,PayPal,PENDING,2025-02-14 22:17:57
ORD-102501,CUST-1014,Oscar Martinez,Sydney,Electronics,Bluetooth Speaker,457.19,5,0.15,UPI / Digital Wallet,COMPLETED,2025-09-18 17:28:17
ORD-102502,CUST-1009,Julia Roberts,Berlin,Sports & Outdoors,Hiking Backpack,189.43,1,0.2,Debit Card,PENDING,2025-08-10 18:31:25
ORD-102503,CUST-1003,Diana Prince,Sydney,Sports & Outdoors,Water Bottle,61.17,1,0.25,Credit Card,COMPLETED,2025-11-11 02:24:12
ORD-102504,CUST-1016,Quentin Tarantino,Tokyo,Sports & Outdoors,Dumbbell Set,202.12,4,0.2,Apple Pay,CANCELLED,2025-02-06 15:52:13
ORD-102505,CUST-1016,Quentin Tarantino,Paris,Sports & Outdoors,Yoga Mat,24.46,4,0.0,Debit Card,RETURNED,2025-07-09 20:12:00
ORD-102506,CUST-1001,Bob Jones,Toronto,Books,Biography,32.61,3,0.05,Credit Card,COMPLETED,2025-08-12 12:32:40
ORD-102507,CUST-1006,George Clark,London,Electronics,Bluetooth Speaker,109.11,1,0.2,PayPal,RETURNED,2025-09-22 10:10:51
ORD-102508,CUST-1018,Steve Rogers,Toronto,Home & Kitchen,Cookware Set,153.17,2,0.15,Debit Card,COMPLETED,2025-12-12 09:49:52
ORD-102509,CUST-1013,Nora Jones,Berlin,Home & Kitchen,Espresso Machine,137.63,4,0.15,Apple Pay,COMPLETED,2025-09-11 02:33:37
ORD-102510,CUST-1000,Alice Smith,Toronto,Sports & Outdoors,Camping Tent,199.74,2,0.05,UPI / Digital Wallet,COMPLETED,2025-12-19 11:11:29
ORD-102511,CUST-1001,Bob Jones,Sydney,Clothing,Sneakers,58.69,1,0.15,PayPal,COMPLETED,2025-10-26 08:29:12
ORD-102512,CUST-1010,Kevin Bacon,Tokyo,Sports & Outdoors,Bicycle Helmet,90.08,1,0.0,PayPal,COMPLETED,2025-05-05 04:28:11
ORD-102513,CUST-1010,Kevin Bacon,Paris,Books,Data Engineering Handbook,32.89,1,0.15,UPI / Digital Wallet,PENDING,2025-03-17 06:53:05
ORD-102514,CUST-1008,Ian Malcolm,Mumbai,Electronics,Bluetooth Speaker,371.38,4,0.15,Credit Card,COMPLETED,2025-04-04 07:31:39
ORD-102515,CUST-1005,Fiona Gallagher,London,Home & Kitchen,Toaster,301.73,1,0.2,Apple Pay,CANCELLED,2025-08-19 20:48:10
ORD-102516,CUST-1002,Charlie Brown,San Francisco,Sports & Outdoors,Yoga Mat,197.01,2,0.1,PayPal,RETURNED,2025-06-26 08:04:48
ORD-102517,CUST-1019,Tony Stark,Toronto,Home & Kitchen,Toaster,344.51,3,0.0,Debit Card,COMPLETED,2025-03-07 02:13:17
ORD-102518,CUST-1010,Kevin Bacon,New York,Clothing,Cotton T-Shirt,65.39,5,0.25,Debit Card,COMPLETED,2025-12-11 10:07:12
ORD-102519,CUST-1000,Alice Smith,San Francisco,Clothing,Cotton T-Shirt,126.62,2,0.0,UPI / Digital Wallet,COMPLETED,2025-03-20 18:56:53
ORD-102520,CUST-1019,Tony Stark,Tokyo,Sports & Outdoors,Dumbbell Set,75.87,5,0.0,Debit Card,COMPLETED,2025-01-05 14:01:30
ORD-102521,CUST-1002,Charlie Brown,Berlin,Clothing,Running Shoes,45.82,1,0.2,PayPal,CANCELLED,2025-05-11 08:39:23
ORD-102522,CUST-1005,Fiona Gallagher,London,Books,History of Computing,35.89,4,0.25,PayPal,COMPLETED,2025-02-17 21:40:06
ORD-102523,CUST-1010,Kevin Bacon,Mumbai,Books,Data Engineering Handbook,43.41,1,0.0,Debit Card,CANCELLED,2025-05-31 09:45:49
ORD-102524,CUST-1013,Nora Jones,Toronto,Sports & Outdoors,Water Bottle,66.57,3,0.1,Debit Card,CANCELLED,2025-07-26 19:46:05
ORD-102525,CUST-1002,Charlie Brown,Paris,Books,Economics 101,14.93,1,0.15,Credit Card,RETURNED,2025-08-15 05:05:09
ORD-102526,CUST-1013,Nora Jones,Sydney,Electronics,Wireless Headphones,967.04,1,0.1,PayPal,COMPLETED,2025-09-22 15:36:14
ORD-102527,CUST-1004,,Toronto,Sports & Outdoors,Bicycle Helmet,79.99,1,0.0,Debit Card,CANCELLED,2025-01-19 14:34:10
ORD-102528,CUST-1017,Rachel Green,London,Electronics,Bluetooth Speaker,1156.37,1,0.0,Apple Pay,PENDING,2025-04-01 16:03:39
ORD-102529,CUST-1017,Rachel Green,Tokyo,Clothing,Denim Jeans,97.67,1,0.15,Credit Card,RETURNED,2025-07-20 03:52:17
ORD-102530,CUST-1014,Oscar Martinez,Mumbai,Home & Kitchen,Air Fryer,120.02,2,0.15,UPI / Digital Wallet,COMPLETED,2025-07-15 20:28:22
ORD-102531,CUST-1013,Nora Jones,Toronto,Clothing,Winter Jacket,115.9,2,0.0,Debit Card,PENDING,2025-04-28 00:40:23
ORD-102532,CUST-1017,Rachel Green,Tokyo,Home & Kitchen,Espresso Machine,39.75,1,0.2,Apple Pay,CANCELLED,2025-12-10 12:30:00
ORD-102533,CUST-1004,Evan Wright,Toronto,Clothing,Denim Jeans,134.52,3,0.25,Debit Card,CANCELLED,2025-06-01 16:19:42
ORD-102534,CUST-1009,Julia Roberts,Berlin,Books,Sci-Fi Novel,11.02,2,0.25,Apple Pay,COMPLETED,2025-10-19 14:35:13
ORD-102535,CUST-1017,Rachel Green,San Francisco,Clothing,Winter Jacket,101.8,1,0.2,PayPal,COMPLETED,2025-02-12 18:45:03
ORD-102536,CUST-1008,Ian Malcolm,Singapore,Sports & Outdoors,Yoga Mat,145.07,2,0.0,PayPal,PENDING,2025-07-17 19:57:06
ORD-102537,CUST-1009,Julia Roberts,New York,Sports & Outdoors,Water Bottle,59.07,1,0.25,UPI / Digital Wallet,COMPLETED,2025-07-18 19:05:30
ORD-102538,CUST-1010,Kevin Bacon,,Clothing,Cotton T-Shirt,52.85,3,0.2,Apple Pay,COMPLETED,2025-08-15 13:51:59
ORD-102539,CUST-1014,Oscar Martinez,Tokyo,Books,Biography,34.17,1,0.25,PayPal,COMPLETED,2025-04-23 12:12:45
ORD-102540,CUST-1000,Alice Smith,Berlin,Clothing,Running Shoes,16.47,1,0.2,Debit Card,COMPLETED,2025-10-27 20:35:56
ORD-102541,CUST-1009,Julia Roberts,London,Electronics,Smartwatch,980.77,3,0.15,Debit Card,RETURNED,2025-11-03 11:16:58
ORD-102542,CUST-1013,Nora Jones,Singapore,Sports & Outdoors,Camping Tent,63.62,1,0.25,Credit Card,COMPLETED,2025-05-26 16:34:23
ORD-102543,CUST-1002,Charlie Brown,Mumbai,Books,History of Computing,27.35,4,0.0,UPI / Digital Wallet,RETURNED,2025-12-24 00:12:34
ORD-102544,CUST-1006,George Clark,Sydney,Home & Kitchen,Air Fryer,190.59,1,0.2,UPI / Digital Wallet,RETURNED,2025-05-04 18:39:56
ORD-102545,CUST-1011,Laura Croft,Toronto,Clothing,Sneakers,17.42,3,0.05,Credit Card,COMPLETED,2025-07-04 18:52:05
ORD-102546,CUST-1005,Fiona Gallagher,New York,Electronics,Laptop,376.66,2,0.15,Debit Card,COMPLETED,2025-12-18 08:55:03
ORD-102547,CUST-1011,Laura Croft,Sydney,Sports & Outdoors,Bicycle Helmet,140.63,1,0.1,UPI / Digital Wallet,CANCELLED,2025-04-21 07:38:13
ORD-102548,CUST-1012,Michael Scott,Tokyo,Clothing,Running Shoes,57.17,1,0.0,Apple Pay,CANCELLED,2025-02-28 07:35:40
ORD-102549,CUST-1002,Charlie Brown,Berlin,Books,Sci-Fi Novel,18.73,1,0.2,Apple Pay,COMPLETED,2025-04-18 19:37:11
ORD-102550,CUST-1012,Michael Scott,Mumbai,Electronics,4K Monitor,1145.47,1,0.15,UPI / Digital Wallet,COMPLETED,2025-06-12 00:38:59
ORD-102551,CUST-1007,Hannah Abbott,Paris,Books,Data Engineering Handbook,9.27,1,0.0,Credit Card,PENDING,2025-12-18 03:24:32
ORD-102552,CUST-1013,Nora Jones,Paris,Sports & Outdoors,Camping Tent,182.5,1,0.2,UPI / Digital Wallet,COMPLETED,2025-07-14 14:49:14
ORD-102553,CUST-1010,Kevin Bacon,Mumbai,Books,Economics 101,22.04,2,0.1,UPI / Digital Wallet,COMPLETED,2025-11-12 04:59:30
ORD-102554,CUST-1000,Alice Smith,Berlin,Sports & Outdoors,Dumbbell Set,215.81,1,0.1,Debit Card,CANCELLED,2025-03-14 11:00:27
ORD-102555,CUST-1011,Laura Croft,New York,Books,Biography,34.89,1,0.25,UPI / Digital Wallet,COMPLETED,2025-12-02 15:11:54
ORD-102556,CUST-1000,Alice Smith,New York,Clothing,Cotton T-Shirt,106.2,2,0.1,Apple Pay,PENDING,2025-12-23 22:39:01
ORD-102557,CUST-1004,Evan Wright,Sydney,Home & Kitchen,Cookware Set,305.59,1,0.15,PayPal,PENDING,2025-03-02 19:21:04
ORD-102558,CUST-1007,Hannah Abbott,New York,Electronics,Laptop,248.0,1,0.05,Credit Card,CANCELLED,2025-06-23 22:51:25
ORD-102559,CUST-1007,Hannah Abbott,New York,Books,Biography,30.29,1,0.05,PayPal,COMPLETED,2025-01-04 16:17:10
ORD-102560,CUST-1009,Julia Roberts,New York,Home & Kitchen,Toaster,262.03,3,0.15,Credit Card,CANCELLED,2025-08-12 14:47:54
ORD-102561,CUST-1004,Evan Wright,Sydney,Sports & Outdoors,Water Bottle,151.83,2,0.15,Apple Pay,COMPLETED,2025-11-29 22:45:42
ORD-102562,CUST-1005,Fiona Gallagher,Mumbai,Books,Cookbook,15.04,1,0.0,Debit Card,COMPLETED,2025-05-01 19:53:50
ORD-102563,CUST-1007,Hannah Abbott,Tokyo,Sports & Outdoors,Hiking Backpack,219.24,2,0.2,Credit Card,COMPLETED,2025-05-04 00:53:54
ORD-102564,CUST-1018,Steve Rogers,Sydney,Electronics,Bluetooth Speaker,1191.52,2,0.25,UPI / Digital Wallet,COMPLETED,2025-02-22 17:35:21
ORD-102565,CUST-1014,Oscar Martinez,New York,Home & Kitchen,Vacuum Cleaner,190.27,1,0.25,Debit Card,COMPLETED,2025-03-11 14:58:59
ORD-102566,CUST-1002,Charlie Brown,Singapore,Home & Kitchen,Vacuum Cleaner,244.2,4,0.0,Credit Card,RETURNED,2025-04-15 22:22:16
ORD-102567,CUST-1010,Kevin Bacon,Berlin,Sports & Outdoors,Camping Tent,195.85,1,0.1,Apple Pay,RETURNED,2025-02-24 20:14:51
ORD-102568,CUST-1019,Tony Stark,Singapore,Sports & Outdoors,Yoga Mat,43.96,2,0.1,Apple Pay,RETURNED,2025-04-01 05:56:00
ORD-102569,CUST-1006,George Clark,Paris,Electronics,Smartphone,1179.91,1,0.0,Debit Card,COMPLETED,2025-03-28 14:10:06
ORD-102570,CUST-1016,Quentin Tarantino,San Francisco,Books,Cookbook,43.93,2,0.25,Credit Card,PENDING,2025-02-10 09:26:18
ORD-102571,CUST-1016,Quentin Tarantino,Singapore,Clothing,Winter Jacket,96.98,1,0.25,UPI / Digital Wallet,PENDING,2025-10-17 04:39:45
ORD-102572,CUST-1000,Alice Smith,Toronto,Electronics,Laptop,777.65,1,0.1,Apple Pay,RETURNED,2025-04-10 05:42:15
ORD-102573,CUST-1001,Bob Jones,Berlin,Books,Sci-Fi Novel,22.91,1,0.25,UPI / Digital Wallet,RETURNED,2025-04-25 07:01:56
ORD-102574,CUST-1013,Nora Jones,San Francisco,Clothing,Hooded Sweatshirt,42.91,2,0.15,UPI / Digital Wallet,COMPLETED,2025-11-29 16:08:53
ORD-102575,CUST-1010,Kevin Bacon,Toronto,Books,Economics 101,8.4,3,0.25,Credit Card,RETURNED,2025-04-15 05:24:59
ORD-102576,CUST-1018,Steve Rogers,New York,Clothing,Denim Jeans,114.49,4,0.2,UPI / Digital Wallet,COMPLETED,2025-07-29 08:09:10
ORD-102577,CUST-1009,Julia Roberts,Berlin,Books,History of Computing,32.08,2,0.2,Apple Pay,COMPLETED,2025-12-14 01:27:44
ORD-102578,CUST-1012,Michael Scott,Berlin,Sports & Outdoors,Bicycle Helmet,65.57,1,0.2,UPI / Digital Wallet,COMPLETED,2025-06-07 15:39:32
ORD-102579,CUST-1010,Kevin Bacon,Paris,Electronics,Bluetooth Speaker,956.98,1,0.0,PayPal,COMPLETED,2025-03-02 05:07:59
ORD-102580,CUST-1014,Oscar Martinez,Toronto,Sports & Outdoors,Camping Tent,204.06,1,0.2,UPI / Digital Wallet,RETURNED,2025-09-16 02:45:53
ORD-102581,CUST-1009,Julia Roberts,San Francisco,Sports & Outdoors,Yoga Mat,46.4,5,0.1,UPI / Digital Wallet,COMPLETED,2025-10-16 12:49:17
ORD-102582,CUST-1005,Fiona Gallagher,London,Sports & Outdoors,Dumbbell Set,217.09,2,0.1,UPI / Digital Wallet,CANCELLED,2025-01-18 04:10:58
ORD-102583,CUST-1016,Quentin Tarantino,Mumbai,Books,Sci-Fi Novel,41.16,1,0.15,UPI / Digital Wallet,CANCELLED,2025-09-16 02:34:01
ORD-102584,CUST-1006,George Clark,,Clothing,Cotton T-Shirt,51.19,5,0.25,Apple Pay,RETURNED,2025-11-15 23:43:18
ORD-102585,CUST-1009,Julia Roberts,Berlin,Books,Cookbook,33.47,1,0.0,PayPal,CANCELLED,2025-08-29 14:08:10
ORD-102586,CUST-1017,Rachel Green,Toronto,Clothing,Denim Jeans,89.45,3,0.0,Credit Card,COMPLETED,2025-03-09 09:42:20
ORD-102587,CUST-1005,Fiona Gallagher,Toronto,Sports & Outdoors,Hiking Backpack,147.21,1,0.05,PayPal,COMPLETED,2025-04-12 14:06:40
ORD-102588,CUST-1016,Quentin Tarantino,Paris,Clothing,Running Shoes,83.81,1,0.2,Apple Pay,COMPLETED,2025-08-21 03:31:19
ORD-102589,CUST-1019,Tony Stark,San Francisco,Sports & Outdoors,Hiking Backpack,111.03,1,0.2,Apple Pay,COMPLETED,2025-08-16 16:58:34
ORD-102590,CUST-1015,Pam Beesly,Tokyo,Sports & Outdoors,Yoga Mat,169.13,3,0.05,UPI / Digital Wallet,COMPLETED,2025-03-14 16:07:33
ORD-102591,CUST-1004,Evan Wright,Berlin,Clothing,Hooded Sweatshirt,72.65,1,0.2,UPI / Digital Wallet,COMPLETED,2025-01-05 09:35:06
ORD-102592,CUST-1018,Steve Rogers,New York,Clothing,Running Shoes,115.1,1,0.15,PayPal,CANCELLED,2025-08-18 22:47:40
ORD-102593,CUST-1017,Rachel Green,Sydney,Books,Economics 101,14.77,1,0.05,UPI / Digital Wallet,RETURNED,2025-03-15 13:20:52
ORD-102594,CUST-1010,Kevin Bacon,New York,Electronics,Laptop,1173.67,1,0.05,PayPal,COMPLETED,2025-06-29 00:11:36
ORD-102595,CUST-1004,Evan Wright,London,Books,Economics 101,8.11,2,0.15,Debit Card,COMPLETED,2025-04-03 09:58:40
ORD-102596,CUST-1016,Quentin Tarantino,Singapore,Sports & Outdoors,Water Bottle,120.42,4,0.0,PayPal,CANCELLED,2025-10-15 07:22:15
ORD-102597,CUST-1013,Nora Jones,Paris,Electronics,Wireless Headphones,455.36,1,0.05,UPI / Digital Wallet,CANCELLED,2025-11-09 22:08:54
ORD-102598,CUST-1012,Michael Scott,New York,Books,Economics 101,19.32,1,0.25,Credit Card,CANCELLED,2025-08-24 06:16:42
ORD-102599,CUST-1018,Steve Rogers,Singapore,Clothing,Winter Jacket,105.25,1,0.0,UPI / Digital Wallet,COMPLETED,2025-01-09 13:35:21
ORD-102600,CUST-1012,Michael Scott,Toronto,Electronics,Bluetooth Speaker,141.02,2,0.0,Debit Card,COMPLETED,2025-09-15 09:25:59
ORD-102601,CUST-1014,Oscar Martinez,Paris,Clothing,Sneakers,54.67,2,0.15,UPI / Digital Wallet,PENDING,2025-04-24 18:42:00
ORD-102602,CUST-1011,Laura Croft,Tokyo,Books,Cookbook,30.06,2,0.2,UPI / Digital Wallet,COMPLETED,2025-04-11 01:24:25
ORD-102603,CUST-1000,Alice Smith,London,Home & Kitchen,Air Fryer,152.1,2,0.15,Apple Pay,PENDING,2025-11-15 10:02:18
ORD-102604,CUST-1010,Kevin Bacon,Sydney,Clothing,Cotton T-Shirt,59.55,1,0.2,Credit Card,COMPLETED,2025-12-10 21:31:42
ORD-102605,CUST-1007,,Mumbai,Books,Data Engineering Handbook,36.99,1,0.05,Apple Pay,COMPLETED,2025-04-09 19:55:55
ORD-102606,CUST-1001,Bob Jones,London,Electronics,Wireless Headphones,110.53,1,0.1,PayPal,COMPLETED,2025-01-13 19:39:38
ORD-102607,CUST-1012,Michael Scott,Toronto,Home & Kitchen,Blender,236.28,1,0.05,Apple Pay,COMPLETED,2025-08-03 12:57:19
ORD-102608,CUST-1009,Julia Roberts,London,Home & Kitchen,Espresso Machine,203.88,1,0.05,PayPal,COMPLETED,2025-12-23 12:48:12
ORD-102609,CUST-1012,Michael Scott,Sydney,Sports & Outdoors,Dumbbell Set,83.78,1,0.2,Apple Pay,RETURNED,2025-05-25 02:29:02
ORD-102610,CUST-1003,Diana Prince,New York,Sports & Outdoors,Camping Tent,162.21,1,0.25,Debit Card,COMPLETED,2025-03-09 06:13:34
ORD-102611,CUST-1005,Fiona Gallagher,Sydney,Clothing,Denim Jeans,93.27,2,0.0,Debit Card,COMPLETED,2025-08-02 18:09:17
ORD-102612,CUST-1008,,Mumbai,Clothing,Denim Jeans,117.43,2,0.2,Credit Card,COMPLETED,2025-12-28 18:58:11
ORD-102613,CUST-1012,Michael Scott,London,Home & Kitchen,Toaster,287.66,1,0.2,Apple Pay,COMPLETED,2025-03-11 20:23:36
ORD-102614,CUST-1011,Laura Croft,Mumbai,Clothing,Denim Jeans,112.25,1,0.05,Debit Card,COMPLETED,2025-01-19 12:06:48
ORD-102615,CUST-1001,Bob Jones,Paris,Electronics,4K Monitor,1036.61,1,0.25,Debit Card,COMPLETED,2025-02-06 06:18:12
ORD-102616,CUST-1004,Evan Wright,Mumbai,Books,History of Computing,9.85,3,0.25,PayPal,COMPLETED,2025-12-15 11:13:55
ORD-102617,CUST-1008,Ian Malcolm,Sydney,Books,Economics 101,39.81,1,0.15,UPI / Digital Wallet,PENDING,2025-02-17 13:11:34
ORD-102618,CUST-1002,Charlie Brown,Singapore,Electronics,Smartphone,953.74,1,0.2,Credit Card,COMPLETED,2025-02-02 17:43:34
ORD-102619,CUST-1003,Diana Prince,San Francisco,Home & Kitchen,Air Fryer,61.22,2,0.1,Credit Card,COMPLETED,2025-12-28 09:42:53
ORD-102620,CUST-1005,Fiona Gallagher,London,Books,Sci-Fi Novel,27.5,1,0.0,Apple Pay,COMPLETED,2025-12-31 23:10:37
ORD-102621,CUST-1014,Oscar Martinez,San Francisco,Home & Kitchen,Cookware Set,146.52,2,0.25,Credit Card,RETURNED,2025-09-27 13:08:07
ORD-102622,CUST-1003,Diana Prince,Mumbai,Books,Economics 101,25.73,2,0.0,PayPal,COMPLETED,2025-01-19 08:44:13
ORD-102623,CUST-1015,Pam Beesly,London,Clothing,Cotton T-Shirt,106.74,1,0.2,Credit Card,COMPLETED,2025-12-27 08:51:53
ORD-102624,CUST-1019,Tony Stark,Mumbai,Clothing,Winter Jacket,63.09,1,0.1,PayPal,COMPLETED,2025-03-26 23:53:36
ORD-102625,CUST-1017,Rachel Green,New York,Electronics,Smartphone,74.93,1,0.2,Credit Card,RETURNED,2025-09-27 12:11:13
ORD-102626,CUST-1006,George Clark,Tokyo,Electronics,4K Monitor,598.91,4,0.15,UPI / Digital Wallet,RETURNED,2025-10-10 09:07:26
ORD-102627,CUST-1017,Rachel Green,New York,Sports & Outdoors,Yoga Mat,88.34,1,0.15,Credit Card,COMPLETED,2025-08-25 19:17:43
ORD-102628,CUST-1013,Nora Jones,Paris,Home & Kitchen,Vacuum Cleaner,156.49,2,0.15,UPI / Digital Wallet,PENDING,2025-05-08 01:16:32
ORD-102629,CUST-1010,Kevin Bacon,New York,Home & Kitchen,Toaster,62.23,1,0.2,PayPal,COMPLETED,2025-12-11 08:40:16
ORD-102630,CUST-1014,Oscar Martinez,New York,Electronics,Smartwatch,1050.12,1,0.05,UPI / Digital Wallet,COMPLETED,2025-12-23 07:09:01
ORD-102631,CUST-1009,Julia Roberts,Tokyo,Home & Kitchen,Cookware Set,264.63,3,0.2,Apple Pay,COMPLETED,2025-11-18 18:03:20
ORD-102632,CUST-1012,Michael Scott,Singapore,Sports & Outdoors,Camping Tent,72.58,3,0.2,PayPal,CANCELLED,2025-03-20 11:40:16
ORD-102633,CUST-1016,Quentin Tarantino,Paris,Sports & Outdoors,Bicycle Helmet,60.37,3,0.2,UPI / Digital Wallet,CANCELLED,2025-11-23 00:45:27
ORD-102634,CUST-1001,Bob Jones,New York,Sports & Outdoors,Water Bottle,80.51,4,0.0,Debit Card,PENDING,2025-10-20 14:29:59
ORD-102635,CUST-1017,Rachel Green,San Francisco,Electronics,4K Monitor,653.69,1,0.1,Apple Pay,CANCELLED,2025-09-15 15:03:18
ORD-102636,CUST-1015,Pam Beesly,Berlin,Electronics,Laptop,492.1,2,0.0,Apple Pay,CANCELLED,2025-11-15 19:39:41
ORD-102637,CUST-1003,Diana Prince,Mumbai,Home & Kitchen,Vacuum Cleaner,320.81,1,0.05,Credit Card,COMPLETED,2025-10-28 22:16:00
ORD-102638,CUST-1017,Rachel Green,Mumbai,Clothing,Running Shoes,108.09,1,0.15,Credit Card,COMPLETED,2025-02-16 12:11:05
ORD-102639,CUST-1012,Michael Scott,Sydney,Clothing,Winter Jacket,141.94,3,0.1,PayPal,CANCELLED,2025-08-24 02:13:15
ORD-102640,CUST-1002,Charlie Brown,London,Home & Kitchen,Air Fryer,96.91,1,0.25,PayPal,COMPLETED,2025-08-11 03:50:11
ORD-102641,CUST-1004,Evan Wright,Toronto,Clothing,Running Shoes,92.2,1,0.2,UPI / Digital Wallet,PENDING,2025-09-05 20:47:46
ORD-102642,CUST-1015,Pam Beesly,Sydney,Home & Kitchen,Air Fryer,198.23,1,0.2,Credit Card,CANCELLED,2025-11-20 11:13:44
ORD-102643,CUST-1014,Oscar Martinez,Paris,Sports & Outdoors,Camping Tent,80.32,4,0.2,Credit Card,COMPLETED,2025-09-19 17:06:59
ORD-102644,CUST-1005,Fiona Gallagher,London,Clothing,Sneakers,36.89,3,0.1,Debit Card,COMPLETED,2025-09-02 06:43:03
ORD-102645,CUST-1001,Bob Jones,Sydney,Home & Kitchen,Blender,85.24,1,0.2,Debit Card,PENDING,2025-03-12 21:51:14
ORD-102646,CUST-1002,Charlie Brown,Mumbai,Home & Kitchen,Espresso Machine,276.77,4,0.2,Apple Pay,COMPLETED,2025-09-05 21:45:21
ORD-102647,CUST-1015,Pam Beesly,Mumbai,Clothing,Winter Jacket,15.56,1,0.2,Apple Pay,COMPLETED,2025-03-15 00:24:10
ORD-102648,CUST-1007,,London,Electronics,Smartphone,559.13,5,0.2,UPI / Digital Wallet,COMPLETED,2025-01-28 03:20:15
ORD-102649,CUST-1002,Charlie Brown,Sydney,Sports & Outdoors,Hiking Backpack,82.56,3,0.1,UPI / Digital Wallet,PENDING,2025-04-14 03:25:05
ORD-102650,CUST-1011,Laura Croft,Toronto,Sports & Outdoors,Bicycle Helmet,169.0,5,0.25,PayPal,COMPLETED,2025-07-06 22:37:03
ORD-102651,CUST-1009,Julia Roberts,Toronto,Sports & Outdoors,Yoga Mat,189.45,1,0.0,Credit Card,PENDING,2025-01-16 22:21:24
ORD-102652,CUST-1002,Charlie Brown,Tokyo,Clothing,Cotton T-Shirt,130.68,2,0.05,PayPal,PENDING,2025-06-07 10:34:52
ORD-102653,CUST-1007,Hannah Abbott,Mumbai,Books,Biography,43.45,3,0.25,Credit Card,COMPLETED,2025-03-12 07:31:12
ORD-102654,CUST-1010,Kevin Bacon,San Francisco,Home & Kitchen,Espresso Machine,31.03,3,0.0,Apple Pay,COMPLETED,2025-08-13 07:04:52
ORD-102655,CUST-1019,Tony Stark,Paris,Sports & Outdoors,Camping Tent,78.43,1,0.0,PayPal,COMPLETED,2025-08-30 14:50:04
ORD-102656,CUST-1017,Rachel Green,London,Books,Sci-Fi Novel,32.21,1,0.05,Credit Card,COMPLETED,2025-05-31 20:24:25
ORD-102657,CUST-1002,Charlie Brown,London,Electronics,Smartwatch,1114.44,1,0.0,UPI / Digital Wallet,COMPLETED,2025-11-12 14:11:16
ORD-102658,CUST-1004,Evan Wright,Paris,Books,History of Computing,27.54,4,0.1,UPI / Digital Wallet,COMPLETED,2025-05-10 07:38:39
ORD-102659,CUST-1004,Evan Wright,San Francisco,Home & Kitchen,Cookware Set,327.75,1,0.15,Debit Card,COMPLETED,2025-01-25 02:49:23
ORD-102660,CUST-1009,Julia Roberts,San Francisco,Home & Kitchen,Cookware Set,182.96,1,0.0,Debit Card,COMPLETED,2025-05-19 14:32:55
ORD-102661,CUST-1010,Kevin Bacon,Paris,Home & Kitchen,Toaster,80.07,5,0.25,PayPal,CANCELLED,2025-02-27 23:12:00
ORD-102662,CUST-1003,Diana Prince,New York,Electronics,Smartphone,1008.43,1,0.0,Credit Card,COMPLETED,2025-11-09 14:22:02
ORD-102663,CUST-1009,Julia Roberts,Mumbai,Clothing,Hooded Sweatshirt,118.41,5,0.1,Apple Pay,RETURNED,2025-11-13 12:26:57
ORD-102664,CUST-1013,Nora Jones,Mumbai,Sports & Outdoors,Yoga Mat,98.9,2,0.15,Debit Card,COMPLETED,2025-11-16 06:05:07
ORD-102665,CUST-1006,George Clark,Singapore,Clothing,Denim Jeans,142.86,2,0.15,Apple Pay,COMPLETED,2025-08-05 19:30:29
ORD-102666,CUST-1005,Fiona Gallagher,London,Home & Kitchen,Air Fryer,151.82,4,0.05,UPI / Digital Wallet,RETURNED,2025-07-28 18:44:02
ORD-102667,CUST-1002,Charlie Brown,Berlin,Books,Biography,41.83,1,0.25,UPI / Digital Wallet,COMPLETED,2025-09-17 00:46:16
ORD-102668,CUST-1008,Ian Malcolm,Mumbai,Electronics,Laptop,455.02,2,0.2,Apple Pay,COMPLETED,2025-08-05 14:29:40
ORD-102669,CUST-1004,Evan Wright,Mumbai,Electronics,Smartwatch,742.6,1,0.25,PayPal,RETURNED,2025-10-17 16:51:11
ORD-102670,CUST-1000,Alice Smith,Mumbai,Clothing,Cotton T-Shirt,91.75,4,0.05,UPI / Digital Wallet,COMPLETED,2025-10-12 02:34:23
ORD-102671,CUST-1012,Michael Scott,Tokyo,Electronics,Smartphone,896.08,1,0.1,Apple Pay,COMPLETED,2025-03-03 07:54:50
ORD-102672,CUST-1007,Hannah Abbott,San Francisco,Books,Biography,43.6,2,0.05,Debit Card,COMPLETED,2025-12-22 04:40:57
ORD-102673,CUST-1005,Fiona Gallagher,San Francisco,Home & Kitchen,Toaster,120.69,3,0.05,Apple Pay,COMPLETED,2025-04-13 04:34:22
ORD-102674,CUST-1013,Nora Jones,London,Books,History of Computing,30.65,1,0.15,PayPal,PENDING,2025-09-16 22:36:54
ORD-102675,CUST-1010,Kevin Bacon,Paris,Sports & Outdoors,Bicycle Helmet,24.43,2,0.1,Debit Card,COMPLETED,2025-06-12 05:21:41
ORD-102676,CUST-1013,Nora Jones,San Francisco,Electronics,Smartwatch,687.71,3,0.2,Apple Pay,PENDING,2025-04-27 17:42:23
ORD-102677,CUST-1017,Rachel Green,Toronto,Electronics,Smartwatch,956.94,4,0.1,PayPal,COMPLETED,2025-03-06 13:19:48
ORD-102678,CUST-1013,Nora Jones,Berlin,Clothing,Running Shoes,40.58,1,0.25,Apple Pay,COMPLETED,2025-10-24 19:34:32
ORD-102679,CUST-1011,Laura Croft,Berlin,Clothing,Running Shoes,33.54,2,0.25,Apple Pay,COMPLETED,2025-11-11 14:06:48
ORD-102680,CUST-1005,Fiona Gallagher,Singapore,Books,Biography,25.27,1,0.15,PayPal,COMPLETED,2025-03-11 11:25:38
ORD-102681,CUST-1015,Pam Beesly,London,Home & Kitchen,Espresso Machine,208.42,1,0.15,Credit Card,COMPLETED,2025-11-15 17:48:40
ORD-102682,CUST-1019,Tony Stark,San Francisco,Sports & Outdoors,Hiking Backpack,73.61,2,0.0,Apple Pay,COMPLETED,2025-11-15 03:29:35
ORD-102683,CUST-1010,Kevin Bacon,Tokyo,Home & Kitchen,Espresso Machine,310.94,1,0.25,Debit Card,PENDING,2025-04-21 22:17:27
ORD-102684,CUST-1017,Rachel Green,Paris,Electronics,4K Monitor,246.32,3,0.2,UPI / Digital Wallet,RETURNED,2025-01-05 05:40:18
ORD-102685,CUST-1013,Nora Jones,Mumbai,Home & Kitchen,Toaster,148.09,5,0.2,PayPal,COMPLETED,2025-03-19 09:56:06
ORD-102686,CUST-1000,Alice Smith,Sydney,Home & Kitchen,Toaster,175.79,5,0.1,Credit Card,RETURNED,2025-06-28 22:49:25
ORD-102687,CUST-1002,Charlie Brown,Singapore,Electronics,Bluetooth Speaker,620.46,1,0.15,UPI / Digital Wallet,COMPLETED,2025-12-10 17:29:42
ORD-102688,CUST-1019,Tony Stark,Paris,Sports & Outdoors,Dumbbell Set,63.67,1,0.25,Debit Card,COMPLETED,2025-01-05 19:48:37
ORD-102689,CUST-1000,Alice Smith,London,Electronics,Wireless Headphones,203.26,1,0.2,UPI / Digital Wallet,CANCELLED,2025-06-12 04:39:41
ORD-102690,CUST-1003,Diana Prince,Paris,Books,Data Engineering Handbook,29.69,1,0.2,Credit Card,COMPLETED,2025-12-07 23:10:27
ORD-102691,CUST-1001,Bob Jones,Sydney,Electronics,Smartphone,423.34,3,0.05,Debit Card,COMPLETED,2025-03-09 03:50:14
ORD-102692,CUST-1019,Tony Stark,Mumbai,Home & Kitchen,Vacuum Cleaner,125.1,1,0.1,PayPal,COMPLETED,2025-12-15 04:06:57
ORD-102693,CUST-1013,Nora Jones,Toronto,Home & Kitchen,Cookware Set,335.34,1,0.05,UPI / Digital Wallet,COMPLETED,2025-10-08 07:41:06
ORD-102694,CUST-1005,Fiona Gallagher,Paris,Sports & Outdoors,Hiking Backpack,151.44,1,0.05,Debit Card,COMPLETED,2025-10-18 20:50:48
ORD-102695,CUST-1004,Evan Wright,New York,Home & Kitchen,Toaster,177.71,1,0.25,PayPal,COMPLETED,2025-08-23 17:41:06
ORD-102696,CUST-1000,Alice Smith,London,Books,History of Computing,26.11,2,0.25,PayPal,COMPLETED,2025-05-31 05:23:17
ORD-102697,CUST-1004,Evan Wright,Tokyo,Sports & Outdoors,Hiking Backpack,97.81,2,0.05,Credit Card,COMPLETED,2025-01-11 20:45:13
ORD-102698,CUST-1010,Kevin Bacon,Toronto,Books,Sci-Fi Novel,15.21,1,0.0,UPI / Digital Wallet,COMPLETED,2025-03-15 17:40:10
ORD-102699,CUST-1008,Ian Malcolm,Sydney,Electronics,Smartphone,688.4,4,0.0,UPI / Digital Wallet,CANCELLED,2025-11-15 20:12:20
ORD-102700,CUST-1011,Laura Croft,Toronto,Clothing,Hooded Sweatshirt,110.13,2,0.05,Apple Pay,PENDING,2025-03-05 14:56:15
ORD-102701,CUST-1014,Oscar Martinez,London,Home & Kitchen,Toaster,145.93,1,0.2,Apple Pay,RETURNED,2025-01-05 18:20:32
ORD-102702,CUST-1011,,Mumbai,Sports & Outdoors,Dumbbell Set,213.02,2,0.2,Debit Card,COMPLETED,2025-07-18 18:34:45
ORD-102703,CUST-1019,Tony Stark,Tokyo,Home & Kitchen,Cookware Set,314.26,1,0.15,Credit Card,PENDING,2025-08-15 08:25:02
ORD-102704,CUST-1006,George Clark,New York,Clothing,Winter Jacket,141.1,3,0.15,Credit Card,COMPLETED,2025-04-09 10:56:18
ORD-102705,CUST-1013,Nora Jones,New York,Home & Kitchen,Air Fryer,89.63,1,0.1,Credit Card,PENDING,2025-06-19 21:49:17
ORD-102706,CUST-1016,Quentin Tarantino,London,Books,Biography,18.13,1,0.15,Credit Card,COMPLETED,2025-06-28 06:05:24
ORD-102707,CUST-1006,George Clark,Mumbai,Home & Kitchen,Toaster,102.21,2,0.25,Apple Pay,COMPLETED,2025-09-10 05:38:47
ORD-102708,CUST-1012,Michael Scott,Toronto,Sports & Outdoors,Camping Tent,249.99,1,0.05,PayPal,COMPLETED,2025-11-04 17:56:33
ORD-102709,CUST-1018,Steve Rogers,London,Books,Economics 101,29.31,3,0.2,Apple Pay,RETURNED,2025-11-09 07:48:01
ORD-102710,CUST-1005,Fiona Gallagher,Mumbai,Home & Kitchen,Espresso Machine,213.25,1,0.25,PayPal,CANCELLED,2025-08-29 15:32:14
ORD-102711,CUST-1018,Steve Rogers,San Francisco,Books,History of Computing,23.56,2,0.2,UPI / Digital Wallet,COMPLETED,2025-06-13 02:28:56
ORD-102712,CUST-1014,Oscar Martinez,Berlin,Books,History of Computing,37.36,1,0.1,PayPal,RETURNED,2025-08-28 23:23:40
ORD-102713,CUST-1014,Oscar Martinez,Toronto,Home & Kitchen,Air Fryer,265.75,1,0.1,Apple Pay,COMPLETED,2025-12-17 00:18:16
ORD-102714,CUST-1004,Evan Wright,Berlin,Electronics,4K Monitor,1150.42,1,0.15,Debit Card,COMPLETED,2025-02-13 20:06:09
ORD-102715,CUST-1017,Rachel Green,Paris,Electronics,Smartphone,81.04,3,0.1,Debit Card,RETURNED,2025-03-18 12:23:21
ORD-102716,CUST-1008,Ian Malcolm,Paris,Books,Biography,22.93,1,0.0,PayPal,COMPLETED,2025-07-19 04:50:24
ORD-102717,CUST-1003,Diana Prince,San Francisco,Electronics,Smartwatch,578.22,1,0.1,UPI / Digital Wallet,PENDING,2025-01-27 05:42:42
ORD-102718,CUST-1014,Oscar Martinez,San Francisco,Electronics,Smartphone,725.89,4,0.05,PayPal,COMPLETED,2025-08-07 14:57:33
ORD-102719,CUST-1014,Oscar Martinez,San Francisco,Clothing,Sneakers,138.94,1,0.05,Debit Card,COMPLETED,2025-05-06 04:42:55
ORD-102720,CUST-1007,Hannah Abbott,Toronto,Home & Kitchen,Blender,95.99,2,0.0,PayPal,CANCELLED,2025-04-21 00:10:06
ORD-102721,CUST-1008,Ian Malcolm,Paris,Electronics,Smartphone,910.43,2,0.0,Credit Card,COMPLETED,2025-11-17 13:59:47
ORD-102722,CUST-1004,Evan Wright,Tokyo,Electronics,Wireless Headphones,496.17,1,0.2,PayPal,COMPLETED,2025-07-09 17:13:09
ORD-102723,CUST-1007,Hannah Abbott,Paris,Books,Data Engineering Handbook,14.59,1,0.15,UPI / Digital Wallet,COMPLETED,2025-01-13 11:03:22
ORD-102724,CUST-1013,Nora Jones,Berlin,Electronics,Bluetooth Speaker,609.94,2,0.0,UPI / Digital Wallet,PENDING,2025-01-30 14:05:18
ORD-102725,CUST-1011,,San Francisco,Home & Kitchen,Cookware Set,189.1,1,0.0,Apple Pay,COMPLETED,2025-08-10 00:47:25
ORD-102726,CUST-1002,Charlie Brown,London,Books,Sci-Fi Novel,37.95,1,0.25,Credit Card,PENDING,2025-10-20 07:45:24
ORD-102727,CUST-1010,Kevin Bacon,Mumbai,Electronics,Laptop,438.5,2,0.25,UPI / Digital Wallet,CANCELLED,2025-02-17 13:07:57
ORD-102728,CUST-1017,Rachel Green,London,Clothing,Denim Jeans,63.77,1,0.2,Credit Card,PENDING,2025-06-25 07:23:56
ORD-102729,CUST-1004,Evan Wright,Paris,Electronics,Laptop,379.48,2,0.2,Debit Card,RETURNED,2025-08-07 13:05:22
ORD-102730,CUST-1013,Nora Jones,London,Sports & Outdoors,Hiking Backpack,150.11,1,0.05,UPI / Digital Wallet,COMPLETED,2025-12-10 10:20:06
ORD-102731,CUST-1014,Oscar Martinez,Paris,Home & Kitchen,Toaster,88.67,2,0.2,Apple Pay,PENDING,2025-05-11 04:22:17
ORD-102732,CUST-1012,Michael Scott,San Francisco,Sports & Outdoors,Water Bottle,149.45,1,0.15,Apple Pay,COMPLETED,2025-09-09 14:59:11
ORD-102733,CUST-1013,Nora Jones,New York,Clothing,Cotton T-Shirt,140.44,2,0.25,Credit Card,PENDING,2025-09-02 21:24:29
ORD-102734,CUST-1000,Alice Smith,New York,Electronics,Smartphone,884.22,2,0.2,PayPal,CANCELLED,2025-09-13 15:41:47
ORD-102735,CUST-1008,Ian Malcolm,Mumbai,Books,Biography,41.47,1,0.05,Apple Pay,COMPLETED,2025-10-18 00:44:56
ORD-102736,CUST-1019,Tony Stark,Berlin,Sports & Outdoors,Yoga Mat,113.04,2,0.15,UPI / Digital Wallet,RETURNED,2025-01-04 03:07:10
ORD-102737,CUST-1013,Nora Jones,Mumbai,Sports & Outdoors,Dumbbell Set,146.14,1,0.1,Apple Pay,COMPLETED,2025-03-15 21:24:51
ORD-102738,CUST-1001,Bob Jones,Tokyo,Home & Kitchen,Espresso Machine,94.31,1,0.0,Credit Card,CANCELLED,2025-12-31 00:07:20
ORD-102739,CUST-1016,Quentin Tarantino,Tokyo,Sports & Outdoors,Yoga Mat,142.25,1,0.05,PayPal,COMPLETED,2025-01-01 20:00:45
ORD-102740,CUST-1002,Charlie Brown,Tokyo,Home & Kitchen,Toaster,323.65,1,0.25,Debit Card,PENDING,2025-08-24 19:01:55
ORD-102741,CUST-1000,Alice Smith,San Francisco,Home & Kitchen,Toaster,55.64,1,0.1,Credit Card,COMPLETED,2025-12-30 10:51:57
ORD-102742,CUST-1001,Bob Jones,Paris,Sports & Outdoors,Water Bottle,53.99,1,0.1,Apple Pay,CANCELLED,2025-05-27 02:51:20
ORD-102743,CUST-1008,Ian Malcolm,Tokyo,Clothing,Cotton T-Shirt,87.64,3,0.0,UPI / Digital Wallet,RETURNED,2025-10-10 11:16:16
ORD-102744,CUST-1019,Tony Stark,Berlin,Sports & Outdoors,Bicycle Helmet,246.72,2,0.25,UPI / Digital Wallet,COMPLETED,2025-05-20 00:02:53
ORD-102745,CUST-1000,Alice Smith,New York,Sports & Outdoors,Water Bottle,103.91,1,0.0,PayPal,CANCELLED,2025-07-23 01:32:49
ORD-102746,CUST-1016,Quentin Tarantino,Paris,Books,History of Computing,13.33,1,0.1,Apple Pay,COMPLETED,2025-08-03 19:48:51
ORD-102747,CUST-1008,Ian Malcolm,Singapore,Sports & Outdoors,Bicycle Helmet,194.08,2,0.05,Credit Card,COMPLETED,2025-05-07 09:00:00
ORD-102748,CUST-1007,Hannah Abbott,London,Clothing,Running Shoes,108.15,1,0.15,Debit Card,RETURNED,2025-03-19 08:44:23
ORD-102749,CUST-1005,Fiona Gallagher,Tokyo,Sports & Outdoors,Water Bottle,168.02,1,0.2,Apple Pay,RETURNED,2025-07-29 07:20:01
ORD-102750,CUST-1009,Julia Roberts,Mumbai,Home & Kitchen,Air Fryer,60.63,1,0.05,Debit Card,COMPLETED,2025-05-08 14:42:05
ORD-102751,CUST-1016,Quentin Tarantino,Berlin,Clothing,Denim Jeans,91.54,2,0.0,Debit Card,RETURNED,2025-07-05 14:05:58
ORD-102752,CUST-1014,Oscar Martinez,Sydney,Clothing,Hooded Sweatshirt,125.63,2,0.15,UPI / Digital Wallet,COMPLETED,2025-03-23 19:11:25
ORD-102753,CUST-1011,Laura Croft,Sydney,Clothing,Sneakers,37.11,-1,0.2,Credit Card,RETURNED,2025-07-06 05:32:07
ORD-102754,CUST-1019,Tony Stark,Toronto,Books,Data Engineering Handbook,32.29,-1,0.25,Debit Card,COMPLETED,2025-09-29 19:09:50
ORD-102755,CUST-1018,Steve Rogers,Paris,Books,Data Engineering Handbook,25.23,1,0.0,Debit Card,PENDING,2025-12-11 06:18:30
ORD-102756,CUST-1000,Alice Smith,Berlin,Books,Biography,32.17,2,0.05,PayPal,CANCELLED,2025-07-25 18:12:18
ORD-102757,CUST-1017,Rachel Green,Sydney,Sports & Outdoors,Camping Tent,224.2,1,0.05,Credit Card,COMPLETED,2025-09-28 18:30:02
ORD-102758,CUST-1004,Evan Wright,Berlin,Clothing,Cotton T-Shirt,142.1,1,0.15,Apple Pay,COMPLETED,2025-11-08 01:24:21
ORD-102759,CUST-1009,Julia Roberts,Paris,Sports & Outdoors,Hiking Backpack,160.9,1,0.25,Apple Pay,COMPLETED,2025-03-01 19:46:17
ORD-102760,CUST-1015,Pam Beesly,Singapore,Sports & Outdoors,Dumbbell Set,170.47,1,0.15,Credit Card,COMPLETED,2025-06-24 06:30:49
ORD-102761,CUST-1001,Bob Jones,Berlin,Sports & Outdoors,Camping Tent,57.28,3,0.05,PayPal,COMPLETED,2025-04-09 07:57:35
ORD-102762,CUST-1019,Tony Stark,Singapore,Sports & Outdoors,Yoga Mat,21.2,1,0.0,PayPal,COMPLETED,2025-10-08 00:01:39
ORD-102763,CUST-1000,Alice Smith,Toronto,Books,Biography,39.34,1,0.25,Apple Pay,CANCELLED,2025-10-31 10:28:10
ORD-102764,CUST-1014,Oscar Martinez,Toronto,Electronics,4K Monitor,839.45,2,0.2,Debit Card,COMPLETED,2025-01-01 12:14:53
ORD-102765,CUST-1005,Fiona Gallagher,Singapore,Home & Kitchen,Vacuum Cleaner,303.45,2,0.1,Apple Pay,COMPLETED,2025-10-13 06:50:33
ORD-102766,CUST-1009,Julia Roberts,Mumbai,Clothing,Running Shoes,90.61,1,0.25,Apple Pay,COMPLETED,2025-07-28 17:48:20
ORD-102767,CUST-1016,Quentin Tarantino,Singapore,Books,Biography,13.58,1,0.05,PayPal,COMPLETED,2025-06-18 19:09:52
ORD-102768,CUST-1010,Kevin Bacon,New York,Home & Kitchen,Toaster,32.16,3,0.05,Credit Card,COMPLETED,2025-03-12 14:38:29
ORD-102769,CUST-1018,Steve Rogers,Berlin,Clothing,Winter Jacket,105.36,2,0.25,Credit Card,COMPLETED,2025-07-31 09:05:44
ORD-102770,CUST-1015,Pam Beesly,San Francisco,Home & Kitchen,Cookware Set,177.51,5,0.25,Apple Pay,PENDING,2025-08-24 06:43:13
ORD-102771,CUST-1000,Alice Smith,San Francisco,Home & Kitchen,Toaster,239.33,1,0.25,Apple Pay,COMPLETED,2025-10-16 11:18:59
ORD-102772,CUST-1001,,Berlin,Sports & Outdoors,Bicycle Helmet,18.69,2,0.25,Apple Pay,PENDING,2025-05-02 04:37:54
ORD-102773,CUST-1014,Oscar Martinez,Toronto,Clothing,Winter Jacket,31.63,1,0.0,Apple Pay,COMPLETED,2025-11-24 17:16:31
ORD-102774,CUST-1018,Steve Rogers,New York,Sports & Outdoors,Dumbbell Set,108.53,1,0.0,Credit Card,COMPLETED,2025-11-08 18:27:27
ORD-102775,CUST-1009,Julia Roberts,Sydney,Electronics,Laptop,606.97,1,0.25,Credit Card,CANCELLED,2025-02-12 13:13:41
ORD-102776,CUST-1003,Diana Prince,Mumbai,Home & Kitchen,Vacuum Cleaner,279.49,2,0.05,Debit Card,COMPLETED,2025-06-26 13:29:36
ORD-102777,CUST-1016,Quentin Tarantino,Toronto,Books,Cookbook,44.61,2,0.15,Credit Card,COMPLETED,2025-06-26 15:44:19
ORD-102778,CUST-1008,Ian Malcolm,London,Electronics,4K Monitor,128.32,1,0.1,PayPal,COMPLETED,2025-04-06 18:33:54
ORD-102779,CUST-1002,Charlie Brown,San Francisco,Sports & Outdoors,Yoga Mat,242.69,1,0.0,Apple Pay,COMPLETED,2025-07-03 04:12:28
ORD-102780,CUST-1019,Tony Stark,Toronto,Home & Kitchen,Air Fryer,259.03,2,0.05,PayPal,COMPLETED,2025-08-16 09:18:37
ORD-102781,CUST-1005,Fiona Gallagher,Singapore,Books,Economics 101,35.82,2,0.05,Credit Card,PENDING,2025-02-09 17:27:15
ORD-102782,CUST-1005,Fiona Gallagher,London,Home & Kitchen,Espresso Machine,208.73,1,0.25,PayPal,COMPLETED,2025-08-17 10:46:22
ORD-102783,CUST-1011,Laura Croft,Sydney,Clothing,Cotton T-Shirt,77.93,5,0.1,UPI / Digital Wallet,COMPLETED,2025-08-03 04:16:16
ORD-102784,CUST-1014,Oscar Martinez,New York,Sports & Outdoors,Camping Tent,125.85,1,0.0,Apple Pay,COMPLETED,2025-08-17 03:19:52
ORD-102785,CUST-1008,Ian Malcolm,,Sports & Outdoors,Dumbbell Set,179.24,1,0.2,Credit Card,PENDING,2025-03-19 19:52:29
ORD-102786,CUST-1006,George Clark,Paris,Books,History of Computing,11.51,2,0.0,Debit Card,CANCELLED,2025-10-11 14:54:19
ORD-102787,CUST-1001,Bob Jones,Berlin,Clothing,Sneakers,134.71,4,0.2,PayPal,PENDING,2025-06-29 21:11:25
ORD-102788,CUST-1006,George Clark,Berlin,Books,Biography,8.34,1,0.0,Credit Card,COMPLETED,2025-05-11 19:59:54
ORD-102789,CUST-1019,Tony Stark,Paris,Electronics,Laptop,637.07,4,0.1,PayPal,COMPLETED,2025-04-14 05:04:04
ORD-102790,CUST-1000,Alice Smith,Mumbai,Books,Cookbook,34.13,2,0.2,Debit Card,COMPLETED,2025-04-06 09:29:43
ORD-102791,CUST-1003,Diana Prince,New York,Books,Cookbook,29.48,1,0.25,UPI / Digital Wallet,COMPLETED,2025-10-29 03:51:54
ORD-102792,CUST-1019,Tony Stark,Paris,Books,Sci-Fi Novel,21.3,1,0.25,Credit Card,COMPLETED,2025-08-02 04:29:55
ORD-102793,CUST-1002,Charlie Brown,Berlin,Clothing,Running Shoes,83.57,2,0.1,PayPal,CANCELLED,2025-11-02 01:08:44
ORD-102794,CUST-1018,Steve Rogers,Tokyo,Sports & Outdoors,Bicycle Helmet,72.28,2,0.2,PayPal,CANCELLED,2025-08-29 07:29:25
ORD-102795,CUST-1009,Julia Roberts,Toronto,Books,Data Engineering Handbook,19.91,4,0.15,PayPal,COMPLETED,2025-06-30 19:54:38
ORD-102796,CUST-1017,Rachel Green,Sydney,Electronics,4K Monitor,61.04,1,0.25,UPI / Digital Wallet,COMPLETED,2025-05-07 09:28:01
ORD-102797,CUST-1010,Kevin Bacon,Singapore,Home & Kitchen,Toaster,184.24,1,0.1,Credit Card,CANCELLED,2025-09-01 11:28:35
ORD-102798,CUST-1015,Pam Beesly,Sydney,Books,Economics 101,28.17,3,0.2,Apple Pay,COMPLETED,2025-12-25 05:20:10
ORD-102799,CUST-1010,Kevin Bacon,Berlin,Books,History of Computing,35.88,1,0.1,UPI / Digital Wallet,PENDING,2025-02-28 14:47:34
ORD-102800,CUST-1011,Laura Croft,London,Electronics,Wireless Headphones,116.15,1,0.0,Debit Card,COMPLETED,2025-06-12 00:20:10
ORD-102801,CUST-1014,Oscar Martinez,Sydney,Books,Economics 101,43.16,3,0.25,PayPal,COMPLETED,2025-05-14 21:07:30
ORD-102802,CUST-1016,Quentin Tarantino,Sydney,Home & Kitchen,Vacuum Cleaner,304.14,2,0.0,Apple Pay,COMPLETED,2025-11-04 07:03:42
ORD-102803,CUST-1002,Charlie Brown,San Francisco,Clothing,Denim Jeans,82.86,1,0.15,Credit Card,COMPLETED,2025-05-31 03:28:42
ORD-102804,CUST-1013,Nora Jones,Tokyo,Home & Kitchen,Cookware Set,131.71,2,0.15,Debit Card,PENDING,2025-07-02 21:57:19
ORD-102805,CUST-1001,Bob Jones,Singapore,Sports & Outdoors,Yoga Mat,53.94,1,0.1,Debit Card,CANCELLED,2025-06-16 23:37:17
ORD-102806,CUST-1000,Alice Smith,Tokyo,Sports & Outdoors,Camping Tent,34.17,3,0.15,PayPal,COMPLETED,2025-08-13 23:52:20
ORD-102807,CUST-1007,Hannah Abbott,Tokyo,Sports & Outdoors,Water Bottle,144.76,2,0.25,PayPal,COMPLETED,2025-10-01 06:05:58
ORD-102808,CUST-1015,Pam Beesly,Singapore,Electronics,Wireless Headphones,442.54,3,0.15,PayPal,COMPLETED,2025-06-02 06:09:15
ORD-102809,CUST-1017,Rachel Green,Singapore,Clothing,Running Shoes,56.17,4,0.15,Debit Card,CANCELLED,2025-05-17 06:08:01
ORD-102810,CUST-1001,Bob Jones,Mumbai,Books,History of Computing,35.25,2,0.25,Apple Pay,RETURNED,2025-01-14 16:16:01
ORD-102811,CUST-1012,Michael Scott,London,Sports & Outdoors,Camping Tent,134.79,1,0.1,Apple Pay,COMPLETED,2025-09-22 02:09:00
ORD-102812,CUST-1015,Pam Beesly,Paris,Books,Data Engineering Handbook,34.05,3,0.1,Credit Card,COMPLETED,2025-11-30 08:24:58
ORD-102813,CUST-1014,Oscar Martinez,New York,Books,Cookbook,31.71,1,0.25,Debit Card,CANCELLED,2025-03-27 15:23:22
ORD-102814,CUST-1010,Kevin Bacon,Paris,Sports & Outdoors,Bicycle Helmet,16.53,2,0.0,PayPal,COMPLETED,2025-07-28 23:27:56
ORD-102815,CUST-1000,Alice Smith,Tokyo,Sports & Outdoors,Water Bottle,56.62,2,0.05,PayPal,COMPLETED,2025-06-04 17:29:55
ORD-102816,CUST-1016,Quentin Tarantino,Toronto,Home & Kitchen,Vacuum Cleaner,190.41,2,0.1,PayPal,COMPLETED,2025-10-20 10:44:16
ORD-102817,CUST-1018,Steve Rogers,San Francisco,Books,Biography,10.12,1,0.15,Apple Pay,COMPLETED,2025-04-23 09:06:07
ORD-102818,CUST-1018,Steve Rogers,Berlin,Sports & Outdoors,Dumbbell Set,145.4,1,0.1,PayPal,RETURNED,2025-10-05 11:18:39
ORD-102819,CUST-1010,Kevin Bacon,London,Electronics,Smartphone,1155.16,3,0.2,Apple Pay,COMPLETED,2025-07-10 14:00:19
ORD-102820,CUST-1009,Julia Roberts,Tokyo,Books,Data Engineering Handbook,16.93,1,0.05,Credit Card,RETURNED,2025-05-15 15:47:15
ORD-102821,CUST-1000,Alice Smith,Sydney,Clothing,Running Shoes,58.42,1,0.2,Debit Card,CANCELLED,2025-12-13 00:28:11
ORD-102822,CUST-1003,Diana Prince,Sydney,Electronics,Smartphone,332.29,1,0.2,UPI / Digital Wallet,COMPLETED,2025-01-24 14:59:50
ORD-102823,CUST-1017,Rachel Green,Toronto,Home & Kitchen,Air Fryer,325.56,3,0.0,Apple Pay,PENDING,2025-12-29 10:58:39
ORD-102824,CUST-1004,Evan Wright,Mumbai,Clothing,Denim Jeans,90.53,3,0.1,PayPal,COMPLETED,2025-05-26 18:17:12
ORD-102825,CUST-1003,Diana Prince,Singapore,Home & Kitchen,Espresso Machine,63.97,2,0.25,Credit Card,COMPLETED,2025-06-01 19:38:14
ORD-102826,CUST-1012,Michael Scott,Sydney,Clothing,Cotton T-Shirt,72.07,4,0.1,Debit Card,RETURNED,2025-02-02 09:52:25
ORD-102827,CUST-1001,Bob Jones,Sydney,Books,Sci-Fi Novel,31.68,4,0.0,Apple Pay,COMPLETED,2025-04-10 04:58:31
ORD-102828,CUST-1014,Oscar Martinez,,Sports & Outdoors,Camping Tent,109.96,1,0.25,UPI / Digital Wallet,RETURNED,2025-03-10 07:20:57
ORD-102829,CUST-1003,Diana Prince,Toronto,Books,Biography,30.02,1,0.05,Credit Card,CANCELLED,2025-09-27 07:14:03
ORD-102830,CUST-1012,Michael Scott,Tokyo,Clothing,Hooded Sweatshirt,69.79,2,0.05,Credit Card,RETURNED,2025-07-20 10:06:44
ORD-102831,CUST-1016,Quentin Tarantino,Sydney,Books,Sci-Fi Novel,29.38,3,0.15,PayPal,COMPLETED,2025-02-18 12:34:40
ORD-102832,CUST-1015,Pam Beesly,Singapore,Books,Biography,22.44,2,0.1,Debit Card,COMPLETED,2025-12-24 23:34:04
ORD-102833,CUST-1016,Quentin Tarantino,Paris,Books,Biography,41.7,3,0.0,Apple Pay,COMPLETED,2025-10-03 19:44:26
ORD-102834,CUST-1007,Hannah Abbott,Tokyo,Books,Biography,24.96,2,0.25,UPI / Digital Wallet,COMPLETED,2025-02-08 04:40:48
ORD-102835,CUST-1017,Rachel Green,Berlin,Books,Sci-Fi Novel,25.32,4,0.25,PayPal,COMPLETED,2025-03-17 05:10:08
ORD-102836,CUST-1004,Evan Wright,Sydney,Sports & Outdoors,Dumbbell Set,196.33,3,0.05,UPI / Digital Wallet,COMPLETED,2025-12-26 16:48:21
ORD-102837,CUST-1010,,London,Home & Kitchen,Cookware Set,248.8,2,0.2,UPI / Digital Wallet,COMPLETED,2025-12-15 15:13:54
ORD-102838,CUST-1017,Rachel Green,Tokyo,Electronics,Laptop,142.11,4,0.1,Credit Card,CANCELLED,2025-09-13 18:50:41
ORD-102839,CUST-1016,,Sydney,Home & Kitchen,Cookware Set,256.98,4,0.1,Apple Pay,COMPLETED,2025-08-05 05:37:10
ORD-102840,CUST-1008,Ian Malcolm,Toronto,Books,Economics 101,12.67,1,0.15,UPI / Digital Wallet,COMPLETED,2025-09-22 00:12:52
ORD-102841,CUST-1001,Bob Jones,San Francisco,Sports & Outdoors,Yoga Mat,77.31,1,0.2,PayPal,RETURNED,2025-06-12 14:20:17
ORD-102842,CUST-1018,Steve Rogers,Tokyo,Books,Sci-Fi Novel,29.78,4,0.05,Debit Card,COMPLETED,2025-05-26 18:59:21
ORD-102843,CUST-1009,Julia Roberts,London,Electronics,4K Monitor,1058.46,2,0.0,Credit Card,PENDING,2025-01-21 00:25:10
ORD-102844,CUST-1008,Ian Malcolm,Sydney,Clothing,Hooded Sweatshirt,127.03,2,0.1,Credit Card,COMPLETED,2025-12-29 23:56:16
ORD-102845,CUST-1019,Tony Stark,Sydney,Sports & Outdoors,Water Bottle,204.15,2,0.2,PayPal,COMPLETED,2025-05-10 09:23:50
ORD-102846,CUST-1003,Diana Prince,Paris,Home & Kitchen,Cookware Set,190.06,1,0.0,Debit Card,COMPLETED,2025-07-10 18:03:17
ORD-102847,CUST-1010,Kevin Bacon,London,Books,Biography,37.93,1,0.0,Apple Pay,PENDING,2025-01-14 18:08:44
ORD-102848,CUST-1002,Charlie Brown,Paris,Electronics,Smartwatch,131.69,2,0.05,Debit Card,PENDING,2025-03-11 12:27:18
ORD-102849,CUST-1005,Fiona Gallagher,Toronto,Clothing,Cotton T-Shirt,97.66,3,0.2,Credit Card,PENDING,2025-07-14 13:59:48
ORD-102850,CUST-1000,Alice Smith,Toronto,Home & Kitchen,Espresso Machine,190.21,2,0.2,Credit Card,COMPLETED,2025-12-16 07:24:51
ORD-102851,CUST-1006,George Clark,Berlin,Clothing,Cotton T-Shirt,136.84,1,0.1,Apple Pay,COMPLETED,2025-01-26 01:01:05
ORD-102852,CUST-1005,Fiona Gallagher,Mumbai,Sports & Outdoors,Bicycle Helmet,16.41,1,0.2,Credit Card,COMPLETED,2025-03-16 04:16:06
ORD-102853,CUST-1018,Steve Rogers,Mumbai,Sports & Outdoors,Hiking Backpack,225.62,4,0.15,PayPal,COMPLETED,2025-05-04 08:35:21
ORD-102854,CUST-1015,Pam Beesly,London,Books,Cookbook,10.49,1,0.1,Credit Card,CANCELLED,2025-06-21 08:18:02
ORD-102855,CUST-1002,Charlie Brown,London,Electronics,Smartphone,1100.11,1,0.25,PayPal,COMPLETED,2025-03-19 04:08:58
ORD-102856,CUST-1006,George Clark,London,Books,History of Computing,16.83,2,0.25,Credit Card,COMPLETED,2025-03-22 20:04:56
ORD-102857,CUST-1017,Rachel Green,Sydney,Home & Kitchen,Blender,175.48,2,0.05,Credit Card,COMPLETED,2025-01-15 12:06:03
ORD-102858,CUST-1009,Julia Roberts,Paris,Electronics,Wireless Headphones,578.92,1,0.0,Credit Card,COMPLETED,2025-06-07 19:52:52
ORD-102859,CUST-1011,Laura Croft,San Francisco,Clothing,Cotton T-Shirt,75.35,4,0.1,UPI / Digital Wallet,COMPLETED,2025-12-04 00:17:50
ORD-102860,CUST-1011,Laura Croft,Berlin,Books,History of Computing,27.89,1,0.0,UPI / Digital Wallet,RETURNED,2025-12-12 02:01:00
ORD-102861,CUST-1006,George Clark,Mumbai,Home & Kitchen,Espresso Machine,44.66,2,0.25,PayPal,COMPLETED,2025-01-08 20:47:38
ORD-102862,CUST-1014,Oscar Martinez,New York,Books,Biography,39.59,1,0.05,Credit Card,PENDING,2025-01-28 22:20:54
ORD-102863,CUST-1010,Kevin Bacon,Toronto,Clothing,Denim Jeans,16.67,2,0.2,UPI / Digital Wallet,COMPLETED,2025-03-13 03:07:45
ORD-102864,CUST-1006,George Clark,Berlin,Books,Data Engineering Handbook,37.84,3,0.2,PayPal,RETURNED,2025-05-13 21:24:39
ORD-102865,CUST-1008,Ian Malcolm,Mumbai,Home & Kitchen,Air Fryer,324.82,1,0.1,PayPal,COMPLETED,2025-02-06 03:47:08
ORD-102866,CUST-1015,Pam Beesly,New York,Electronics,Smartwatch,1194.96,3,0.15,Credit Card,COMPLETED,2025-12-30 14:37:03
ORD-102867,CUST-1004,Evan Wright,Toronto,Electronics,Laptop,68.26,1,0.0,Apple Pay,PENDING,2025-06-15 03:32:53
ORD-102868,CUST-1014,Oscar Martinez,Toronto,Home & Kitchen,Blender,240.87,3,0.05,PayPal,PENDING,2025-06-17 21:43:50
ORD-102869,CUST-1004,Evan Wright,Tokyo,Sports & Outdoors,Yoga Mat,127.44,1,0.15,Apple Pay,COMPLETED,2025-01-16 20:07:02
ORD-102870,CUST-1006,George Clark,New York,Clothing,Denim Jeans,96.41,2,0.05,Debit Card,COMPLETED,2025-10-13 08:55:05
ORD-102871,CUST-1018,Steve Rogers,Berlin,Home & Kitchen,Blender,233.19,2,0.25,PayPal,COMPLETED,2025-01-06 07:14:38
ORD-102872,CUST-1017,Rachel Green,Paris,Sports & Outdoors,Hiking Backpack,55.79,1,0.0,Debit Card,CANCELLED,2025-10-01 09:15:23
ORD-102873,CUST-1013,Nora Jones,New York,Clothing,Running Shoes,58.61,3,0.0,Apple Pay,COMPLETED,2025-10-06 11:04:32
ORD-102874,CUST-1016,Quentin Tarantino,Singapore,Books,Biography,35.68,1,0.2,Debit Card,RETURNED,2025-09-05 06:15:59
ORD-102875,CUST-1015,Pam Beesly,Toronto,Clothing,Running Shoes,118.28,1,0.2,Debit Card,RETURNED,2025-09-21 03:27:57
ORD-102876,CUST-1001,Bob Jones,Berlin,Home & Kitchen,Blender,234.02,1,0.1,PayPal,COMPLETED,2025-05-01 12:22:20
ORD-102877,CUST-1001,Bob Jones,Tokyo,Clothing,Winter Jacket,140.6,1,0.0,Apple Pay,COMPLETED,2025-09-03 13:36:01
ORD-102878,CUST-1018,Steve Rogers,Mumbai,Clothing,Hooded Sweatshirt,73.89,4,0.0,Debit Card,COMPLETED,2025-03-17 05:40:46
ORD-102879,CUST-1002,Charlie Brown,San Francisco,Sports & Outdoors,Bicycle Helmet,139.37,2,0.15,PayPal,PENDING,2025-06-19 19:16:17
ORD-102880,CUST-1006,George Clark,New York,Electronics,4K Monitor,828.37,1,0.1,Apple Pay,CANCELLED,2025-09-24 21:46:19
ORD-102881,CUST-1014,Oscar Martinez,Sydney,Books,Cookbook,37.66,2,0.2,Debit Card,COMPLETED,2025-03-02 05:43:22
ORD-102882,CUST-1000,Alice Smith,New York,Home & Kitchen,Toaster,69.27,1,0.05,Apple Pay,COMPLETED,2025-10-18 10:16:14
ORD-102883,CUST-1012,Michael Scott,Singapore,Electronics,Smartphone,1185.54,2,0.1,Debit Card,CANCELLED,2025-05-17 14:36:43
ORD-102884,CUST-1013,Nora Jones,London,Home & Kitchen,Vacuum Cleaner,250.98,4,0.05,PayPal,CANCELLED,2025-03-15 00:17:44
ORD-102885,CUST-1006,George Clark,Toronto,Home & Kitchen,Toaster,272.72,1,0.2,UPI / Digital Wallet,PENDING,2025-06-10 10:30:48
ORD-102886,CUST-1005,Fiona Gallagher,Tokyo,Sports & Outdoors,Yoga Mat,162.14,1,0.0,Credit Card,PENDING,2025-11-18 05:12:31
ORD-102887,CUST-1013,Nora Jones,Paris,Home & Kitchen,Cookware Set,248.04,2,0.0,Credit Card,RETURNED,2025-07-08 14:43:04
ORD-102888,CUST-1016,Quentin Tarantino,Toronto,Clothing,Running Shoes,29.09,2,0.05,Apple Pay,COMPLETED,2025-11-29 09:12:55
ORD-102889,CUST-1016,Quentin Tarantino,Mumbai,Sports & Outdoors,Water Bottle,70.22,3,0.2,Apple Pay,RETURNED,2025-04-06 03:23:56
ORD-102890,CUST-1006,George Clark,Paris,Home & Kitchen,Blender,209.7,1,0.15,Credit Card,RETURNED,2025-10-15 03:50:10
ORD-102891,CUST-1004,Evan Wright,Tokyo,Electronics,Smartphone,833.11,2,0.15,Credit Card,COMPLETED,2025-11-15 08:33:11
ORD-102892,CUST-1007,Hannah Abbott,Tokyo,Sports & Outdoors,Camping Tent,181.21,5,0.0,Apple Pay,COMPLETED,2025-07-24 05:14:18
ORD-102893,CUST-1003,Diana Prince,Sydney,Sports & Outdoors,Yoga Mat,131.93,2,0.1,Apple Pay,PENDING,2025-04-26 18:20:39
ORD-102894,CUST-1000,Alice Smith,,Clothing,Winter Jacket,26.39,3,0.25,Credit Card,COMPLETED,2025-01-14 22:35:51
ORD-102895,CUST-1010,Kevin Bacon,New York,Clothing,Hooded Sweatshirt,77.11,4,0.05,PayPal,CANCELLED,2025-03-01 00:46:30
ORD-102896,CUST-1010,Kevin Bacon,Mumbai,Books,Data Engineering Handbook,27.1,1,0.05,PayPal,COMPLETED,2025-10-24 03:13:22
ORD-102897,CUST-1013,Nora Jones,Mumbai,Sports & Outdoors,Hiking Backpack,121.46,1,0.05,UPI / Digital Wallet,COMPLETED,2025-12-24 17:48:46
ORD-102898,CUST-1011,Laura Croft,Tokyo,Sports & Outdoors,Bicycle Helmet,138.74,1,0.0,Apple Pay,COMPLETED,2025-07-17 04:28:58
ORD-102899,CUST-1007,Hannah Abbott,Mumbai,Clothing,Cotton T-Shirt,22.09,1,0.0,Apple Pay,COMPLETED,2025-02-22 10:49:09
ORD-102900,CUST-1016,Quentin Tarantino,Paris,Electronics,Laptop,947.84,1,0.1,Debit Card,RETURNED,2025-08-01 06:52:13
ORD-102901,CUST-1012,Michael Scott,London,Books,Biography,16.68,1,0.0,PayPal,COMPLETED,2025-05-04 16:50:18
ORD-102902,CUST-1006,George Clark,,Books,Economics 101,39.65,2,0.25,Apple Pay,RETURNED,2025-08-09 16:37:16
ORD-102903,CUST-1016,Quentin Tarantino,San Francisco,Home & Kitchen,Vacuum Cleaner,227.98,-1,0.1,Debit Card,CANCELLED,2025-04-04 08:54:05
ORD-102904,CUST-1006,George Clark,San Francisco,Clothing,Running Shoes,35.33,1,0.2,PayPal,COMPLETED,2025-03-07 03:52:43
ORD-102905,CUST-1015,Pam Beesly,San Francisco,Electronics,Laptop,322.61,3,0.25,UPI / Digital Wallet,CANCELLED,2025-11-20 22:22:04
ORD-102906,CUST-1018,Steve Rogers,Berlin,Home & Kitchen,Espresso Machine,60.71,2,0.25,UPI / Digital Wallet,RETURNED,2025-02-15 12:19:29
ORD-102907,CUST-1007,Hannah Abbott,Paris,Clothing,Denim Jeans,121.06,1,0.2,PayPal,CANCELLED,2025-03-22 23:03:13
ORD-102908,CUST-1006,George Clark,San Francisco,Electronics,Wireless Headphones,262.97,5,0.25,Apple Pay,COMPLETED,2025-09-26 06:19:53
ORD-102909,CUST-1006,George Clark,Mumbai,Sports & Outdoors,Bicycle Helmet,140.21,2,0.2,Credit Card,PENDING,2025-05-09 01:43:48
ORD-102910,CUST-1008,,London,Clothing,Sneakers,108.21,1,0.25,Apple Pay,COMPLETED,2025-05-02 02:04:07
ORD-102911,CUST-1000,Alice Smith,Paris,Books,Data Engineering Handbook,16.7,2,0.0,Apple Pay,COMPLETED,2025-06-10 15:37:43
ORD-102912,CUST-1006,George Clark,Toronto,Books,Economics 101,43.97,2,0.25,Credit Card,COMPLETED,2025-10-04 18:20:37
ORD-102913,CUST-1009,Julia Roberts,San Francisco,Books,Economics 101,28.71,5,0.15,Credit Card,COMPLETED,2025-07-05 07:04:05
ORD-102914,CUST-1009,Julia Roberts,Sydney,Home & Kitchen,Vacuum Cleaner,153.79,1,0.0,Debit Card,COMPLETED,2025-03-11 08:51:15
ORD-102915,CUST-1019,Tony Stark,Tokyo,Clothing,Hooded Sweatshirt,107.62,2,0.15,PayPal,RETURNED,2025-02-04 21:17:20
ORD-102916,CUST-1012,Michael Scott,New York,Books,Data Engineering Handbook,38.44,4,0.1,Debit Card,COMPLETED,2025-03-30 12:17:24
ORD-102917,CUST-1015,Pam Beesly,Singapore,Sports & Outdoors,Camping Tent,120.61,-1,0.05,Debit Card,COMPLETED,2025-06-02 08:53:13
ORD-102918,CUST-1002,Charlie Brown,Paris,Sports & Outdoors,Bicycle Helmet,104.54,2,0.0,Apple Pay,COMPLETED,2025-04-01 00:53:57
ORD-102919,CUST-1003,Diana Prince,Mumbai,Books,Economics 101,40.04,1,0.25,Apple Pay,RETURNED,2025-10-12 18:11:07
ORD-102920,CUST-1012,Michael Scott,San Francisco,Books,Sci-Fi Novel,22.26,1,0.25,Apple Pay,COMPLETED,2025-07-04 04:28:03
ORD-102921,CUST-1005,Fiona Gallagher,New York,Clothing,Cotton T-Shirt,100.18,1,0.0,UPI / Digital Wallet,COMPLETED,2025-01-13 18:26:07
ORD-102922,CUST-1004,Evan Wright,,Sports & Outdoors,Water Bottle,180.77,1,0.15,PayPal,COMPLETED,2025-05-25 07:57:47
ORD-102923,CUST-1010,Kevin Bacon,San Francisco,Home & Kitchen,Espresso Machine,331.46,1,0.0,PayPal,COMPLETED,2025-02-28 08:23:00
ORD-102924,CUST-1008,Ian Malcolm,Mumbai,Home & Kitchen,Espresso Machine,191.24,2,0.1,Credit Card,COMPLETED,2025-10-21 17:58:09
ORD-102925,CUST-1006,George Clark,Singapore,Books,Data Engineering Handbook,39.45,2,0.25,Debit Card,COMPLETED,2025-03-18 04:04:55
ORD-102926,CUST-1018,Steve Rogers,Tokyo,Home & Kitchen,Vacuum Cleaner,175.42,1,0.1,Debit Card,COMPLETED,2025-07-21 01:22:05
ORD-102927,CUST-1000,Alice Smith,New York,Home & Kitchen,Vacuum Cleaner,85.86,1,0.0,Apple Pay,COMPLETED,2025-06-01 22:33:19
ORD-102928,CUST-1019,Tony Stark,Berlin,Home & Kitchen,Blender,99.46,1,0.25,PayPal,COMPLETED,2025-08-06 08:07:46
ORD-102929,CUST-1012,Michael Scott,Singapore,Home & Kitchen,Toaster,30.28,3,0.25,Credit Card,COMPLETED,2025-03-18 11:58:25
ORD-102930,CUST-1002,Charlie Brown,London,Clothing,Cotton T-Shirt,149.85,1,0.0,Credit Card,COMPLETED,2025-04-05 05:53:17
ORD-102931,CUST-1009,Julia Roberts,Toronto,Books,Economics 101,31.63,1,0.15,Credit Card,COMPLETED,2025-01-27 06:17:55
ORD-102932,CUST-1019,Tony Stark,London,Home & Kitchen,Blender,158.99,2,0.15,UPI / Digital Wallet,CANCELLED,2025-03-10 15:44:24
ORD-102933,CUST-1015,Pam Beesly,London,Sports & Outdoors,Hiking Backpack,134.02,1,0.25,Credit Card,COMPLETED,2025-12-25 08:48:36
ORD-102934,CUST-1017,Rachel Green,London,Electronics,Laptop,687.19,5,0.0,Credit Card,RETURNED,2025-05-07 22:03:22
ORD-102935,CUST-1000,Alice Smith,Tokyo,Home & Kitchen,Air Fryer,184.68,2,0.0,UPI / Digital Wallet,COMPLETED,2025-08-25 07:26:35
ORD-102936,CUST-1014,Oscar Martinez,Toronto,Clothing,Running Shoes,90.03,1,0.2,Credit Card,PENDING,2025-06-30 22:10:45
ORD-102937,CUST-1016,Quentin Tarantino,Paris,Books,Data Engineering Handbook,10.37,2,0.15,Credit Card,COMPLETED,2025-10-08 11:03:09
ORD-102938,CUST-1007,Hannah Abbott,Toronto,Clothing,Sneakers,46.49,3,0.25,UPI / Digital Wallet,PENDING,2025-12-03 22:01:31
ORD-102939,CUST-1003,Diana Prince,Toronto,Sports & Outdoors,Camping Tent,226.87,4,0.1,Apple Pay,COMPLETED,2025-07-12 00:18:52
ORD-102940,CUST-1003,Diana Prince,Toronto,Sports & Outdoors,Bicycle Helmet,201.92,2,0.15,PayPal,PENDING,2025-05-14 19:02:43
ORD-102941,CUST-1008,Ian Malcolm,Toronto,Sports & Outdoors,Hiking Backpack,201.82,1,0.0,Debit Card,RETURNED,2025-10-11 03:13:42
ORD-102942,CUST-1010,Kevin Bacon,Mumbai,Books,Cookbook,34.49,1,0.0,UPI / Digital Wallet,COMPLETED,2025-06-06 00:25:30
ORD-102943,CUST-1004,Evan Wright,Berlin,Books,Biography,30.9,3,0.05,UPI / Digital Wallet,COMPLETED,2025-03-01 00:05:27
ORD-102944,CUST-1001,Bob Jones,Paris,Sports & Outdoors,Hiking Backpack,54.92,3,0.2,Debit Card,RETURNED,2025-05-12 14:52:53
ORD-102945,CUST-1006,George Clark,Berlin,Home & Kitchen,Air Fryer,268.56,1,0.1,PayPal,COMPLETED,2025-09-24 13:28:49
ORD-102946,CUST-1001,Bob Jones,Mumbai,Electronics,Laptop,1130.2,2,0.2,UPI / Digital Wallet,CANCELLED,2025-10-20 06:53:28
ORD-102947,CUST-1002,Charlie Brown,Sydney,Clothing,Denim Jeans,16.66,3,0.25,UPI / Digital Wallet,COMPLETED,2025-05-10 22:14:43
ORD-102948,CUST-1005,Fiona Gallagher,San Francisco,Electronics,Smartwatch,777.08,5,0.05,UPI / Digital Wallet,PENDING,2025-09-18 19:48:39
ORD-102949,CUST-1017,Rachel Green,Mumbai,Sports & Outdoors,Yoga Mat,63.38,3,0.1,UPI / Digital Wallet,CANCELLED,2025-12-22 13:04:28
ORD-102950,CUST-1015,Pam Beesly,Singapore,Home & Kitchen,Cookware Set,306.13,1,0.2,Debit Card,COMPLETED,2025-04-22 03:56:10
ORD-102951,CUST-1006,George Clark,Tokyo,Clothing,Winter Jacket,90.88,1,0.05,Apple Pay,CANCELLED,2025-02-23 13:11:10
ORD-102952,CUST-1018,Steve Rogers,New York,Sports & Outdoors,Hiking Backpack,171.57,4,0.0,PayPal,CANCELLED,2025-08-14 02:46:07
ORD-102953,CUST-1017,Rachel Green,Mumbai,Clothing,Winter Jacket,60.75,-1,0.1,Debit Card,COMPLETED,2025-12-27 06:46:43
ORD-102954,CUST-1012,Michael Scott,,Clothing,Winter Jacket,135.53,2,0.25,Credit Card,COMPLETED,2025-02-23 11:31:07
ORD-102955,CUST-1011,Laura Croft,Sydney,Books,History of Computing,39.46,3,0.15,Credit Card,RETURNED,2025-01-22 11:50:17
ORD-102956,CUST-1013,Nora Jones,Berlin,Electronics,4K Monitor,723.63,1,0.2,Credit Card,COMPLETED,2025-02-16 08:34:56
ORD-102957,CUST-1009,Julia Roberts,San Francisco,Books,Data Engineering Handbook,32.91,1,0.15,UPI / Digital Wallet,COMPLETED,2025-08-17 04:31:18
ORD-102958,CUST-1001,Bob Jones,San Francisco,Sports & Outdoors,Water Bottle,132.07,2,0.1,Debit Card,CANCELLED,2025-03-25 20:48:07
ORD-102959,CUST-1016,Quentin Tarantino,Tokyo,Clothing,Hooded Sweatshirt,129.14,4,0.05,Credit Card,COMPLETED,2025-01-14 01:07:38
ORD-102960,CUST-1016,Quentin Tarantino,Toronto,Home & Kitchen,Toaster,269.7,2,0.2,Credit Card,CANCELLED,2025-04-21 00:32:23
ORD-102961,CUST-1012,Michael Scott,Berlin,Home & Kitchen,Cookware Set,304.21,4,0.2,PayPal,PENDING,2025-08-08 19:19:27
ORD-102962,CUST-1015,Pam Beesly,Mumbai,Sports & Outdoors,Hiking Backpack,174.33,3,0.0,Credit Card,COMPLETED,2025-06-24 14:48:03
ORD-102963,CUST-1017,Rachel Green,London,Clothing,Winter Jacket,106.33,1,0.0,Credit Card,RETURNED,2025-06-13 01:15:59
ORD-102964,CUST-1012,Michael Scott,Singapore,Sports & Outdoors,Camping Tent,205.47,3,0.1,UPI / Digital Wallet,COMPLETED,2025-03-29 01:57:10
ORD-102965,CUST-1007,Hannah Abbott,Tokyo,Home & Kitchen,Toaster,60.55,1,0.1,Credit Card,COMPLETED,2025-05-09 22:32:28
ORD-102966,CUST-1015,Pam Beesly,Berlin,Books,History of Computing,21.23,3,0.05,PayPal,COMPLETED,2025-07-17 06:22:42
ORD-102967,CUST-1006,George Clark,Berlin,Clothing,Sneakers,148.57,1,0.0,Apple Pay,COMPLETED,2025-07-23 07:44:17
ORD-102968,CUST-1016,Quentin Tarantino,Tokyo,Sports & Outdoors,Bicycle Helmet,90.93,3,0.2,UPI / Digital Wallet,RETURNED,2025-10-17 02:38:36
ORD-102969,CUST-1000,Alice Smith,Paris,Home & Kitchen,Toaster,309.79,3,0.05,Credit Card,RETURNED,2025-11-12 18:27:40
ORD-102970,CUST-1010,Kevin Bacon,Mumbai,Clothing,Cotton T-Shirt,141.47,2,0.0,UPI / Digital Wallet,COMPLETED,2025-04-25 03:21:46
ORD-102971,CUST-1011,Laura Croft,London,Electronics,Wireless Headphones,1175.84,2,0.15,PayPal,CANCELLED,2025-08-19 16:30:55
ORD-102972,CUST-1002,Charlie Brown,New York,Sports & Outdoors,Hiking Backpack,66.33,3,0.1,Debit Card,COMPLETED,2025-10-30 09:15:46
ORD-102973,CUST-1012,Michael Scott,Berlin,Electronics,4K Monitor,445.64,1,0.25,UPI / Digital Wallet,COMPLETED,2025-07-23 04:34:14
ORD-102974,CUST-1005,Fiona Gallagher,San Francisco,Home & Kitchen,Blender,56.22,1,0.0,Credit Card,COMPLETED,2025-01-09 17:36:25
ORD-102975,CUST-1014,Oscar Martinez,Tokyo,Books,Sci-Fi Novel,26.69,1,0.25,Credit Card,CANCELLED,2025-11-24 02:13:07
ORD-102976,CUST-1014,Oscar Martinez,Toronto,Electronics,Wireless Headphones,506.85,1,0.25,Debit Card,PENDING,2025-02-11 02:13:05
ORD-102977,CUST-1004,Evan Wright,Berlin,Books,Biography,44.53,1,0.2,Credit Card,RETURNED,2025-09-28 14:04:09
ORD-102978,CUST-1006,George Clark,San Francisco,Sports & Outdoors,Water Bottle,191.1,4,0.25,Debit Card,RETURNED,2025-08-17 22:47:45
ORD-102979,CUST-1011,Laura Croft,Paris,Clothing,Running Shoes,25.36,1,0.2,Debit Card,COMPLETED,2025-03-06 12:19:26
ORD-102980,CUST-1013,Nora Jones,Singapore,Sports & Outdoors,Hiking Backpack,104.12,3,0.15,Apple Pay,COMPLETED,2025-03-31 10:39:07
ORD-102981,CUST-1016,Quentin Tarantino,San Francisco,Home & Kitchen,Blender,332.48,4,0.15,UPI / Digital Wallet,COMPLETED,2025-10-01 06:31:28
ORD-102982,CUST-1009,Julia Roberts,Sydney,Sports & Outdoors,Hiking Backpack,25.07,2,0.0,PayPal,PENDING,2025-02-18 17:07:50
ORD-102983,CUST-1008,Ian Malcolm,New York,Home & Kitchen,Espresso Machine,203.94,2,0.1,Debit Card,CANCELLED,2025-05-26 22:04:25
ORD-102984,CUST-1007,Hannah Abbott,New York,Home & Kitchen,Espresso Machine,291.88,2,0.2,Credit Card,COMPLETED,2025-01-27 22:25:07
ORD-102985,CUST-1013,Nora Jones,Toronto,Clothing,Sneakers,133.0,1,0.1,PayPal,COMPLETED,2025-08-21 08:50:21
ORD-102986,CUST-1008,Ian Malcolm,Paris,Electronics,Smartphone,826.46,1,0.1,UPI / Digital Wallet,COMPLETED,2025-08-19 14:57:30
ORD-102987,CUST-1007,Hannah Abbott,Berlin,Home & Kitchen,Air Fryer,95.02,1,0.1,PayPal,CANCELLED,2025-08-26 11:00:21
ORD-102988,CUST-1003,Diana Prince,Sydney,Sports & Outdoors,Dumbbell Set,217.08,2,0.2,UPI / Digital Wallet,COMPLETED,2025-07-02 17:12:14
ORD-102989,CUST-1004,Evan Wright,Mumbai,Books,Sci-Fi Novel,31.24,2,0.05,Debit Card,PENDING,2025-01-16 01:48:43
ORD-102990,CUST-1014,Oscar Martinez,Tokyo,Clothing,Hooded Sweatshirt,35.89,5,0.05,Debit Card,COMPLETED,2025-09-03 15:27:24
ORD-102991,CUST-1005,Fiona Gallagher,Paris,Clothing,Hooded Sweatshirt,30.17,2,0.1,Debit Card,RETURNED,2025-12-22 19:04:18
ORD-102992,CUST-1007,Hannah Abbott,London,Books,Data Engineering Handbook,13.62,2,0.1,Debit Card,CANCELLED,2025-02-26 01:52:42
ORD-102993,CUST-1005,Fiona Gallagher,Sydney,Clothing,Sneakers,129.65,1,0.2,UPI / Digital Wallet,COMPLETED,2025-12-22 02:27:11
ORD-102994,CUST-1003,Diana Prince,Singapore,Home & Kitchen,Toaster,220.19,1,0.2,Apple Pay,COMPLETED,2025-07-23 07:56:34
ORD-102995,CUST-1010,Kevin Bacon,Sydney,Home & Kitchen,Vacuum Cleaner,258.93,5,0.1,PayPal,COMPLETED,2025-08-19 00:23:27
ORD-102996,CUST-1015,Pam Beesly,London,Clothing,Cotton T-Shirt,133.64,4,0.15,Debit Card,COMPLETED,2025-03-21 22:20:48
ORD-102997,CUST-1005,Fiona Gallagher,Sydney,Books,History of Computing,29.27,1,0.05,Debit Card,COMPLETED,2025-11-06 18:25:05
ORD-102998,CUST-1015,Pam Beesly,London,Electronics,4K Monitor,540.33,1,0.25,Debit Card,COMPLETED,2025-12-31 05:55:50
ORD-102999,CUST-1011,Laura Croft,London,Books,History of Computing,32.95,1,0.0,Apple Pay,COMPLETED,2025-06-26 16:56:14
ORD-103000,CUST-1019,Tony Stark,Tokyo,Home & Kitchen,Vacuum Cleaner,280.04,2,0.2,Apple Pay,COMPLETED,2025-03-20 23:22:47
ORD-103001,CUST-1000,Alice Smith,Paris,Clothing,Cotton T-Shirt,87.87,2,0.15,Apple Pay,CANCELLED,2025-04-30 19:31:25
ORD-103002,CUST-1012,Michael Scott,Paris,Books,History of Computing,31.31,3,0.0,PayPal,COMPLETED,2025-04-21 17:38:51
ORD-103003,CUST-1007,Hannah Abbott,London,Clothing,Running Shoes,45.91,1,0.15,UPI / Digital Wallet,PENDING,2025-07-02 07:31:32
ORD-103004,CUST-1008,Ian Malcolm,Berlin,Sports & Outdoors,Yoga Mat,68.53,3,0.1,PayPal,COMPLETED,2025-04-13 16:54:41
ORD-103005,CUST-1007,Hannah Abbott,Mumbai,Books,Sci-Fi Novel,35.86,-1,0.1,PayPal,COMPLETED,2025-04-02 10:07:43
ORD-103006,CUST-1011,Laura Croft,Paris,Clothing,Sneakers,120.12,1,0.25,Apple Pay,CANCELLED,2025-08-21 05:46:04
ORD-103007,CUST-1009,Julia Roberts,London,Sports & Outdoors,Yoga Mat,65.2,2,0.1,Debit Card,RETURNED,2025-02-07 15:05:27
ORD-103008,CUST-1012,Michael Scott,Mumbai,Home & Kitchen,Toaster,209.5,1,0.2,PayPal,PENDING,2025-06-27 12:14:13
ORD-103009,CUST-1018,Steve Rogers,Paris,Home & Kitchen,Espresso Machine,325.85,2,0.15,PayPal,RETURNED,2025-11-29 21:04:49
ORD-103010,CUST-1019,Tony Stark,Berlin,Books,Economics 101,40.84,1,0.2,Credit Card,PENDING,2025-01-14 07:31:29
ORD-103011,CUST-1002,Charlie Brown,Mumbai,Clothing,Cotton T-Shirt,75.55,1,0.05,Debit Card,CANCELLED,2025-08-11 10:06:51
ORD-103012,CUST-1011,Laura Croft,New York,Sports & Outdoors,Yoga Mat,187.16,1,0.0,Credit Card,CANCELLED,2025-08-01 05:21:44
ORD-103013,CUST-1006,George Clark,Paris,Electronics,Laptop,739.04,2,0.15,Debit Card,PENDING,2025-12-11 21:33:00
ORD-103014,CUST-1000,Alice Smith,San Francisco,Electronics,Smartphone,1169.44,1,0.15,PayPal,COMPLETED,2025-07-03 17:42:18
ORD-103015,CUST-1011,Laura Croft,Tokyo,Books,Data Engineering Handbook,18.38,1,0.25,UPI / Digital Wallet,RETURNED,2025-08-23 07:19:13
ORD-103016,CUST-1014,Oscar Martinez,Singapore,Clothing,Cotton T-Shirt,28.5,1,0.05,UPI / Digital Wallet,PENDING,2025-08-21 08:56:07
ORD-103017,CUST-1002,Charlie Brown,Toronto,Books,Biography,44.94,2,0.1,Debit Card,PENDING,2025-12-22 08:57:03
ORD-103018,CUST-1002,Charlie Brown,London,Clothing,Denim Jeans,53.98,2,0.2,Credit Card,COMPLETED,2025-12-01 20:52:44
ORD-103019,CUST-1012,Michael Scott,London,Electronics,4K Monitor,963.07,4,0.05,Debit Card,RETURNED,2025-11-10 05:05:55
ORD-103020,CUST-1001,Bob Jones,San Francisco,Sports & Outdoors,Yoga Mat,224.16,3,0.0,UPI / Digital Wallet,COMPLETED,2025-06-01 08:02:18
ORD-103021,CUST-1014,,New York,Clothing,Denim Jeans,48.51,1,0.25,Debit Card,COMPLETED,2025-11-03 10:40:32
ORD-103022,CUST-1005,Fiona Gallagher,Paris,Sports & Outdoors,Hiking Backpack,98.04,2,0.05,PayPal,COMPLETED,2025-02-22 01:57:57
ORD-103023,CUST-1010,Kevin Bacon,Singapore,Electronics,Smartphone,807.89,1,0.15,Debit Card,COMPLETED,2025-01-26 07:27:39
ORD-103024,CUST-1017,Rachel Green,Singapore,Electronics,4K Monitor,729.23,4,0.0,Credit Card,COMPLETED,2025-11-23 10:34:26
ORD-103025,CUST-1014,Oscar Martinez,Mumbai,Electronics,4K Monitor,778.71,1,0.15,UPI / Digital Wallet,COMPLETED,2025-07-19 04:03:11
ORD-103026,CUST-1019,Tony Stark,Paris,Home & Kitchen,Toaster,38.47,3,0.05,UPI / Digital Wallet,COMPLETED,2025-06-07 08:15:14
ORD-103027,CUST-1017,Rachel Green,,Electronics,Wireless Headphones,298.24,1,0.15,Credit Card,COMPLETED,2025-08-18 13:14:42
ORD-103028,CUST-1013,Nora Jones,Mumbai,Sports & Outdoors,Dumbbell Set,30.02,1,0.0,Credit Card,CANCELLED,2025-02-25 00:13:28
ORD-103029,CUST-1002,Charlie Brown,New York,Home & Kitchen,Espresso Machine,170.18,2,0.1,Debit Card,RETURNED,2025-06-16 05:29:06
ORD-103030,CUST-1016,Quentin Tarantino,,Electronics,4K Monitor,834.21,2,0.1,Debit Card,RETURNED,2025-05-23 06:40:25
ORD-103031,CUST-1018,Steve Rogers,London,Clothing,Cotton T-Shirt,45.99,1,0.15,Credit Card,PENDING,2025-07-31 08:52:14
ORD-103032,CUST-1013,Nora Jones,Paris,Clothing,Sneakers,16.33,3,0.2,UPI / Digital Wallet,RETURNED,2025-10-06 09:48:40
ORD-103033,CUST-1002,Charlie Brown,Paris,Books,Data Engineering Handbook,36.64,2,0.05,PayPal,COMPLETED,2025-06-22 13:42:50
ORD-103034,CUST-1007,Hannah Abbott,Paris,Clothing,Cotton T-Shirt,118.74,4,0.25,Apple Pay,RETURNED,2025-06-17 17:50:40
ORD-103035,CUST-1016,Quentin Tarantino,Tokyo,Clothing,Sneakers,107.21,1,0.25,Debit Card,COMPLETED,2025-05-25 23:52:42
ORD-103036,CUST-1013,Nora Jones,San Francisco,Sports & Outdoors,Yoga Mat,120.8,1,0.0,Apple Pay,COMPLETED,2025-12-19 09:20:17
ORD-103037,CUST-1002,Charlie Brown,Tokyo,Electronics,4K Monitor,1084.32,2,0.1,Credit Card,COMPLETED,2025-03-21 00:01:00
ORD-103038,CUST-1013,Nora Jones,New York,Electronics,Smartphone,278.99,3,0.1,Credit Card,COMPLETED,2025-11-15 04:34:11
ORD-103039,CUST-1006,George Clark,Singapore,Sports & Outdoors,Hiking Backpack,206.95,1,0.1,Credit Card,COMPLETED,2025-02-04 13:45:39
ORD-103040,CUST-1000,Alice Smith,New York,Books,Cookbook,27.97,3,0.1,UPI / Digital Wallet,COMPLETED,2025-03-23 14:38:28
ORD-103041,CUST-1003,Diana Prince,Sydney,Home & Kitchen,Espresso Machine,87.53,2,0.1,Debit Card,COMPLETED,2025-03-02 16:42:53
ORD-103042,CUST-1012,Michael Scott,Tokyo,Home & Kitchen,Toaster,349.26,2,0.05,Apple Pay,COMPLETED,2025-05-20 18:57:45
ORD-103043,CUST-1004,Evan Wright,London,Electronics,Bluetooth Speaker,493.66,3,0.15,Apple Pay,COMPLETED,2025-09-24 20:56:15
ORD-103044,CUST-1008,,Singapore,Home & Kitchen,Espresso Machine,180.83,1,0.15,PayPal,PENDING,2025-05-10 01:09:54
ORD-103045,CUST-1018,Steve Rogers,,Electronics,Bluetooth Speaker,987.97,1,0.25,Debit Card,COMPLETED,2025-02-01 06:35:54
ORD-103046,CUST-1014,Oscar Martinez,Toronto,Home & Kitchen,Toaster,31.43,5,0.25,PayPal,CANCELLED,2025-05-06 01:23:56
ORD-103047,CUST-1018,Steve Rogers,London,Clothing,Cotton T-Shirt,24.76,2,0.1,Credit Card,COMPLETED,2025-11-23 13:46:49
ORD-103048,CUST-1019,Tony Stark,Tokyo,Clothing,Cotton T-Shirt,147.93,1,0.25,UPI / Digital Wallet,PENDING,2025-06-11 18:39:44
ORD-103049,CUST-1000,Alice Smith,London,Home & Kitchen,Air Fryer,281.55,4,0.25,Credit Card,RETURNED,2025-08-19 07:59:39
ORD-103050,CUST-1017,Rachel Green,Toronto,Clothing,Sneakers,136.51,2,0.25,Debit Card,RETURNED,2025-04-13 23:56:45
ORD-103051,CUST-1012,Michael Scott,London,Home & Kitchen,Cookware Set,307.52,2,0.2,UPI / Digital Wallet,CANCELLED,2025-04-17 22:14:30
ORD-103052,CUST-1006,George Clark,Sydney,Sports & Outdoors,Yoga Mat,245.89,2,0.2,PayPal,CANCELLED,2025-09-01 13:26:29
ORD-103053,CUST-1019,Tony Stark,London,Electronics,Laptop,869.03,2,0.1,PayPal,RETURNED,2025-02-15 12:18:30
ORD-103054,CUST-1004,Evan Wright,New York,Home & Kitchen,Toaster,310.96,1,0.2,Apple Pay,COMPLETED,2025-08-26 08:11:17
ORD-103055,CUST-1014,,Mumbai,Home & Kitchen,Toaster,260.57,1,0.25,Credit Card,CANCELLED,2025-10-31 15:39:24
ORD-103056,CUST-1012,Michael Scott,Sydney,Electronics,Wireless Headphones,753.97,1,0.1,UPI / Digital Wallet,RETURNED,2025-03-05 17:01:09
ORD-103057,CUST-1009,Julia Roberts,Tokyo,Sports & Outdoors,Water Bottle,206.24,2,0.0,UPI / Digital Wallet,PENDING,2025-03-18 05:34:24
ORD-103058,CUST-1007,Hannah Abbott,Berlin,Home & Kitchen,Blender,31.39,2,0.15,Apple Pay,CANCELLED,2025-01-14 10:37:02
ORD-103059,CUST-1019,Tony Stark,London,Sports & Outdoors,Dumbbell Set,172.2,2,0.15,PayPal,COMPLETED,2025-02-06 21:47:00
ORD-103060,CUST-1000,Alice Smith,Mumbai,Sports & Outdoors,Water Bottle,218.19,4,0.05,Credit Card,RETURNED,2025-02-01 20:48:59
ORD-103061,CUST-1014,Oscar Martinez,Mumbai,Electronics,4K Monitor,599.13,2,0.25,PayPal,PENDING,2025-04-12 22:48:08
ORD-103062,CUST-1007,Hannah Abbott,Mumbai,Home & Kitchen,Cookware Set,260.81,2,0.2,Credit Card,CANCELLED,2025-04-22 21:34:32
ORD-103063,CUST-1004,Evan Wright,Toronto,Books,Cookbook,13.39,2,0.25,Debit Card,COMPLETED,2025-06-01 00:02:05
ORD-103064,CUST-1019,Tony Stark,Tokyo,Home & Kitchen,Cookware Set,230.71,1,0.05,UPI / Digital Wallet,COMPLETED,2025-09-04 20:12:58
ORD-103065,CUST-1006,George Clark,New York,Clothing,Running Shoes,48.94,1,0.15,PayPal,CANCELLED,2025-08-02 20:40:09
ORD-103066,CUST-1000,,New York,Clothing,Cotton T-Shirt,18.24,1,0.15,Debit Card,RETURNED,2025-10-16 02:12:03
ORD-103067,CUST-1010,Kevin Bacon,San Francisco,Electronics,Bluetooth Speaker,1147.51,5,0.15,PayPal,RETURNED,2025-01-30 00:44:16
ORD-103068,CUST-1012,Michael Scott,Singapore,Clothing,Hooded Sweatshirt,35.81,1,0.0,Debit Card,RETURNED,2025-04-07 18:34:57
ORD-103069,CUST-1018,Steve Rogers,Singapore,Books,Data Engineering Handbook,17.26,4,0.2,Apple Pay,PENDING,2025-06-30 17:37:33
ORD-103070,CUST-1009,Julia Roberts,San Francisco,Electronics,Laptop,381.25,1,0.2,Credit Card,COMPLETED,2025-07-05 04:35:19
ORD-103071,CUST-1010,Kevin Bacon,San Francisco,Books,Sci-Fi Novel,35.11,2,0.05,Apple Pay,COMPLETED,2025-12-05 02:48:28
ORD-103072,CUST-1013,Nora Jones,Sydney,Sports & Outdoors,Yoga Mat,134.94,5,0.1,PayPal,CANCELLED,2025-01-06 13:14:16
ORD-103073,CUST-1013,Nora Jones,Tokyo,Home & Kitchen,Vacuum Cleaner,81.31,1,0.15,Debit Card,COMPLETED,2025-12-27 06:59:57
ORD-103074,CUST-1015,Pam Beesly,Singapore,Sports & Outdoors,Water Bottle,213.52,2,0.2,PayPal,COMPLETED,2025-10-07 11:59:53
ORD-103075,CUST-1012,Michael Scott,Singapore,Clothing,Running Shoes,58.52,2,0.05,Debit Card,COMPLETED,2025-07-09 07:53:53
ORD-103076,CUST-1002,Charlie Brown,Tokyo,Clothing,Hooded Sweatshirt,53.2,1,0.05,Debit Card,COMPLETED,2025-08-31 01:04:41
ORD-103077,CUST-1018,Steve Rogers,Paris,Clothing,Sneakers,139.19,1,0.05,PayPal,CANCELLED,2025-06-24 02:14:26
ORD-103078,CUST-1002,Charlie Brown,London,Home & Kitchen,Cookware Set,208.47,1,0.25,Debit Card,COMPLETED,2025-01-08 10:23:28
ORD-103079,CUST-1001,Bob Jones,Tokyo,Clothing,Denim Jeans,59.54,3,0.15,UPI / Digital Wallet,RETURNED,2025-03-28 14:51:37
ORD-103080,CUST-1007,Hannah Abbott,Toronto,Home & Kitchen,Blender,175.37,4,0.25,UPI / Digital Wallet,COMPLETED,2025-07-24 05:13:55
ORD-103081,CUST-1013,Nora Jones,Paris,Clothing,Winter Jacket,112.11,1,0.25,PayPal,COMPLETED,2025-11-23 08:41:54
ORD-103082,CUST-1002,Charlie Brown,Toronto,Home & Kitchen,Air Fryer,214.98,1,0.1,Debit Card,PENDING,2025-05-20 05:21:12
ORD-103083,CUST-1012,Michael Scott,Mumbai,Books,Biography,34.19,2,0.05,Apple Pay,COMPLETED,2025-04-24 00:15:41
ORD-103084,CUST-1019,Tony Stark,Paris,Clothing,Winter Jacket,73.65,2,0.15,PayPal,RETURNED,2025-10-14 11:53:55
ORD-103085,CUST-1001,Bob Jones,San Francisco,Clothing,Denim Jeans,122.05,1,0.05,PayPal,COMPLETED,2025-08-26 23:27:44
ORD-103086,CUST-1013,Nora Jones,New York,Electronics,Laptop,1160.0,1,0.25,Credit Card,COMPLETED,2025-03-02 21:39:40
ORD-103087,CUST-1007,Hannah Abbott,New York,Books,Cookbook,32.11,2,0.0,Debit Card,COMPLETED,2025-01-25 08:54:28
ORD-103088,CUST-1003,Diana Prince,Singapore,Books,Cookbook,32.71,1,0.25,Apple Pay,CANCELLED,2025-11-07 08:55:47
ORD-103089,CUST-1001,Bob Jones,London,Sports & Outdoors,Camping Tent,104.36,1,0.25,UPI / Digital Wallet,CANCELLED,2025-05-01 19:38:14
ORD-103090,CUST-1013,Nora Jones,Singapore,Home & Kitchen,Vacuum Cleaner,77.02,2,0.25,UPI / Digital Wallet,COMPLETED,2025-09-24 09:29:27
ORD-103091,CUST-1010,Kevin Bacon,Sydney,Electronics,Smartphone,898.54,4,0.2,UPI / Digital Wallet,COMPLETED,2025-10-05 10:28:11
ORD-103092,CUST-1006,George Clark,Singapore,Books,Sci-Fi Novel,33.6,1,0.25,UPI / Digital Wallet,PENDING,2025-01-10 04:26:33
ORD-103093,CUST-1000,Alice Smith,Berlin,Clothing,Denim Jeans,145.49,1,0.05,PayPal,PENDING,2025-09-03 19:29:54
ORD-103094,CUST-1018,Steve Rogers,San Francisco,Home & Kitchen,Air Fryer,27.13,2,0.15,Debit Card,COMPLETED,2025-04-14 05:04:14
ORD-103095,CUST-1014,Oscar Martinez,Sydney,Home & Kitchen,Espresso Machine,112.46,1,0.1,Credit Card,COMPLETED,2025-11-19 08:22:44
ORD-103096,CUST-1014,Oscar Martinez,Sydney,Clothing,Sneakers,117.5,2,0.2,Debit Card,COMPLETED,2025-07-26 01:24:06
ORD-103097,CUST-1002,Charlie Brown,Tokyo,Clothing,Cotton T-Shirt,82.45,1,0.05,Apple Pay,COMPLETED,2025-04-19 09:30:16
ORD-103098,CUST-1003,Diana Prince,Paris,Home & Kitchen,Espresso Machine,267.37,2,0.1,Debit Card,COMPLETED,2025-03-18 04:30:33
ORD-103099,CUST-1006,George Clark,,Home & Kitchen,Blender,340.86,1,0.15,UPI / Digital Wallet,COMPLETED,2025-08-19 13:24:02
ORD-103100,CUST-1015,Pam Beesly,Tokyo,Sports & Outdoors,Hiking Backpack,145.78,2,0.05,Credit Card,RETURNED,2025-01-15 09:51:33
ORD-103101,CUST-1018,Steve Rogers,London,Sports & Outdoors,Hiking Backpack,219.51,2,0.0,Debit Card,COMPLETED,2025-05-02 07:06:26
ORD-103102,CUST-1008,Ian Malcolm,Mumbai,Electronics,4K Monitor,765.38,1,0.05,PayPal,PENDING,2025-08-26 11:03:31
ORD-103103,CUST-1007,Hannah Abbott,New York,Clothing,Running Shoes,93.16,1,0.2,PayPal,PENDING,2025-08-29 18:18:47
ORD-103104,CUST-1002,Charlie Brown,Mumbai,Books,Cookbook,21.73,3,0.0,UPI / Digital Wallet,PENDING,2025-06-18 23:20:19
ORD-103105,CUST-1002,Charlie Brown,Sydney,Clothing,Winter Jacket,62.81,1,0.25,Debit Card,COMPLETED,2025-07-10 18:00:00
ORD-103106,CUST-1013,Nora Jones,Tokyo,Books,History of Computing,10.67,1,0.1,Debit Card,COMPLETED,2025-06-28 19:21:52
ORD-103107,CUST-1007,Hannah Abbott,New York,Clothing,Sneakers,20.14,1,0.05,PayPal,PENDING,2025-03-02 15:32:02
ORD-103108,CUST-1010,Kevin Bacon,Sydney,Clothing,Winter Jacket,34.67,2,0.2,Debit Card,COMPLETED,2025-03-29 21:36:01
ORD-103109,CUST-1014,Oscar Martinez,San Francisco,Sports & Outdoors,Water Bottle,90.39,2,0.2,PayPal,COMPLETED,2025-07-14 17:59:57
ORD-103110,CUST-1001,Bob Jones,Sydney,Clothing,Sneakers,45.14,2,0.1,Debit Card,COMPLETED,2025-06-15 07:49:49
ORD-103111,CUST-1013,Nora Jones,Singapore,Electronics,Wireless Headphones,1099.56,1,0.2,UPI / Digital Wallet,PENDING,2025-12-15 17:34:47
ORD-103112,CUST-1004,Evan Wright,Sydney,Books,Economics 101,25.73,2,0.0,Credit Card,COMPLETED,2025-08-11 12:49:11
ORD-103113,CUST-1015,Pam Beesly,London,Electronics,Laptop,749.1,3,0.25,UPI / Digital Wallet,COMPLETED,2025-04-13 15:17:09
ORD-103114,CUST-1013,Nora Jones,Paris,Home & Kitchen,Air Fryer,214.48,3,0.25,Apple Pay,PENDING,2025-09-24 21:32:30
ORD-103115,CUST-1008,Ian Malcolm,Toronto,Books,Biography,17.5,2,0.2,UPI / Digital Wallet,COMPLETED,2025-08-10 14:09:03
ORD-103116,CUST-1003,Diana Prince,Berlin,Home & Kitchen,Espresso Machine,322.51,1,0.25,Credit Card,COMPLETED,2025-11-29 11:57:14
ORD-103117,CUST-1001,Bob Jones,Tokyo,Clothing,Sneakers,54.13,1,0.15,Debit Card,CANCELLED,2025-06-21 22:49:20
ORD-103118,CUST-1013,Nora Jones,San Francisco,Sports & Outdoors,Yoga Mat,53.75,2,0.1,UPI / Digital Wallet,COMPLETED,2025-04-25 04:46:49
ORD-103119,CUST-1005,Fiona Gallagher,Berlin,Books,Data Engineering Handbook,35.75,1,0.05,Credit Card,COMPLETED,2025-05-19 18:03:51
ORD-103120,CUST-1006,George Clark,San Francisco,Electronics,Laptop,206.49,1,0.1,UPI / Digital Wallet,RETURNED,2025-09-13 09:45:19
ORD-103121,CUST-1009,Julia Roberts,London,Home & Kitchen,Toaster,58.27,1,0.15,UPI / Digital Wallet,COMPLETED,2025-03-08 21:30:19
ORD-103122,CUST-1018,Steve Rogers,Sydney,Home & Kitchen,Cookware Set,82.37,1,0.05,Debit Card,RETURNED,2025-05-10 14:46:38
ORD-103123,CUST-1005,Fiona Gallagher,Singapore,Clothing,Winter Jacket,127.33,2,0.15,UPI / Digital Wallet,COMPLETED,2025-06-11 00:31:03
ORD-103124,CUST-1017,Rachel Green,Singapore,Clothing,Denim Jeans,117.95,1,0.25,Credit Card,COMPLETED,2025-12-14 03:09:35
ORD-103125,CUST-1001,Bob Jones,Singapore,Sports & Outdoors,Bicycle Helmet,78.51,1,0.1,Credit Card,COMPLETED,2025-09-20 06:28:53
ORD-103126,CUST-1012,Michael Scott,Toronto,Electronics,4K Monitor,680.87,1,0.2,Credit Card,CANCELLED,2025-03-06 18:01:28
ORD-103127,CUST-1002,Charlie Brown,Berlin,Home & Kitchen,Air Fryer,146.44,1,0.05,PayPal,COMPLETED,2025-08-20 22:30:32
ORD-103128,CUST-1007,Hannah Abbott,Sydney,Sports & Outdoors,Yoga Mat,100.9,1,0.2,UPI / Digital Wallet,COMPLETED,2025-05-19 07:18:16
ORD-103129,CUST-1009,Julia Roberts,London,Sports & Outdoors,Dumbbell Set,21.71,1,0.05,Credit Card,COMPLETED,2025-03-13 00:38:49
ORD-103130,CUST-1012,Michael Scott,Toronto,Sports & Outdoors,Camping Tent,230.62,1,0.05,UPI / Digital Wallet,COMPLETED,2025-12-12 14:02:45
ORD-103131,CUST-1011,Laura Croft,San Francisco,Home & Kitchen,Vacuum Cleaner,34.3,1,0.05,UPI / Digital Wallet,COMPLETED,2025-08-29 13:51:06
ORD-103132,CUST-1011,Laura Croft,New York,Home & Kitchen,Toaster,251.51,2,0.2,Debit Card,RETURNED,2025-10-19 22:16:28
ORD-103133,CUST-1011,Laura Croft,Sydney,Home & Kitchen,Cookware Set,121.24,1,0.1,Debit Card,CANCELLED,2025-03-18 10:21:26
ORD-103134,CUST-1018,Steve Rogers,Tokyo,Sports & Outdoors,Yoga Mat,63.81,1,0.2,PayPal,RETURNED,2025-12-09 14:59:35
ORD-103135,CUST-1008,Ian Malcolm,Singapore,Clothing,Denim Jeans,40.19,1,0.05,Debit Card,COMPLETED,2025-11-27 06:59:02
ORD-103136,CUST-1000,Alice Smith,Singapore,Electronics,Laptop,180.07,2,0.0,PayPal,CANCELLED,2025-04-01 06:43:15
ORD-103137,CUST-1018,Steve Rogers,Berlin,Electronics,4K Monitor,97.93,2,0.1,Apple Pay,COMPLETED,2025-12-05 01:08:51
ORD-103138,CUST-1012,Michael Scott,Tokyo,Home & Kitchen,Vacuum Cleaner,328.95,3,0.1,Apple Pay,CANCELLED,2025-01-21 02:04:32
ORD-103139,CUST-1017,Rachel Green,Tokyo,Clothing,Cotton T-Shirt,131.45,4,0.25,PayPal,PENDING,2025-05-10 19:57:05
ORD-103140,CUST-1010,,New York,Electronics,Smartwatch,102.38,5,0.15,UPI / Digital Wallet,COMPLETED,2025-11-18 03:56:45
ORD-103141,CUST-1002,Charlie Brown,Berlin,Books,Cookbook,22.71,3,0.25,Apple Pay,RETURNED,2025-08-01 21:03:37
ORD-103142,CUST-1011,,Paris,Books,Data Engineering Handbook,19.69,2,0.05,PayPal,COMPLETED,2025-11-21 16:22:53
ORD-103143,CUST-1004,Evan Wright,Berlin,Electronics,Wireless Headphones,561.28,3,0.0,PayPal,COMPLETED,2025-07-06 06:39:02
ORD-103144,CUST-1013,Nora Jones,Sydney,Home & Kitchen,Air Fryer,118.32,1,0.2,Debit Card,COMPLETED,2025-12-07 18:39:31
ORD-103145,CUST-1018,Steve Rogers,Tokyo,Home & Kitchen,Vacuum Cleaner,263.79,1,0.0,Credit Card,COMPLETED,2025-02-14 07:27:51
ORD-103146,CUST-1016,Quentin Tarantino,,Books,Cookbook,37.02,1,0.0,PayPal,CANCELLED,2025-01-26 09:48:01
ORD-103147,CUST-1010,Kevin Bacon,New York,Books,Data Engineering Handbook,28.52,2,0.25,PayPal,CANCELLED,2025-01-08 09:59:26
ORD-103148,CUST-1015,Pam Beesly,Tokyo,Clothing,Winter Jacket,102.92,1,0.15,UPI / Digital Wallet,RETURNED,2025-11-14 12:06:50
ORD-103149,CUST-1017,Rachel Green,Mumbai,Home & Kitchen,Toaster,271.86,5,0.1,UPI / Digital Wallet,PENDING,2025-08-16 01:14:25
ORD-103150,CUST-1013,Nora Jones,Mumbai,Home & Kitchen,Toaster,67.85,2,0.2,PayPal,RETURNED,2025-03-12 21:00:18
ORD-103151,CUST-1011,Laura Croft,Tokyo,Books,Economics 101,23.84,2,0.1,UPI / Digital Wallet,RETURNED,2025-12-20 15:21:14
ORD-103152,CUST-1003,Diana Prince,London,Books,Data Engineering Handbook,37.35,3,0.1,UPI / Digital Wallet,COMPLETED,2025-04-19 20:33:55
ORD-103153,CUST-1006,George Clark,New York,Books,Cookbook,21.23,1,0.05,PayPal,PENDING,2025-12-30 02:45:57
ORD-103154,CUST-1000,Alice Smith,Berlin,Home & Kitchen,Toaster,39.94,2,0.15,Apple Pay,COMPLETED,2025-01-31 10:39:53
ORD-103155,CUST-1017,Rachel Green,Toronto,Sports & Outdoors,Bicycle Helmet,177.83,1,0.2,UPI / Digital Wallet,COMPLETED,2025-01-04 04:12:51
ORD-103156,CUST-1005,Fiona Gallagher,Berlin,Electronics,Bluetooth Speaker,742.48,2,0.15,Debit Card,COMPLETED,2025-04-09 03:28:28
ORD-103157,CUST-1000,Alice Smith,New York,Home & Kitchen,Toaster,149.34,2,0.0,PayPal,COMPLETED,2025-07-17 18:09:52
ORD-103158,CUST-1011,Laura Croft,Berlin,Home & Kitchen,Cookware Set,238.76,2,0.0,Debit Card,CANCELLED,2025-04-06 17:31:54
ORD-103159,CUST-1006,George Clark,London,Electronics,4K Monitor,753.76,3,0.15,Credit Card,RETURNED,2025-10-11 22:30:38
ORD-103160,CUST-1014,Oscar Martinez,Tokyo,Sports & Outdoors,Dumbbell Set,52.81,2,0.1,Apple Pay,COMPLETED,2025-03-07 05:56:09
ORD-103161,CUST-1013,Nora Jones,New York,Sports & Outdoors,Hiking Backpack,148.63,3,0.15,Apple Pay,COMPLETED,2025-01-05 17:50:22
ORD-103162,CUST-1005,Fiona Gallagher,San Francisco,Books,Cookbook,21.39,2,0.1,PayPal,COMPLETED,2025-03-24 23:57:32
ORD-103163,CUST-1013,Nora Jones,Toronto,Clothing,Winter Jacket,136.27,1,0.25,Apple Pay,RETURNED,2025-03-07 17:57:38
ORD-103164,CUST-1017,Rachel Green,Toronto,Electronics,Laptop,1017.19,3,0.05,PayPal,COMPLETED,2025-04-28 17:06:20
ORD-103165,CUST-1003,Diana Prince,Toronto,Sports & Outdoors,Bicycle Helmet,153.55,1,0.0,Debit Card,COMPLETED,2025-06-04 04:58:15
ORD-103166,CUST-1003,Diana Prince,New York,Sports & Outdoors,Camping Tent,46.81,1,0.0,UPI / Digital Wallet,COMPLETED,2025-05-02 01:29:49
ORD-103167,CUST-1001,Bob Jones,San Francisco,Electronics,4K Monitor,267.04,1,0.05,UPI / Digital Wallet,COMPLETED,2025-12-07 17:37:04
ORD-103168,CUST-1018,Steve Rogers,Sydney,Electronics,Bluetooth Speaker,925.97,5,0.1,Apple Pay,COMPLETED,2025-02-02 16:05:59
ORD-103169,CUST-1014,Oscar Martinez,Singapore,Clothing,Cotton T-Shirt,73.73,1,0.15,Apple Pay,COMPLETED,2025-01-06 23:37:12
ORD-103170,CUST-1001,Bob Jones,San Francisco,Clothing,Denim Jeans,72.04,4,0.15,UPI / Digital Wallet,COMPLETED,2025-09-29 03:47:01
ORD-103171,CUST-1009,Julia Roberts,Toronto,Clothing,Denim Jeans,83.63,3,0.05,UPI / Digital Wallet,CANCELLED,2025-07-31 18:12:24
ORD-103172,CUST-1002,Charlie Brown,Toronto,Electronics,4K Monitor,1014.35,1,0.1,PayPal,RETURNED,2025-06-15 10:05:10
ORD-103173,CUST-1008,Ian Malcolm,Paris,Clothing,Winter Jacket,22.56,1,0.1,Credit Card,COMPLETED,2025-03-26 15:37:49
ORD-103174,CUST-1014,Oscar Martinez,Sydney,Clothing,Winter Jacket,50.36,1,0.2,PayPal,COMPLETED,2025-11-13 19:08:41
ORD-103175,CUST-1016,Quentin Tarantino,Mumbai,Electronics,Smartwatch,759.0,1,0.05,UPI / Digital Wallet,COMPLETED,2025-02-11 06:06:28
ORD-103176,CUST-1001,Bob Jones,London,Books,Economics 101,28.91,4,0.15,PayPal,RETURNED,2025-05-27 10:50:42
ORD-103177,CUST-1006,George Clark,Tokyo,Clothing,Running Shoes,103.54,4,0.05,Credit Card,RETURNED,2025-01-30 05:26:06
ORD-103178,CUST-1012,Michael Scott,Paris,Clothing,Denim Jeans,138.69,3,0.15,Debit Card,CANCELLED,2025-07-26 02:08:55
ORD-103179,CUST-1004,Evan Wright,New York,Books,Cookbook,20.41,1,0.1,Credit Card,CANCELLED,2025-02-10 22:34:24
ORD-103180,CUST-1018,Steve Rogers,Berlin,Books,History of Computing,24.18,1,0.05,UPI / Digital Wallet,COMPLETED,2025-03-03 21:51:59
ORD-103181,CUST-1013,Nora Jones,Berlin,Books,History of Computing,29.7,1,0.05,Credit Card,COMPLETED,2025-08-12 13:11:00
ORD-103182,CUST-1018,Steve Rogers,New York,Electronics,Smartwatch,428.85,4,0.0,Debit Card,RETURNED,2025-07-09 12:47:04
ORD-103183,CUST-1007,Hannah Abbott,London,Clothing,Denim Jeans,102.88,2,0.1,UPI / Digital Wallet,COMPLETED,2025-04-08 03:30:25
ORD-103184,CUST-1006,George Clark,London,Books,Economics 101,35.56,2,0.2,UPI / Digital Wallet,PENDING,2025-11-10 10:57:24
ORD-103185,CUST-1002,Charlie Brown,London,Electronics,Laptop,967.44,1,0.2,PayPal,PENDING,2025-08-14 04:40:37
ORD-103186,CUST-1002,Charlie Brown,New York,Books,Data Engineering Handbook,32.73,1,0.0,PayPal,PENDING,2025-04-29 03:16:04
ORD-103187,CUST-1019,Tony Stark,Tokyo,Sports & Outdoors,Dumbbell Set,122.61,2,0.1,UPI / Digital Wallet,COMPLETED,2025-07-31 23:35:56
ORD-103188,CUST-1002,Charlie Brown,,Clothing,Cotton T-Shirt,32.57,1,0.25,UPI / Digital Wallet,COMPLETED,2025-12-24 04:06:44
ORD-103189,CUST-1006,George Clark,Toronto,Home & Kitchen,Espresso Machine,270.78,2,0.0,Apple Pay,RETURNED,2025-08-31 17:32:44
ORD-103190,CUST-1001,Bob Jones,Paris,Clothing,Sneakers,119.88,1,0.15,Apple Pay,COMPLETED,2025-11-23 23:34:50
ORD-103191,CUST-1016,Quentin Tarantino,Toronto,Home & Kitchen,Toaster,343.2,2,0.15,Credit Card,PENDING,2025-09-08 00:09:39
ORD-103192,CUST-1012,Michael Scott,Tokyo,Clothing,Cotton T-Shirt,133.38,4,0.05,Debit Card,COMPLETED,2025-09-19 15:46:55
ORD-103193,CUST-1000,Alice Smith,Berlin,Sports & Outdoors,Dumbbell Set,71.35,3,0.1,Credit Card,COMPLETED,2025-10-17 11:24:42
ORD-103194,CUST-1004,Evan Wright,Paris,Home & Kitchen,Air Fryer,101.34,4,0.15,Credit Card,COMPLETED,2025-08-12 11:05:38
ORD-103195,CUST-1014,Oscar Martinez,San Francisco,Books,Economics 101,39.07,1,0.0,Credit Card,PENDING,2025-08-14 14:19:27
ORD-103196,CUST-1000,Alice Smith,Toronto,Books,Biography,17.93,2,0.0,Credit Card,COMPLETED,2025-10-22 07:29:39
ORD-103197,CUST-1001,Bob Jones,London,Sports & Outdoors,Yoga Mat,166.82,1,0.0,Debit Card,PENDING,2025-12-31 09:07:14
ORD-103198,CUST-1009,Julia Roberts,Berlin,Sports & Outdoors,Water Bottle,84.48,1,0.2,Apple Pay,COMPLETED,2025-01-02 12:51:03
ORD-103199,CUST-1003,Diana Prince,Berlin,Home & Kitchen,Vacuum Cleaner,266.71,1,0.25,Apple Pay,COMPLETED,2025-06-17 03:17:38
ORD-103200,CUST-1014,Oscar Martinez,Sydney,Clothing,Winter Jacket,20.52,5,0.25,UPI / Digital Wallet,COMPLETED,2025-05-29 23:22:26
ORD-103201,CUST-1005,Fiona Gallagher,Singapore,Clothing,Winter Jacket,46.44,1,0.05,PayPal,PENDING,2025-12-23 22:42:09
ORD-103202,CUST-1013,Nora Jones,New York,Home & Kitchen,Vacuum Cleaner,157.47,1,0.2,Credit Card,COMPLETED,2025-04-09 14:45:09
ORD-103203,CUST-1004,Evan Wright,New York,Clothing,Denim Jeans,82.44,1,0.2,PayPal,COMPLETED,2025-04-17 20:57:59
ORD-103204,CUST-1008,Ian Malcolm,Mumbai,Clothing,Running Shoes,45.49,2,0.2,Apple Pay,RETURNED,2025-08-08 21:24:31
ORD-103205,CUST-1019,Tony Stark,Toronto,Books,Biography,26.75,2,0.1,UPI / Digital Wallet,CANCELLED,2025-05-12 23:26:38
ORD-103206,CUST-1007,Hannah Abbott,Paris,Sports & Outdoors,Hiking Backpack,105.34,2,0.15,Debit Card,RETURNED,2025-10-21 21:46:45
ORD-103207,CUST-1013,Nora Jones,Tokyo,Clothing,Hooded Sweatshirt,133.19,1,0.15,PayPal,CANCELLED,2025-12-14 19:43:36
ORD-103208,CUST-1007,Hannah Abbott,Tokyo,Electronics,Smartphone,325.61,1,0.2,UPI / Digital Wallet,RETURNED,2025-05-08 22:01:05
ORD-103209,CUST-1018,Steve Rogers,Tokyo,Books,Data Engineering Handbook,22.88,4,0.25,Debit Card,COMPLETED,2025-10-08 23:48:27
ORD-103210,CUST-1002,Charlie Brown,Sydney,Electronics,Smartphone,273.89,1,0.15,PayPal,COMPLETED,2025-04-22 09:30:13
ORD-103211,CUST-1017,Rachel Green,Tokyo,Books,Data Engineering Handbook,26.17,1,0.2,UPI / Digital Wallet,RETURNED,2025-12-20 19:50:08
ORD-103212,CUST-1005,Fiona Gallagher,Toronto,Clothing,Sneakers,86.46,4,0.1,Apple Pay,CANCELLED,2025-05-21 10:05:08
ORD-103213,CUST-1015,Pam Beesly,New York,Clothing,Cotton T-Shirt,115.21,1,0.15,UPI / Digital Wallet,RETURNED,2025-12-11 01:29:20
ORD-103214,CUST-1011,Laura Croft,Paris,Home & Kitchen,Vacuum Cleaner,220.58,1,0.2,UPI / Digital Wallet,COMPLETED,2025-03-28 04:02:48
ORD-103215,CUST-1018,Steve Rogers,London,Electronics,Laptop,1165.41,1,0.25,Apple Pay,COMPLETED,2025-04-10 02:31:20
ORD-103216,CUST-1001,Bob Jones,San Francisco,Sports & Outdoors,Camping Tent,219.8,1,0.05,PayPal,RETURNED,2025-12-01 04:56:17
ORD-103217,CUST-1013,Nora Jones,Toronto,Home & Kitchen,Cookware Set,130.82,1,0.1,Debit Card,COMPLETED,2025-12-13 16:01:40
ORD-103218,CUST-1004,Evan Wright,San Francisco,Sports & Outdoors,Dumbbell Set,157.86,1,0.1,Credit Card,COMPLETED,2025-01-24 10:15:55
ORD-103219,CUST-1004,Evan Wright,Berlin,Clothing,Running Shoes,53.41,1,0.0,Apple Pay,COMPLETED,2025-11-12 23:56:27
ORD-103220,CUST-1016,Quentin Tarantino,San Francisco,Home & Kitchen,Vacuum Cleaner,197.36,1,0.0,Credit Card,CANCELLED,2025-01-04 07:20:35
ORD-103221,CUST-1002,Charlie Brown,Berlin,Clothing,Winter Jacket,147.56,5,0.1,UPI / Digital Wallet,PENDING,2025-05-21 05:39:58
ORD-103222,CUST-1011,Laura Croft,San Francisco,Electronics,Laptop,104.88,1,0.25,PayPal,CANCELLED,2025-06-27 07:47:27
ORD-103223,CUST-1008,Ian Malcolm,Mumbai,Electronics,Bluetooth Speaker,1060.53,1,0.25,Debit Card,COMPLETED,2025-08-19 01:55:44
ORD-103224,CUST-1001,Bob Jones,London,Clothing,Cotton T-Shirt,80.67,1,0.15,UPI / Digital Wallet,RETURNED,2025-10-12 10:55:54
ORD-103225,CUST-1011,Laura Croft,Toronto,Home & Kitchen,Cookware Set,256.77,3,0.0,Apple Pay,COMPLETED,2025-10-21 00:46:17
ORD-103226,CUST-1002,Charlie Brown,New York,Electronics,Smartwatch,806.03,1,0.05,PayPal,PENDING,2025-12-17 17:56:48
ORD-103227,CUST-1005,Fiona Gallagher,San Francisco,Books,Sci-Fi Novel,37.1,4,0.25,Credit Card,COMPLETED,2025-10-15 05:42:37
ORD-103228,CUST-1005,Fiona Gallagher,Singapore,Home & Kitchen,Vacuum Cleaner,203.67,1,0.15,Debit Card,COMPLETED,2025-01-12 08:10:43
ORD-103229,CUST-1012,Michael Scott,Toronto,Electronics,Bluetooth Speaker,671.76,2,0.2,UPI / Digital Wallet,PENDING,2025-03-15 02:07:14
ORD-103230,CUST-1018,Steve Rogers,Singapore,Books,Data Engineering Handbook,30.63,3,0.25,PayPal,RETURNED,2025-02-11 05:39:01
ORD-103231,CUST-1017,Rachel Green,San Francisco,Clothing,Running Shoes,98.58,4,0.05,Credit Card,CANCELLED,2025-12-03 07:24:05
ORD-103232,CUST-1002,Charlie Brown,San Francisco,Sports & Outdoors,Dumbbell Set,26.99,4,0.2,PayPal,COMPLETED,2025-09-03 17:20:48
ORD-103233,CUST-1002,Charlie Brown,Toronto,Electronics,Smartwatch,639.62,2,0.05,Apple Pay,RETURNED,2025-03-10 14:15:08
ORD-103234,CUST-1016,Quentin Tarantino,Sydney,Electronics,4K Monitor,1182.7,1,0.05,PayPal,CANCELLED,2025-05-29 10:28:55
ORD-103235,CUST-1000,Alice Smith,Sydney,Home & Kitchen,Blender,297.02,2,0.0,PayPal,COMPLETED,2025-10-10 14:29:39
ORD-103236,CUST-1016,Quentin Tarantino,Tokyo,Clothing,Running Shoes,15.43,1,0.2,PayPal,CANCELLED,2025-06-03 14:34:42
ORD-103237,CUST-1001,Bob Jones,Singapore,Home & Kitchen,Air Fryer,111.48,2,0.1,Apple Pay,COMPLETED,2025-06-18 09:25:50
ORD-103238,CUST-1019,Tony Stark,,Books,Data Engineering Handbook,36.21,2,0.2,Apple Pay,RETURNED,2025-12-27 12:09:39
ORD-103239,CUST-1012,Michael Scott,Mumbai,Sports & Outdoors,Dumbbell Set,144.74,2,0.15,Debit Card,COMPLETED,2025-02-14 19:28:12
ORD-103240,CUST-1002,Charlie Brown,New York,Books,Data Engineering Handbook,21.28,1,0.1,Apple Pay,COMPLETED,2025-11-29 07:15:15
ORD-103241,CUST-1000,Alice Smith,Mumbai,Sports & Outdoors,Water Bottle,214.39,1,0.25,UPI / Digital Wallet,COMPLETED,2025-08-22 09:05:55
ORD-103242,CUST-1001,Bob Jones,New York,Home & Kitchen,Blender,307.91,3,0.15,UPI / Digital Wallet,RETURNED,2025-06-25 20:22:17
ORD-103243,CUST-1002,Charlie Brown,Sydney,Home & Kitchen,Cookware Set,81.92,2,0.15,UPI / Digital Wallet,COMPLETED,2025-02-20 04:17:17
ORD-103244,CUST-1019,Tony Stark,New York,Clothing,Winter Jacket,26.72,1,0.2,Apple Pay,COMPLETED,2025-07-20 17:14:39
ORD-103245,CUST-1007,Hannah Abbott,London,Sports & Outdoors,Water Bottle,36.77,1,0.1,Debit Card,COMPLETED,2025-10-31 14:15:12
ORD-103246,CUST-1019,Tony Stark,Toronto,Electronics,Smartphone,902.11,5,0.0,Debit Card,PENDING,2025-03-18 17:19:58
ORD-103247,CUST-1014,Oscar Martinez,Tokyo,Clothing,Cotton T-Shirt,106.17,1,0.0,Debit Card,COMPLETED,2025-04-08 04:01:28
ORD-103248,CUST-1002,Charlie Brown,Mumbai,Books,Sci-Fi Novel,29.43,1,0.05,PayPal,COMPLETED,2025-03-13 03:37:35
ORD-103249,CUST-1002,Charlie Brown,Berlin,Home & Kitchen,Cookware Set,180.47,2,0.1,Debit Card,COMPLETED,2025-12-08 00:30:56
ORD-103250,CUST-1002,Charlie Brown,Toronto,Home & Kitchen,Vacuum Cleaner,223.66,1,0.1,Credit Card,COMPLETED,2025-05-08 15:07:48
ORD-103251,CUST-1017,Rachel Green,Sydney,Home & Kitchen,Cookware Set,79.6,1,0.2,PayPal,PENDING,2025-02-13 17:56:29
ORD-103252,CUST-1016,Quentin Tarantino,Tokyo,Sports & Outdoors,Yoga Mat,160.65,2,0.25,Apple Pay,COMPLETED,2025-03-11 05:29:40
ORD-103253,CUST-1019,Tony Stark,,Electronics,4K Monitor,1044.39,3,0.15,UPI / Digital Wallet,PENDING,2025-01-27 22:13:56
ORD-103254,CUST-1004,Evan Wright,Toronto,Home & Kitchen,Air Fryer,76.17,2,0.05,Debit Card,COMPLETED,2025-02-01 17:59:24
ORD-103255,CUST-1012,Michael Scott,Mumbai,Books,History of Computing,35.6,1,0.25,Debit Card,RETURNED,2025-12-12 21:50:43
ORD-103256,CUST-1006,George Clark,Paris,Sports & Outdoors,Dumbbell Set,196.44,4,0.25,UPI / Digital Wallet,COMPLETED,2025-04-22 00:27:44
ORD-103257,CUST-1004,Evan Wright,Singapore,Sports & Outdoors,Bicycle Helmet,235.58,3,0.25,Apple Pay,COMPLETED,2025-07-06 14:02:38
ORD-103258,CUST-1009,Julia Roberts,Singapore,Home & Kitchen,Espresso Machine,147.3,1,0.1,UPI / Digital Wallet,PENDING,2025-05-24 06:19:51
ORD-103259,CUST-1010,Kevin Bacon,London,Home & Kitchen,Toaster,163.57,1,0.2,Debit Card,COMPLETED,2025-10-14 21:29:05
ORD-103260,CUST-1012,Michael Scott,Paris,Home & Kitchen,Air Fryer,320.29,5,0.2,Credit Card,COMPLETED,2025-09-01 22:12:46
ORD-103261,CUST-1002,Charlie Brown,Paris,Electronics,Wireless Headphones,531.68,1,0.1,Debit Card,RETURNED,2025-05-08 22:25:07
ORD-103262,CUST-1011,Laura Croft,Sydney,Clothing,Denim Jeans,58.36,5,0.0,UPI / Digital Wallet,CANCELLED,2025-09-23 09:31:19
ORD-103263,CUST-1014,Oscar Martinez,Tokyo,Home & Kitchen,Blender,37.52,1,0.25,PayPal,COMPLETED,2025-10-02 18:07:58
ORD-103264,CUST-1000,Alice Smith,London,Electronics,Laptop,183.14,3,0.1,Debit Card,RETURNED,2025-08-20 21:23:55
ORD-103265,CUST-1019,Tony Stark,New York,Electronics,4K Monitor,441.62,1,0.1,Debit Card,COMPLETED,2025-02-15 17:27:20
ORD-103266,CUST-1011,Laura Croft,Berlin,Books,Economics 101,19.38,1,0.2,Apple Pay,COMPLETED,2025-01-30 05:10:39
ORD-103267,CUST-1002,Charlie Brown,Berlin,Sports & Outdoors,Bicycle Helmet,185.35,5,0.1,Apple Pay,COMPLETED,2025-02-26 08:28:46
ORD-103268,CUST-1010,Kevin Bacon,Mumbai,Home & Kitchen,Cookware Set,244.7,1,0.2,Debit Card,CANCELLED,2025-03-15 21:27:35
ORD-103269,CUST-1003,Diana Prince,London,Electronics,Wireless Headphones,90.49,1,0.1,PayPal,COMPLETED,2025-04-07 05:10:39
ORD-103270,CUST-1012,Michael Scott,Mumbai,Home & Kitchen,Espresso Machine,233.79,5,0.05,Apple Pay,CANCELLED,2025-04-15 13:54:26
ORD-103271,CUST-1013,Nora Jones,Tokyo,Electronics,Laptop,940.06,1,0.0,PayPal,COMPLETED,2025-02-08 03:14:13
ORD-103272,CUST-1008,Ian Malcolm,San Francisco,Books,Economics 101,29.08,1,0.15,Apple Pay,CANCELLED,2025-10-16 18:48:51
ORD-103273,CUST-1005,Fiona Gallagher,Tokyo,Home & Kitchen,Air Fryer,34.77,2,0.1,PayPal,CANCELLED,2025-08-02 12:42:59
ORD-103274,CUST-1011,Laura Croft,Mumbai,Electronics,Smartphone,443.98,2,0.25,Debit Card,COMPLETED,2025-01-05 17:01:30
ORD-103275,CUST-1017,Rachel Green,Paris,Books,History of Computing,14.69,2,0.05,Credit Card,CANCELLED,2025-09-30 18:32:41
ORD-103276,CUST-1012,Michael Scott,Tokyo,Home & Kitchen,Air Fryer,33.77,2,0.25,Debit Card,COMPLETED,2025-04-19 07:14:03
ORD-103277,CUST-1012,Michael Scott,Tokyo,Books,History of Computing,17.82,2,0.0,PayPal,CANCELLED,2025-11-24 08:53:36
ORD-103278,CUST-1008,Ian Malcolm,Paris,Home & Kitchen,Espresso Machine,347.18,3,0.05,PayPal,CANCELLED,2025-12-27 22:14:04
ORD-103279,CUST-1007,Hannah Abbott,New York,Sports & Outdoors,Yoga Mat,16.07,1,0.1,PayPal,RETURNED,2025-03-30 10:37:56
ORD-103280,CUST-1018,Steve Rogers,Mumbai,Home & Kitchen,Espresso Machine,119.03,2,0.25,UPI / Digital Wallet,COMPLETED,2025-07-09 22:04:46
ORD-103281,CUST-1018,Steve Rogers,Mumbai,Electronics,Smartwatch,140.18,1,0.25,Apple Pay,COMPLETED,2025-10-04 00:31:50
ORD-103282,CUST-1016,Quentin Tarantino,Sydney,Electronics,Wireless Headphones,73.95,2,0.0,PayPal,COMPLETED,2025-07-13 01:35:11
ORD-103283,CUST-1014,Oscar Martinez,London,Clothing,Sneakers,87.17,4,0.05,PayPal,COMPLETED,2025-03-05 20:52:01
ORD-103284,CUST-1015,Pam Beesly,Tokyo,Electronics,Smartphone,659.91,1,0.15,Credit Card,COMPLETED,2025-07-26 05:15:27
ORD-103285,CUST-1006,George Clark,San Francisco,Books,Cookbook,21.37,3,0.1,UPI / Digital Wallet,PENDING,2025-07-05 11:52:40
ORD-103286,CUST-1019,Tony Stark,London,Sports & Outdoors,Yoga Mat,70.92,1,0.25,Credit Card,PENDING,2025-09-30 02:17:31
ORD-103287,CUST-1005,Fiona Gallagher,Toronto,Home & Kitchen,Blender,294.08,3,0.25,PayPal,CANCELLED,2025-08-09 22:04:10
ORD-103288,CUST-1010,Kevin Bacon,Toronto,Clothing,Cotton T-Shirt,140.27,1,0.0,Apple Pay,COMPLETED,2025-07-01 16:41:58
ORD-103289,CUST-1010,Kevin Bacon,Toronto,Sports & Outdoors,Water Bottle,244.59,1,0.15,UPI / Digital Wallet,COMPLETED,2025-04-16 21:32:23
ORD-103290,CUST-1016,Quentin Tarantino,Paris,Sports & Outdoors,Camping Tent,103.26,2,0.05,Debit Card,COMPLETED,2025-07-06 20:15:37
ORD-103291,CUST-1007,Hannah Abbott,Tokyo,Electronics,Wireless Headphones,743.42,-1,0.05,Apple Pay,CANCELLED,2025-12-18 06:51:48
ORD-103292,CUST-1006,George Clark,San Francisco,Electronics,Laptop,1127.0,1,0.05,UPI / Digital Wallet,CANCELLED,2025-01-20 17:36:03
ORD-103293,CUST-1019,Tony Stark,San Francisco,Home & Kitchen,Espresso Machine,309.87,1,0.1,PayPal,COMPLETED,2025-05-12 09:32:16
ORD-103294,CUST-1013,Nora Jones,Toronto,Electronics,Smartwatch,771.37,1,0.0,PayPal,PENDING,2025-03-28 03:25:20
ORD-103295,CUST-1016,Quentin Tarantino,Toronto,Home & Kitchen,Air Fryer,265.94,1,0.15,PayPal,COMPLETED,2025-05-24 12:00:22
ORD-103296,CUST-1004,Evan Wright,Tokyo,Clothing,Hooded Sweatshirt,124.19,1,0.0,PayPal,COMPLETED,2025-02-13 01:11:55
ORD-103297,CUST-1017,Rachel Green,New York,Home & Kitchen,Cookware Set,58.41,1,0.2,Debit Card,RETURNED,2025-04-12 03:54:40
ORD-103298,CUST-1011,Laura Croft,Sydney,Home & Kitchen,Cookware Set,278.69,2,0.05,UPI / Digital Wallet,PENDING,2025-09-11 11:16:17
ORD-103299,CUST-1012,Michael Scott,Paris,Clothing,Running Shoes,27.52,2,0.2,UPI / Digital Wallet,PENDING,2025-12-01 04:05:55
ORD-103300,CUST-1007,Hannah Abbott,Singapore,Books,Biography,21.85,2,0.15,Credit Card,CANCELLED,2025-06-02 21:53:11
ORD-103301,CUST-1019,Tony Stark,London,Books,Sci-Fi Novel,31.03,1,0.1,Apple Pay,COMPLETED,2025-10-29 23:19:03
ORD-103302,CUST-1002,Charlie Brown,Paris,Electronics,Bluetooth Speaker,248.68,1,0.15,Debit Card,CANCELLED,2025-06-09 23:45:25
ORD-103303,CUST-1009,Julia Roberts,Mumbai,Electronics,Wireless Headphones,613.98,3,0.25,Debit Card,PENDING,2025-01-26 23:08:07
ORD-103304,CUST-1001,Bob Jones,Toronto,Electronics,Bluetooth Speaker,82.85,3,0.0,UPI / Digital Wallet,COMPLETED,2025-10-01 23:00:57
ORD-103305,CUST-1014,Oscar Martinez,Sydney,Clothing,Hooded Sweatshirt,101.98,2,0.05,Debit Card,COMPLETED,2025-08-02 18:28:28
ORD-103306,CUST-1006,George Clark,Sydney,Sports & Outdoors,Yoga Mat,53.09,2,0.15,Credit Card,COMPLETED,2025-11-23 03:54:09
ORD-103307,CUST-1017,Rachel Green,New York,Books,Economics 101,31.0,2,0.05,Credit Card,COMPLETED,2025-05-06 19:14:03
ORD-103308,CUST-1004,Evan Wright,Toronto,Clothing,Running Shoes,137.75,2,0.15,Credit Card,COMPLETED,2025-04-16 13:58:03
ORD-103309,CUST-1007,Hannah Abbott,Tokyo,Electronics,Smartphone,767.23,1,0.05,Credit Card,PENDING,2025-09-13 13:38:20
ORD-103310,CUST-1006,George Clark,Paris,Home & Kitchen,Blender,170.18,2,0.0,UPI / Digital Wallet,COMPLETED,2025-03-19 19:58:56
ORD-103311,CUST-1017,Rachel Green,Toronto,Sports & Outdoors,Water Bottle,178.96,1,0.1,UPI / Digital Wallet,COMPLETED,2025-02-02 14:38:29
ORD-103312,CUST-1013,Nora Jones,Sydney,Books,Sci-Fi Novel,34.04,3,0.25,Credit Card,COMPLETED,2025-09-29 02:52:54
ORD-103313,CUST-1017,Rachel Green,Mumbai,Clothing,Winter Jacket,111.64,1,0.15,Debit Card,RETURNED,2025-08-19 04:13:14
ORD-103314,CUST-1004,Evan Wright,Tokyo,Electronics,Smartphone,412.0,1,0.2,Apple Pay,CANCELLED,2025-12-09 19:16:07
ORD-103315,CUST-1005,Fiona Gallagher,Berlin,Books,Data Engineering Handbook,40.01,2,0.2,Credit Card,RETURNED,2025-09-29 11:17:58
ORD-103316,CUST-1002,Charlie Brown,London,Electronics,Smartphone,598.13,3,0.1,Credit Card,COMPLETED,2025-05-19 17:52:15
ORD-103317,CUST-1002,Charlie Brown,Toronto,Electronics,4K Monitor,1172.46,5,0.25,Debit Card,CANCELLED,2025-12-02 12:15:58
ORD-103318,CUST-1013,Nora Jones,San Francisco,Clothing,Hooded Sweatshirt,66.22,5,0.1,Credit Card,COMPLETED,2025-04-13 15:59:50
ORD-103319,CUST-1019,Tony Stark,Toronto,Books,History of Computing,32.24,2,0.2,Debit Card,COMPLETED,2025-06-08 08:01:49
ORD-103320,CUST-1010,Kevin Bacon,Mumbai,Sports & Outdoors,Dumbbell Set,214.85,2,0.2,Apple Pay,COMPLETED,2025-03-14 03:10:19
ORD-103321,CUST-1019,Tony Stark,Mumbai,Books,History of Computing,32.29,2,0.0,Debit Card,COMPLETED,2025-11-02 08:43:04
ORD-103322,CUST-1006,George Clark,San Francisco,Books,History of Computing,18.68,2,0.0,PayPal,COMPLETED,2025-05-19 02:50:17
ORD-103323,CUST-1007,Hannah Abbott,Sydney,Books,Data Engineering Handbook,15.81,1,0.05,Debit Card,CANCELLED,2025-12-15 09:29:54
ORD-103324,CUST-1011,Laura Croft,Tokyo,Sports & Outdoors,Water Bottle,37.72,1,0.05,PayPal,PENDING,2025-06-18 16:18:28
ORD-103325,CUST-1004,Evan Wright,San Francisco,Books,Economics 101,25.88,3,0.1,Credit Card,CANCELLED,2025-09-30 21:55:13
ORD-103326,CUST-1004,Evan Wright,Tokyo,Books,Cookbook,35.13,1,0.15,PayPal,RETURNED,2025-07-07 17:46:01
ORD-103327,CUST-1019,Tony Stark,San Francisco,Home & Kitchen,Air Fryer,187.86,2,0.2,Apple Pay,COMPLETED,2025-09-15 13:31:33
ORD-103328,CUST-1016,Quentin Tarantino,Singapore,Home & Kitchen,Espresso Machine,40.28,1,0.25,Apple Pay,PENDING,2025-04-09 17:45:06
ORD-103329,CUST-1014,,Mumbai,Electronics,Wireless Headphones,1189.96,1,0.0,UPI / Digital Wallet,COMPLETED,2025-03-22 02:12:50
ORD-103330,CUST-1019,Tony Stark,San Francisco,Clothing,Running Shoes,148.08,3,0.05,Apple Pay,COMPLETED,2025-02-07 11:14:53
ORD-103331,CUST-1007,Hannah Abbott,Singapore,Books,History of Computing,16.52,2,0.05,Credit Card,CANCELLED,2025-07-21 03:19:29
ORD-103332,CUST-1000,Alice Smith,New York,Electronics,Bluetooth Speaker,184.84,1,0.25,PayPal,CANCELLED,2025-05-31 10:47:46
ORD-103333,CUST-1008,Ian Malcolm,Paris,Clothing,Hooded Sweatshirt,141.01,1,0.1,Debit Card,CANCELLED,2025-05-30 03:35:05
ORD-103334,CUST-1014,Oscar Martinez,Tokyo,Clothing,Hooded Sweatshirt,123.98,-1,0.15,Debit Card,COMPLETED,2025-01-18 07:37:02
ORD-103335,CUST-1014,Oscar Martinez,Mumbai,Books,Sci-Fi Novel,42.86,1,0.15,PayPal,COMPLETED,2025-05-06 23:19:56
ORD-103336,CUST-1007,Hannah Abbott,London,Clothing,Denim Jeans,96.24,2,0.2,PayPal,CANCELLED,2025-07-16 13:04:16
ORD-103337,CUST-1007,Hannah Abbott,New York,Home & Kitchen,Cookware Set,312.43,5,0.15,Credit Card,PENDING,2025-01-26 18:18:21
ORD-103338,CUST-1013,Nora Jones,Berlin,Books,Cookbook,11.85,3,0.15,Apple Pay,RETURNED,2025-08-14 18:39:16
ORD-103339,CUST-1017,Rachel Green,Mumbai,Home & Kitchen,Espresso Machine,313.75,1,0.15,Apple Pay,COMPLETED,2025-08-20 09:34:12
ORD-103340,CUST-1019,Tony Stark,London,Electronics,Wireless Headphones,667.21,4,0.1,Apple Pay,COMPLETED,2025-01-11 04:27:45
ORD-103341,CUST-1010,Kevin Bacon,Mumbai,Books,Biography,24.39,2,0.1,UPI / Digital Wallet,COMPLETED,2025-11-03 17:50:44
ORD-103342,CUST-1004,Evan Wright,Berlin,Clothing,Hooded Sweatshirt,104.88,5,0.25,UPI / Digital Wallet,RETURNED,2025-03-19 02:00:48
ORD-103343,CUST-1004,Evan Wright,New York,Clothing,Cotton T-Shirt,62.38,1,0.25,Credit Card,COMPLETED,2025-04-08 23:19:37
ORD-103344,CUST-1007,Hannah Abbott,San Francisco,Sports & Outdoors,Bicycle Helmet,201.54,2,0.05,PayPal,COMPLETED,2025-02-28 08:21:26
ORD-103345,CUST-1019,,,Clothing,Hooded Sweatshirt,68.1,2,0.25,Debit Card,COMPLETED,2025-04-30 11:34:08
ORD-103346,CUST-1016,Quentin Tarantino,New York,Home & Kitchen,Vacuum Cleaner,170.08,1,0.05,PayPal,COMPLETED,2025-10-14 01:23:18
ORD-103347,CUST-1005,Fiona Gallagher,Mumbai,Electronics,4K Monitor,326.9,1,0.1,Debit Card,COMPLETED,2025-11-19 13:47:18
ORD-103348,CUST-1018,Steve Rogers,Sydney,Electronics,Laptop,689.6,3,0.25,UPI / Digital Wallet,PENDING,2025-05-16 13:38:51
ORD-103349,CUST-1013,Nora Jones,Sydney,Clothing,Running Shoes,121.32,1,0.1,Debit Card,COMPLETED,2025-01-19 04:01:18
ORD-103350,CUST-1006,George Clark,New York,Clothing,Hooded Sweatshirt,52.44,1,0.05,Debit Card,COMPLETED,2025-11-27 11:33:31
ORD-103351,CUST-1018,Steve Rogers,Paris,Clothing,Hooded Sweatshirt,134.07,1,0.0,Apple Pay,RETURNED,2025-05-22 02:07:32
ORD-103352,CUST-1012,Michael Scott,Mumbai,Sports & Outdoors,Dumbbell Set,208.18,1,0.15,Debit Card,PENDING,2025-12-15 17:39:58
ORD-103353,CUST-1006,George Clark,Singapore,Sports & Outdoors,Hiking Backpack,73.59,1,0.25,UPI / Digital Wallet,COMPLETED,2025-11-12 23:05:51
ORD-103354,CUST-1010,Kevin Bacon,Toronto,Books,Economics 101,44.58,2,0.1,UPI / Digital Wallet,COMPLETED,2025-12-08 22:12:17
ORD-103355,CUST-1011,Laura Croft,Tokyo,Books,Cookbook,40.24,2,0.0,Apple Pay,COMPLETED,2025-02-01 21:49:26
ORD-103356,CUST-1019,Tony Stark,Sydney,Home & Kitchen,Toaster,127.52,2,0.2,UPI / Digital Wallet,COMPLETED,2025-09-08 05:21:25
ORD-103357,CUST-1012,Michael Scott,San Francisco,Clothing,Cotton T-Shirt,97.51,2,0.05,Debit Card,COMPLETED,2025-05-15 10:35:06
ORD-103358,CUST-1010,Kevin Bacon,Mumbai,Clothing,Hooded Sweatshirt,21.74,1,0.15,UPI / Digital Wallet,PENDING,2025-02-23 00:11:39
ORD-103359,CUST-1009,Julia Roberts,Mumbai,Sports & Outdoors,Camping Tent,69.98,2,0.25,Credit Card,COMPLETED,2025-10-06 08:25:11
ORD-103360,CUST-1018,Steve Rogers,Berlin,Electronics,Laptop,559.42,1,0.25,Credit Card,PENDING,2025-02-14 13:04:06
ORD-103361,CUST-1010,Kevin Bacon,New York,Books,Data Engineering Handbook,13.92,3,0.05,PayPal,PENDING,2025-06-06 09:20:32
ORD-103362,CUST-1017,Rachel Green,Mumbai,Sports & Outdoors,Yoga Mat,132.54,2,0.15,Credit Card,COMPLETED,2025-10-11 18:14:17
ORD-103363,CUST-1018,Steve Rogers,New York,Sports & Outdoors,Bicycle Helmet,18.41,1,0.1,PayPal,COMPLETED,2025-08-15 09:50:54
ORD-103364,CUST-1003,Diana Prince,Mumbai,Electronics,Laptop,1067.34,2,0.05,Debit Card,CANCELLED,2025-03-07 13:16:16
ORD-103365,CUST-1014,Oscar Martinez,San Francisco,Sports & Outdoors,Dumbbell Set,46.5,1,0.05,Credit Card,COMPLETED,2025-10-20 07:26:18
ORD-103366,CUST-1001,Bob Jones,Berlin,Clothing,Sneakers,89.01,3,0.05,PayPal,RETURNED,2025-08-05 10:20:10
ORD-103367,CUST-1013,Nora Jones,London,Books,Sci-Fi Novel,25.0,2,0.0,Credit Card,CANCELLED,2025-06-13 07:31:40
ORD-103368,CUST-1007,Hannah Abbott,Singapore,Books,Sci-Fi Novel,35.39,1,0.0,PayPal,COMPLETED,2025-12-02 11:22:50
ORD-103369,CUST-1013,Nora Jones,Singapore,Sports & Outdoors,Yoga Mat,137.26,2,0.1,Debit Card,RETURNED,2025-06-01 04:14:40
ORD-103370,CUST-1014,Oscar Martinez,Sydney,Home & Kitchen,Toaster,185.15,1,0.25,Credit Card,COMPLETED,2025-08-27 06:52:51
ORD-103371,CUST-1012,Michael Scott,Toronto,Home & Kitchen,Air Fryer,100.28,3,0.2,Apple Pay,COMPLETED,2025-04-30 23:37:51
ORD-103372,CUST-1018,Steve Rogers,San Francisco,Sports & Outdoors,Dumbbell Set,177.29,-1,0.1,UPI / Digital Wallet,CANCELLED,2025-05-29 07:13:12
ORD-103373,CUST-1004,Evan Wright,Mumbai,Clothing,Winter Jacket,142.68,1,0.15,UPI / Digital Wallet,PENDING,2025-11-17 03:51:03
ORD-103374,CUST-1002,Charlie Brown,Singapore,Sports & Outdoors,Yoga Mat,214.21,2,0.05,UPI / Digital Wallet,COMPLETED,2025-01-23 02:26:15
ORD-103375,CUST-1010,Kevin Bacon,Mumbai,Electronics,Smartwatch,596.92,5,0.25,Apple Pay,COMPLETED,2025-04-11 02:08:08
ORD-103376,CUST-1010,Kevin Bacon,Sydney,Sports & Outdoors,Dumbbell Set,222.38,2,0.2,UPI / Digital Wallet,COMPLETED,2025-03-26 23:40:05
ORD-103377,CUST-1019,Tony Stark,Paris,Home & Kitchen,Blender,272.45,3,0.25,PayPal,COMPLETED,2025-07-21 15:51:56
ORD-103378,CUST-1001,Bob Jones,Mumbai,Electronics,4K Monitor,472.62,3,0.25,Debit Card,CANCELLED,2025-10-05 17:11:38
ORD-103379,CUST-1019,Tony Stark,San Francisco,Home & Kitchen,Espresso Machine,68.31,1,0.0,Apple Pay,COMPLETED,2025-05-08 12:12:53
ORD-103380,CUST-1015,Pam Beesly,Paris,Books,Sci-Fi Novel,25.23,2,0.05,Apple Pay,PENDING,2025-04-09 18:54:55
ORD-103381,CUST-1010,Kevin Bacon,New York,Clothing,Hooded Sweatshirt,111.88,1,0.25,Apple Pay,COMPLETED,2025-01-23 05:46:12
ORD-103382,CUST-1015,Pam Beesly,San Francisco,Books,Biography,23.79,3,0.25,Debit Card,PENDING,2025-12-03 18:59:46
ORD-103383,CUST-1017,Rachel Green,San Francisco,Clothing,Cotton T-Shirt,104.86,1,0.25,Apple Pay,COMPLETED,2025-10-02 05:59:13
ORD-103384,CUST-1011,Laura Croft,Sydney,Clothing,Sneakers,83.24,2,0.2,PayPal,COMPLETED,2025-04-19 14:04:43
ORD-103385,CUST-1010,Kevin Bacon,Mumbai,Electronics,Smartphone,151.6,4,0.15,PayPal,PENDING,2025-12-23 06:40:25
ORD-103386,CUST-1016,Quentin Tarantino,Berlin,Clothing,Hooded Sweatshirt,40.93,1,0.15,Debit Card,COMPLETED,2025-08-18 02:36:39
ORD-103387,CUST-1009,Julia Roberts,Singapore,Sports & Outdoors,Camping Tent,68.0,2,0.1,Debit Card,COMPLETED,2025-05-01 21:29:07
ORD-103388,CUST-1018,Steve Rogers,Singapore,Home & Kitchen,Toaster,163.62,1,0.1,UPI / Digital Wallet,PENDING,2025-12-04 03:47:37
ORD-103389,CUST-1002,Charlie Brown,Mumbai,Home & Kitchen,Blender,38.97,4,0.2,Debit Card,COMPLETED,2025-11-23 20:14:14
ORD-103390,CUST-1009,Julia Roberts,Sydney,Sports & Outdoors,Water Bottle,232.03,1,0.1,Debit Card,CANCELLED,2025-10-15 00:43:22
ORD-103391,CUST-1001,Bob Jones,New York,Books,Sci-Fi Novel,39.64,1,0.25,Apple Pay,COMPLETED,2025-02-20 08:26:11
ORD-103392,CUST-1014,Oscar Martinez,Singapore,Electronics,Laptop,1135.18,1,0.1,PayPal,PENDING,2025-07-11 15:49:58
ORD-103393,CUST-1002,Charlie Brown,Berlin,Clothing,Hooded Sweatshirt,67.01,2,0.0,Apple Pay,CANCELLED,2025-10-30 01:47:23
ORD-103394,CUST-1010,Kevin Bacon,Mumbai,Books,Sci-Fi Novel,44.51,5,0.05,Apple Pay,COMPLETED,2025-10-21 13:59:57
ORD-103395,CUST-1002,Charlie Brown,Mumbai,Sports & Outdoors,Dumbbell Set,44.86,1,0.25,UPI / Digital Wallet,COMPLETED,2025-09-13 20:22:13
ORD-103396,CUST-1017,Rachel Green,London,Sports & Outdoors,Camping Tent,127.59,2,0.05,UPI / Digital Wallet,PENDING,2025-04-16 07:50:55
ORD-103397,CUST-1010,Kevin Bacon,London,Electronics,Wireless Headphones,497.56,1,0.05,Credit Card,COMPLETED,2025-02-14 21:56:28
ORD-103398,CUST-1018,Steve Rogers,Mumbai,Books,Sci-Fi Novel,35.33,2,0.05,Apple Pay,RETURNED,2025-06-27 11:38:46
ORD-103399,CUST-1006,George Clark,Sydney,Home & Kitchen,Toaster,149.93,1,0.25,Credit Card,COMPLETED,2025-06-15 17:39:43
ORD-103400,CUST-1014,Oscar Martinez,Mumbai,Books,Economics 101,16.45,5,0.05,Debit Card,COMPLETED,2025-11-01 10:05:21
ORD-103401,CUST-1003,Diana Prince,Toronto,Home & Kitchen,Cookware Set,340.65,1,0.25,PayPal,COMPLETED,2025-04-09 19:47:53
ORD-103402,CUST-1006,George Clark,,Books,History of Computing,26.8,4,0.1,Credit Card,RETURNED,2025-01-04 02:34:48
ORD-103403,CUST-1007,Hannah Abbott,London,Electronics,Wireless Headphones,278.61,1,0.1,Credit Card,COMPLETED,2025-03-05 00:15:15
ORD-103404,CUST-1002,Charlie Brown,Mumbai,Clothing,Running Shoes,122.6,2,0.2,Apple Pay,CANCELLED,2025-03-13 06:55:38
ORD-103405,CUST-1007,Hannah Abbott,San Francisco,Books,Biography,42.0,1,0.2,PayPal,CANCELLED,2025-05-27 06:16:03
ORD-103406,CUST-1011,Laura Croft,Paris,Electronics,Laptop,474.49,2,0.1,Apple Pay,RETURNED,2025-12-06 05:34:34
ORD-103407,CUST-1004,Evan Wright,Berlin,Clothing,Sneakers,131.69,1,0.2,Debit Card,PENDING,2025-08-17 16:28:58
ORD-103408,CUST-1001,Bob Jones,Mumbai,Sports & Outdoors,Dumbbell Set,228.11,4,0.0,UPI / Digital Wallet,COMPLETED,2025-01-13 20:17:11
ORD-103409,CUST-1010,Kevin Bacon,Berlin,Sports & Outdoors,Yoga Mat,22.97,1,0.25,Credit Card,RETURNED,2025-02-01 02:22:36
ORD-103410,CUST-1018,Steve Rogers,Berlin,Books,History of Computing,23.03,3,0.1,PayPal,PENDING,2025-04-28 02:10:09
ORD-103411,CUST-1005,Fiona Gallagher,Tokyo,Sports & Outdoors,Yoga Mat,136.55,1,0.0,UPI / Digital Wallet,PENDING,2025-06-15 16:14:14
ORD-103412,CUST-1003,Diana Prince,Paris,Electronics,Wireless Headphones,290.85,1,0.2,Credit Card,COMPLETED,2025-07-26 22:35:19
ORD-103413,CUST-1014,Oscar Martinez,Toronto,Sports & Outdoors,Hiking Backpack,202.74,1,0.1,Credit Card,COMPLETED,2025-12-15 20:02:22
ORD-103414,CUST-1009,Julia Roberts,San Francisco,Home & Kitchen,Air Fryer,73.94,2,0.1,Debit Card,PENDING,2025-12-13 01:33:05
ORD-103415,CUST-1007,Hannah Abbott,Toronto,Books,Data Engineering Handbook,26.08,1,0.1,Credit Card,CANCELLED,2025-01-19 16:17:48
ORD-103416,CUST-1006,George Clark,Paris,Books,Biography,34.81,3,0.2,PayPal,PENDING,2025-10-05 13:02:16
ORD-103417,CUST-1011,Laura Croft,Sydney,Clothing,Sneakers,15.55,1,0.0,Credit Card,PENDING,2025-05-29 09:59:19
ORD-103418,CUST-1015,Pam Beesly,London,Electronics,Bluetooth Speaker,526.02,2,0.1,Apple Pay,COMPLETED,2025-02-11 23:52:52
ORD-103419,CUST-1000,Alice Smith,Sydney,Home & Kitchen,Cookware Set,227.47,-1,0.2,Debit Card,COMPLETED,2025-04-13 02:27:17
ORD-103420,CUST-1014,Oscar Martinez,Toronto,Sports & Outdoors,Hiking Backpack,119.67,4,0.2,Credit Card,COMPLETED,2025-03-10 05:28:28
ORD-103421,CUST-1008,Ian Malcolm,Sydney,Books,Cookbook,23.36,3,0.0,Apple Pay,COMPLETED,2025-08-27 04:58:33
ORD-103422,CUST-1009,Julia Roberts,London,Electronics,Smartwatch,426.88,3,0.1,PayPal,COMPLETED,2025-03-06 11:42:48
ORD-103423,CUST-1002,Charlie Brown,San Francisco,Clothing,Denim Jeans,140.98,5,0.1,UPI / Digital Wallet,COMPLETED,2025-05-02 17:06:26
ORD-103424,CUST-1007,Hannah Abbott,Mumbai,Clothing,Cotton T-Shirt,93.84,1,0.15,Debit Card,RETURNED,2025-01-17 05:03:20
ORD-103425,CUST-1001,Bob Jones,New York,Sports & Outdoors,Yoga Mat,64.19,1,0.2,Apple Pay,COMPLETED,2025-08-28 05:37:36
ORD-103426,CUST-1008,Ian Malcolm,Sydney,Electronics,4K Monitor,432.0,1,0.25,Apple Pay,COMPLETED,2025-01-08 06:48:05
ORD-103427,CUST-1016,Quentin Tarantino,Paris,Home & Kitchen,Espresso Machine,208.46,3,0.0,Debit Card,COMPLETED,2025-10-13 00:12:17
ORD-103428,CUST-1010,Kevin Bacon,Singapore,Electronics,Laptop,535.06,2,0.1,PayPal,COMPLETED,2025-10-08 16:19:14
ORD-103429,CUST-1000,Alice Smith,New York,Clothing,Winter Jacket,105.38,1,0.05,Debit Card,RETURNED,2025-10-27 18:27:44
ORD-103430,CUST-1011,Laura Croft,New York,Home & Kitchen,Cookware Set,79.28,5,0.25,UPI / Digital Wallet,COMPLETED,2025-03-13 01:23:59
ORD-103431,CUST-1018,Steve Rogers,Paris,Home & Kitchen,Vacuum Cleaner,155.92,3,0.25,PayPal,COMPLETED,2025-12-26 12:34:53
ORD-103432,CUST-1005,Fiona Gallagher,Mumbai,Clothing,Denim Jeans,122.53,1,0.2,UPI / Digital Wallet,RETURNED,2025-03-23 19:29:20
ORD-103433,CUST-1010,Kevin Bacon,Paris,Sports & Outdoors,Dumbbell Set,181.31,1,0.1,PayPal,RETURNED,2025-11-28 19:57:30
ORD-103434,CUST-1008,Ian Malcolm,New York,Books,Data Engineering Handbook,9.31,2,0.0,PayPal,CANCELLED,2025-03-22 01:03:42
ORD-103435,CUST-1013,Nora Jones,Sydney,Electronics,Laptop,1018.0,2,0.05,Credit Card,RETURNED,2025-07-04 19:50:50
ORD-103436,CUST-1004,Evan Wright,New York,Sports & Outdoors,Camping Tent,15.01,3,0.25,Apple Pay,COMPLETED,2025-05-07 07:45:52
ORD-103437,CUST-1017,Rachel Green,New York,Electronics,4K Monitor,752.88,2,0.25,Apple Pay,COMPLETED,2025-06-07 02:17:13
ORD-103438,CUST-1005,Fiona Gallagher,Sydney,Electronics,4K Monitor,583.24,1,0.25,PayPal,COMPLETED,2025-04-21 14:39:01
ORD-103439,CUST-1018,Steve Rogers,San Francisco,Clothing,Hooded Sweatshirt,77.53,4,0.1,PayPal,COMPLETED,2025-06-01 17:00:59
ORD-103440,CUST-1016,Quentin Tarantino,Mumbai,Books,Data Engineering Handbook,26.85,2,0.2,Apple Pay,COMPLETED,2025-11-06 05:01:49
ORD-103441,CUST-1011,Laura Croft,Paris,Home & Kitchen,Air Fryer,267.79,1,0.05,Debit Card,COMPLETED,2025-11-25 15:38:28
ORD-103442,CUST-1015,Pam Beesly,New York,Clothing,Winter Jacket,26.87,1,0.0,PayPal,COMPLETED,2025-01-11 15:02:53
ORD-103443,CUST-1013,Nora Jones,Mumbai,Books,Biography,30.18,1,0.25,Debit Card,COMPLETED,2025-07-22 05:10:32
ORD-103444,CUST-1017,Rachel Green,San Francisco,Electronics,Bluetooth Speaker,76.07,4,0.2,PayPal,COMPLETED,2025-07-24 03:25:17
ORD-103445,CUST-1015,Pam Beesly,New York,Clothing,Winter Jacket,73.11,1,0.2,UPI / Digital Wallet,RETURNED,2025-09-13 19:52:19
ORD-103446,CUST-1006,George Clark,Berlin,Home & Kitchen,Vacuum Cleaner,241.83,1,0.15,Debit Card,PENDING,2025-11-21 13:48:56
ORD-103447,CUST-1009,Julia Roberts,Toronto,Clothing,Running Shoes,43.82,2,0.2,Apple Pay,PENDING,2025-04-19 21:06:40
ORD-103448,CUST-1001,Bob Jones,New York,Clothing,Sneakers,46.55,1,0.2,PayPal,COMPLETED,2025-03-08 10:07:24
ORD-103449,CUST-1001,Bob Jones,San Francisco,Electronics,4K Monitor,785.87,1,0.15,Apple Pay,COMPLETED,2025-08-29 10:35:24
ORD-103450,CUST-1019,Tony Stark,London,Sports & Outdoors,Yoga Mat,137.88,1,0.05,PayPal,COMPLETED,2025-10-31 14:32:16
ORD-103451,CUST-1001,Bob Jones,Berlin,Books,History of Computing,22.56,5,0.05,Apple Pay,COMPLETED,2025-01-14 12:48:57
ORD-103452,CUST-1007,Hannah Abbott,Toronto,Electronics,4K Monitor,1193.68,2,0.25,Debit Card,COMPLETED,2025-08-31 14:53:16
ORD-103453,CUST-1008,Ian Malcolm,Berlin,Sports & Outdoors,Hiking Backpack,220.14,5,0.25,UPI / Digital Wallet,CANCELLED,2025-01-24 03:25:49
ORD-103454,CUST-1009,Julia Roberts,New York,Home & Kitchen,Cookware Set,50.46,1,0.15,Apple Pay,COMPLETED,2025-11-08 14:52:31
ORD-103455,CUST-1002,Charlie Brown,London,Clothing,Cotton T-Shirt,104.15,1,0.25,Apple Pay,COMPLETED,2025-10-15 14:33:42
ORD-103456,CUST-1005,Fiona Gallagher,Singapore,Clothing,Cotton T-Shirt,116.31,2,0.0,UPI / Digital Wallet,CANCELLED,2025-11-15 02:00:55
ORD-103457,CUST-1013,Nora Jones,London,Home & Kitchen,Blender,164.98,1,0.15,PayPal,COMPLETED,2025-12-30 07:03:29
ORD-103458,CUST-1011,Laura Croft,Sydney,Electronics,Wireless Headphones,496.27,4,0.15,PayPal,COMPLETED,2025-06-26 21:11:57
ORD-103459,CUST-1006,George Clark,New York,Home & Kitchen,Vacuum Cleaner,290.92,1,0.25,Apple Pay,COMPLETED,2025-04-30 11:38:53
ORD-103460,CUST-1004,Evan Wright,Sydney,Home & Kitchen,Espresso Machine,183.75,1,0.1,Apple Pay,PENDING,2025-09-06 11:25:19
ORD-103461,CUST-1015,Pam Beesly,Toronto,Home & Kitchen,Cookware Set,165.67,2,0.0,Credit Card,CANCELLED,2025-02-06 04:54:47
ORD-103462,CUST-1019,,Sydney,Books,Economics 101,32.98,1,0.15,Apple Pay,COMPLETED,2025-04-17 03:37:18
ORD-103463,CUST-1005,Fiona Gallagher,Singapore,Sports & Outdoors,Yoga Mat,213.61,2,0.15,Debit Card,RETURNED,2025-08-01 23:51:52
ORD-103464,CUST-1009,Julia Roberts,Mumbai,Books,Economics 101,41.23,1,0.1,Credit Card,COMPLETED,2025-01-11 07:42:09
ORD-103465,CUST-1003,Diana Prince,London,Home & Kitchen,Air Fryer,269.74,1,0.2,Credit Card,COMPLETED,2025-08-08 14:09:13
ORD-103466,CUST-1019,Tony Stark,New York,Clothing,Winter Jacket,141.75,2,0.05,UPI / Digital Wallet,COMPLETED,2025-09-14 21:56:08
ORD-103467,CUST-1007,Hannah Abbott,Berlin,Electronics,Laptop,907.59,1,0.2,UPI / Digital Wallet,PENDING,2025-03-25 15:19:45
ORD-103468,CUST-1000,Alice Smith,San Francisco,Home & Kitchen,Toaster,51.97,1,0.0,Credit Card,PENDING,2025-12-23 16:13:07
ORD-103469,CUST-1015,Pam Beesly,San Francisco,Sports & Outdoors,Bicycle Helmet,242.75,3,0.25,Apple Pay,CANCELLED,2025-11-17 10:11:45
ORD-103470,CUST-1003,Diana Prince,London,Electronics,Laptop,431.08,4,0.25,Credit Card,PENDING,2025-04-25 20:19:50
ORD-103471,CUST-1009,Julia Roberts,Tokyo,Home & Kitchen,Vacuum Cleaner,52.48,3,0.15,UPI / Digital Wallet,RETURNED,2025-09-27 12:44:53
ORD-103472,CUST-1007,Hannah Abbott,New York,Home & Kitchen,Cookware Set,295.74,3,0.05,UPI / Digital Wallet,RETURNED,2025-06-15 20:37:46
ORD-103473,CUST-1017,Rachel Green,Toronto,Electronics,Wireless Headphones,1057.46,3,0.05,UPI / Digital Wallet,COMPLETED,2025-12-08 12:34:19
ORD-103474,CUST-1013,Nora Jones,London,Home & Kitchen,Cookware Set,116.79,1,0.15,PayPal,COMPLETED,2025-07-18 17:27:23
ORD-103475,CUST-1004,Evan Wright,Tokyo,Electronics,Bluetooth Speaker,526.31,1,0.1,Credit Card,COMPLETED,2025-09-18 16:06:59
ORD-103476,CUST-1006,George Clark,Toronto,Clothing,Denim Jeans,112.12,3,0.25,UPI / Digital Wallet,COMPLETED,2025-10-31 09:28:26
ORD-103477,CUST-1002,Charlie Brown,Berlin,Books,Cookbook,42.03,2,0.25,Debit Card,CANCELLED,2025-03-10 17:28:10
ORD-103478,CUST-1019,Tony Stark,Berlin,Sports & Outdoors,Hiking Backpack,200.15,1,0.25,PayPal,COMPLETED,2025-08-05 08:18:37
ORD-103479,CUST-1015,Pam Beesly,Sydney,Electronics,Smartphone,789.42,4,0.1,PayPal,RETURNED,2025-09-14 06:21:26
ORD-103480,CUST-1004,Evan Wright,San Francisco,Sports & Outdoors,Water Bottle,207.19,1,0.05,UPI / Digital Wallet,COMPLETED,2025-12-20 09:04:49
ORD-103481,CUST-1014,Oscar Martinez,Tokyo,Sports & Outdoors,Dumbbell Set,56.17,1,0.15,Credit Card,PENDING,2025-01-20 13:33:02
ORD-103482,CUST-1015,Pam Beesly,Singapore,Books,Cookbook,15.21,1,0.0,Apple Pay,COMPLETED,2025-10-16 13:33:10
ORD-103483,CUST-1018,Steve Rogers,Mumbai,Books,Data Engineering Handbook,15.48,3,0.1,UPI / Digital Wallet,CANCELLED,2025-05-04 20:46:41
ORD-103484,CUST-1010,Kevin Bacon,New York,Electronics,Smartwatch,129.46,1,0.2,PayPal,PENDING,2025-12-01 22:31:29
ORD-103485,CUST-1003,Diana Prince,Mumbai,Home & Kitchen,Espresso Machine,242.21,3,0.1,Credit Card,COMPLETED,2025-08-16 15:43:35
ORD-103486,CUST-1009,Julia Roberts,San Francisco,Books,Biography,30.26,1,0.15,Credit Card,COMPLETED,2025-01-27 16:37:00
ORD-103487,CUST-1010,Kevin Bacon,Singapore,Sports & Outdoors,Hiking Backpack,241.55,1,0.05,Debit Card,CANCELLED,2025-03-14 05:45:30
ORD-103488,CUST-1010,Kevin Bacon,Mumbai,Home & Kitchen,Blender,137.2,2,0.2,Apple Pay,COMPLETED,2025-09-22 11:40:07
ORD-103489,CUST-1013,Nora Jones,Mumbai,Home & Kitchen,Cookware Set,198.45,2,0.25,UPI / Digital Wallet,COMPLETED,2025-06-21 23:43:36
ORD-103490,CUST-1019,Tony Stark,San Francisco,Home & Kitchen,Espresso Machine,38.39,2,0.15,Credit Card,COMPLETED,2025-11-23 02:44:21
ORD-103491,CUST-1003,Diana Prince,London,Electronics,Smartwatch,657.67,1,0.05,UPI / Digital Wallet,PENDING,2025-08-24 12:39:49
ORD-103492,CUST-1001,Bob Jones,Mumbai,Electronics,Smartwatch,153.32,1,0.0,Credit Card,RETURNED,2025-08-23 04:03:54
ORD-103493,CUST-1015,Pam Beesly,New York,Sports & Outdoors,Hiking Backpack,235.8,1,0.15,UPI / Digital Wallet,PENDING,2025-11-05 10:58:15
ORD-103494,CUST-1010,Kevin Bacon,Berlin,Books,History of Computing,41.94,4,0.0,UPI / Digital Wallet,COMPLETED,2025-09-02 17:50:38
ORD-103495,CUST-1005,Fiona Gallagher,Paris,Clothing,Hooded Sweatshirt,41.24,2,0.15,UPI / Digital Wallet,COMPLETED,2025-10-27 20:56:30
ORD-103496,CUST-1014,Oscar Martinez,New York,Electronics,Bluetooth Speaker,1023.35,1,0.25,Credit Card,PENDING,2025-02-04 00:00:50
ORD-103497,CUST-1010,Kevin Bacon,London,Sports & Outdoors,Dumbbell Set,106.87,2,0.15,Debit Card,COMPLETED,2025-04-13 06:50:13
ORD-103498,CUST-1008,Ian Malcolm,Berlin,Clothing,Sneakers,102.78,3,0.15,Debit Card,COMPLETED,2025-02-09 08:30:03
ORD-103499,CUST-1009,Julia Roberts,Berlin,Electronics,Smartwatch,355.71,1,0.15,Credit Card,COMPLETED,2025-06-30 06:31:48
ORD-103500,CUST-1018,Steve Rogers,Toronto,Sports & Outdoors,Camping Tent,25.88,2,0.0,Credit Card,PENDING,2025-06-26 11:35:34
ORD-103501,CUST-1014,,San Francisco,Sports & Outdoors,Yoga Mat,128.67,1,0.0,Credit Card,PENDING,2025-04-09 07:43:48
ORD-103502,CUST-1007,Hannah Abbott,Mumbai,Electronics,4K Monitor,272.17,4,0.1,Apple Pay,COMPLETED,2025-11-20 16:38:19
ORD-103503,CUST-1016,Quentin Tarantino,New York,Clothing,Cotton T-Shirt,103.54,2,0.2,Credit Card,PENDING,2025-04-18 04:01:03
ORD-103504,CUST-1003,,London,Electronics,Smartwatch,430.01,1,0.05,Debit Card,RETURNED,2025-08-05 17:02:16
ORD-103505,CUST-1010,Kevin Bacon,Paris,Clothing,Sneakers,135.05,2,0.25,UPI / Digital Wallet,COMPLETED,2025-01-18 21:29:47
ORD-103506,CUST-1007,Hannah Abbott,Berlin,Books,Sci-Fi Novel,37.51,2,0.15,PayPal,RETURNED,2025-09-07 10:51:40
ORD-103507,CUST-1010,Kevin Bacon,Mumbai,Books,Biography,39.98,2,0.05,Credit Card,COMPLETED,2025-07-26 23:48:15
ORD-103508,CUST-1007,Hannah Abbott,Singapore,Home & Kitchen,Air Fryer,195.73,1,0.15,PayPal,COMPLETED,2025-06-20 21:25:22
ORD-103509,CUST-1004,Evan Wright,New York,Clothing,Denim Jeans,91.01,3,0.0,Credit Card,CANCELLED,2025-03-25 06:40:28
ORD-103510,CUST-1006,George Clark,Paris,Home & Kitchen,Vacuum Cleaner,149.66,1,0.15,Credit Card,COMPLETED,2025-08-02 18:48:20
ORD-103511,CUST-1005,Fiona Gallagher,San Francisco,Clothing,Running Shoes,107.51,1,0.2,Apple Pay,COMPLETED,2025-02-15 18:48:44
ORD-103512,CUST-1016,Quentin Tarantino,San Francisco,Sports & Outdoors,Camping Tent,142.71,1,0.25,UPI / Digital Wallet,PENDING,2025-10-12 22:33:28
ORD-103513,CUST-1015,Pam Beesly,Singapore,Clothing,Cotton T-Shirt,142.0,1,0.1,Credit Card,COMPLETED,2025-11-29 21:13:14
ORD-103514,CUST-1013,Nora Jones,Berlin,Electronics,Smartphone,1136.04,2,0.25,Debit Card,COMPLETED,2025-03-16 16:54:23
ORD-103515,CUST-1008,Ian Malcolm,Berlin,Home & Kitchen,Cookware Set,293.26,2,0.2,PayPal,COMPLETED,2025-01-06 16:41:02
ORD-103516,CUST-1017,Rachel Green,New York,Electronics,Smartwatch,1168.31,3,0.1,Debit Card,COMPLETED,2025-03-07 07:54:56
ORD-103517,CUST-1008,Ian Malcolm,London,Home & Kitchen,Toaster,220.25,3,0.2,Debit Card,CANCELLED,2025-06-14 03:22:03
ORD-103518,CUST-1016,Quentin Tarantino,Sydney,Sports & Outdoors,Dumbbell Set,205.52,1,0.05,Debit Card,RETURNED,2025-10-08 05:23:34
ORD-103519,CUST-1016,Quentin Tarantino,Sydney,Home & Kitchen,Vacuum Cleaner,93.87,2,0.05,PayPal,COMPLETED,2025-09-20 07:48:13
ORD-103520,CUST-1015,Pam Beesly,London,Books,History of Computing,39.72,1,0.2,Credit Card,CANCELLED,2025-11-09 22:57:42
ORD-103521,CUST-1004,Evan Wright,Paris,Electronics,Laptop,399.96,1,0.2,Debit Card,CANCELLED,2025-05-17 19:44:47
ORD-103522,CUST-1016,Quentin Tarantino,Berlin,Books,Data Engineering Handbook,40.94,1,0.25,Credit Card,COMPLETED,2025-09-26 21:19:57
ORD-103523,CUST-1002,Charlie Brown,Sydney,Clothing,Sneakers,122.59,1,0.25,Credit Card,COMPLETED,2025-05-07 03:40:50
ORD-103524,CUST-1006,George Clark,Tokyo,Electronics,Laptop,864.69,1,0.0,PayPal,COMPLETED,2025-08-20 21:50:22
ORD-103525,CUST-1006,George Clark,Tokyo,Home & Kitchen,Blender,280.7,2,0.05,PayPal,RETURNED,2025-07-27 10:51:57
ORD-103526,CUST-1011,Laura Croft,Mumbai,Books,Cookbook,39.69,1,0.0,Apple Pay,COMPLETED,2025-04-05 16:23:10
ORD-103527,CUST-1001,Bob Jones,Mumbai,Books,Economics 101,14.05,1,0.15,UPI / Digital Wallet,CANCELLED,2025-09-24 17:50:51
ORD-103528,CUST-1000,Alice Smith,Sydney,Home & Kitchen,Toaster,118.12,3,0.1,UPI / Digital Wallet,COMPLETED,2025-06-28 13:56:02
ORD-103529,CUST-1011,,Sydney,Home & Kitchen,Air Fryer,327.28,2,0.15,UPI / Digital Wallet,COMPLETED,2025-04-07 22:54:33
ORD-103530,CUST-1002,Charlie Brown,Mumbai,Books,Biography,22.7,1,0.0,Credit Card,PENDING,2025-03-02 21:02:11
ORD-103531,CUST-1007,Hannah Abbott,Singapore,Clothing,Denim Jeans,38.63,2,0.05,UPI / Digital Wallet,RETURNED,2025-01-15 18:43:46
ORD-103532,CUST-1006,George Clark,Mumbai,Clothing,Denim Jeans,131.89,1,0.15,Apple Pay,COMPLETED,2025-05-16 18:40:26
ORD-103533,CUST-1006,George Clark,San Francisco,Sports & Outdoors,Camping Tent,106.1,1,0.15,PayPal,RETURNED,2025-12-26 02:20:46
ORD-103534,CUST-1001,Bob Jones,London,Home & Kitchen,Air Fryer,252.77,4,0.05,PayPal,COMPLETED,2025-03-21 10:52:28
ORD-103535,CUST-1012,Michael Scott,London,Electronics,Smartphone,359.86,1,0.1,Apple Pay,COMPLETED,2025-09-06 15:12:05
ORD-103536,CUST-1013,Nora Jones,Tokyo,Clothing,Running Shoes,148.32,3,0.25,Apple Pay,COMPLETED,2025-01-06 17:02:44
ORD-103537,CUST-1018,Steve Rogers,Toronto,Electronics,Laptop,958.03,2,0.15,Credit Card,COMPLETED,2025-04-12 09:09:47
ORD-103538,CUST-1018,Steve Rogers,Berlin,Electronics,Smartphone,457.6,1,0.25,Apple Pay,CANCELLED,2025-06-01 11:22:50
ORD-103539,CUST-1008,Ian Malcolm,New York,Electronics,Smartwatch,825.3,4,0.2,Debit Card,PENDING,2025-01-14 11:25:55
ORD-103540,CUST-1005,Fiona Gallagher,Mumbai,Clothing,Cotton T-Shirt,132.93,1,0.05,Credit Card,COMPLETED,2025-05-17 15:02:01
ORD-103541,CUST-1009,Julia Roberts,Sydney,Clothing,Denim Jeans,42.96,1,0.25,UPI / Digital Wallet,COMPLETED,2025-12-24 10:20:49
ORD-103542,CUST-1019,Tony Stark,Mumbai,Electronics,Smartwatch,1146.7,1,0.0,PayPal,COMPLETED,2025-01-24 21:21:06
ORD-103543,CUST-1000,Alice Smith,San Francisco,Clothing,Sneakers,38.31,1,0.2,PayPal,COMPLETED,2025-10-27 03:35:56
ORD-103544,CUST-1001,,Tokyo,Sports & Outdoors,Camping Tent,64.0,2,0.25,Apple Pay,PENDING,2025-05-20 17:48:34
ORD-103545,CUST-1003,Diana Prince,San Francisco,Electronics,Bluetooth Speaker,1010.17,1,0.0,Apple Pay,COMPLETED,2025-03-27 09:04:28
ORD-103546,CUST-1005,Fiona Gallagher,San Francisco,Sports & Outdoors,Yoga Mat,145.39,1,0.25,UPI / Digital Wallet,CANCELLED,2025-12-11 14:26:16
ORD-103547,CUST-1001,Bob Jones,Tokyo,Books,Economics 101,39.55,2,0.05,UPI / Digital Wallet,COMPLETED,2025-03-17 07:01:04
ORD-103548,CUST-1017,Rachel Green,Toronto,Clothing,Hooded Sweatshirt,40.57,1,0.25,Debit Card,PENDING,2025-12-12 13:38:19
ORD-103549,CUST-1002,Charlie Brown,Singapore,Sports & Outdoors,Dumbbell Set,91.57,1,0.15,UPI / Digital Wallet,COMPLETED,2025-08-16 08:48:00
ORD-103550,CUST-1005,Fiona Gallagher,Toronto,Books,Economics 101,33.83,2,0.0,Credit Card,COMPLETED,2025-11-16 17:31:40
ORD-103551,CUST-1016,Quentin Tarantino,New York,Sports & Outdoors,Bicycle Helmet,186.87,1,0.0,Apple Pay,RETURNED,2025-02-27 20:17:33
ORD-103552,CUST-1019,Tony Stark,,Clothing,Running Shoes,79.85,1,0.05,UPI / Digital Wallet,COMPLETED,2025-12-03 18:46:36
ORD-103553,CUST-1017,Rachel Green,San Francisco,Electronics,Bluetooth Speaker,988.61,2,0.0,UPI / Digital Wallet,COMPLETED,2025-08-04 10:23:32
ORD-103554,CUST-1002,Charlie Brown,Sydney,Electronics,Bluetooth Speaker,1099.28,1,0.0,Credit Card,COMPLETED,2025-05-04 02:40:04
ORD-103555,CUST-1006,George Clark,London,Electronics,4K Monitor,1162.67,1,0.2,PayPal,COMPLETED,2025-09-05 03:38:37
ORD-103556,CUST-1000,Alice Smith,Mumbai,Home & Kitchen,Air Fryer,99.84,1,0.2,Debit Card,COMPLETED,2025-02-05 16:51:48
ORD-103557,CUST-1010,Kevin Bacon,Singapore,Home & Kitchen,Air Fryer,257.97,2,0.15,UPI / Digital Wallet,COMPLETED,2025-07-11 05:18:18
ORD-103558,CUST-1015,Pam Beesly,New York,Books,History of Computing,43.49,1,0.1,Apple Pay,COMPLETED,2025-01-11 01:43:39
ORD-103559,CUST-1007,Hannah Abbott,London,Electronics,Smartphone,746.61,1,0.2,UPI / Digital Wallet,COMPLETED,2025-01-29 18:05:54
ORD-103560,CUST-1003,Diana Prince,Berlin,Electronics,4K Monitor,228.58,1,0.1,Apple Pay,COMPLETED,2025-08-15 00:39:48
ORD-103561,CUST-1013,Nora Jones,New York,Electronics,Wireless Headphones,87.6,4,0.15,PayPal,COMPLETED,2025-12-12 01:58:29
ORD-103562,CUST-1002,Charlie Brown,Toronto,Electronics,Wireless Headphones,370.25,1,0.2,UPI / Digital Wallet,COMPLETED,2025-06-28 07:08:03
ORD-103563,CUST-1006,George Clark,,Books,Sci-Fi Novel,40.6,1,0.15,PayPal,COMPLETED,2025-08-28 05:09:33
ORD-103564,CUST-1014,Oscar Martinez,Paris,Clothing,Denim Jeans,140.5,1,0.0,Credit Card,COMPLETED,2025-11-13 06:23:15
ORD-103565,CUST-1010,Kevin Bacon,Paris,Sports & Outdoors,Hiking Backpack,25.35,2,0.05,UPI / Digital Wallet,COMPLETED,2025-11-10 00:32:36
ORD-103566,CUST-1005,Fiona Gallagher,Paris,Sports & Outdoors,Yoga Mat,112.72,3,0.05,Credit Card,COMPLETED,2025-05-01 11:59:34
ORD-103567,CUST-1005,Fiona Gallagher,New York,Clothing,Winter Jacket,92.9,2,0.15,UPI / Digital Wallet,RETURNED,2025-08-19 18:22:47
ORD-103568,CUST-1004,Evan Wright,New York,Books,Cookbook,44.16,2,0.0,UPI / Digital Wallet,COMPLETED,2025-01-21 14:21:49
ORD-103569,CUST-1002,Charlie Brown,Sydney,Electronics,4K Monitor,398.44,2,0.1,PayPal,COMPLETED,2025-09-22 14:09:34
ORD-103570,CUST-1000,Alice Smith,Toronto,Electronics,Bluetooth Speaker,301.33,1,0.1,UPI / Digital Wallet,COMPLETED,2025-01-31 01:00:39
ORD-103571,CUST-1013,Nora Jones,Sydney,Home & Kitchen,Blender,314.21,2,0.2,UPI / Digital Wallet,PENDING,2025-09-27 02:14:12
ORD-103572,CUST-1011,Laura Croft,Tokyo,Home & Kitchen,Air Fryer,277.55,5,0.1,UPI / Digital Wallet,COMPLETED,2025-08-04 14:01:51
ORD-103573,CUST-1016,Quentin Tarantino,Berlin,Sports & Outdoors,Yoga Mat,227.36,1,0.25,PayPal,COMPLETED,2025-03-03 04:47:00
ORD-103574,CUST-1014,Oscar Martinez,Tokyo,Books,History of Computing,44.66,2,0.2,UPI / Digital Wallet,COMPLETED,2025-05-29 05:21:57
ORD-103575,CUST-1009,Julia Roberts,London,Books,Sci-Fi Novel,38.25,-1,0.0,PayPal,RETURNED,2025-05-07 23:02:42
ORD-103576,CUST-1012,Michael Scott,Toronto,Books,Data Engineering Handbook,43.11,1,0.15,Debit Card,COMPLETED,2025-10-29 01:13:51
ORD-103577,CUST-1001,Bob Jones,Toronto,Home & Kitchen,Cookware Set,220.64,1,0.05,UPI / Digital Wallet,COMPLETED,2025-05-10 00:58:46
ORD-103578,CUST-1000,Alice Smith,London,Electronics,Bluetooth Speaker,582.85,2,0.1,Apple Pay,RETURNED,2025-02-05 02:13:49
ORD-103579,CUST-1008,Ian Malcolm,Sydney,Sports & Outdoors,Camping Tent,37.48,2,0.2,Apple Pay,CANCELLED,2025-07-03 17:03:08
ORD-103580,CUST-1014,Oscar Martinez,Toronto,Home & Kitchen,Espresso Machine,126.55,1,0.1,UPI / Digital Wallet,COMPLETED,2025-07-14 17:51:34
ORD-103581,CUST-1000,Alice Smith,San Francisco,Electronics,4K Monitor,803.07,1,0.25,Apple Pay,PENDING,2025-01-22 14:35:25
ORD-103582,CUST-1019,Tony Stark,Paris,Clothing,Sneakers,107.34,5,0.1,UPI / Digital Wallet,COMPLETED,2025-04-28 04:55:07
ORD-103583,CUST-1001,Bob Jones,Sydney,Home & Kitchen,Blender,30.91,1,0.25,Apple Pay,PENDING,2025-12-01 15:07:05
ORD-103584,CUST-1013,Nora Jones,Mumbai,Books,History of Computing,24.55,3,0.05,Credit Card,COMPLETED,2025-06-28 12:05:52
ORD-103585,CUST-1008,Ian Malcolm,Tokyo,Sports & Outdoors,Hiking Backpack,118.4,1,0.0,UPI / Digital Wallet,RETURNED,2025-01-17 14:12:43
ORD-103586,CUST-1019,Tony Stark,New York,Clothing,Sneakers,44.82,2,0.0,Credit Card,COMPLETED,2025-01-28 20:54:30
ORD-103587,CUST-1010,Kevin Bacon,New York,Electronics,Bluetooth Speaker,504.58,5,0.25,Apple Pay,COMPLETED,2025-02-03 13:21:01
ORD-103588,CUST-1002,Charlie Brown,Singapore,Electronics,4K Monitor,699.69,3,0.15,Debit Card,PENDING,2025-03-23 13:07:57
ORD-103589,CUST-1014,Oscar Martinez,London,Electronics,Laptop,594.77,4,0.15,UPI / Digital Wallet,COMPLETED,2025-04-05 12:13:47
ORD-103590,CUST-1002,Charlie Brown,Singapore,Sports & Outdoors,Camping Tent,136.24,5,0.0,Apple Pay,PENDING,2025-03-17 14:15:32
ORD-103591,CUST-1016,Quentin Tarantino,Paris,Books,Biography,31.48,1,0.2,UPI / Digital Wallet,RETURNED,2025-03-15 04:20:56
ORD-103592,CUST-1007,Hannah Abbott,Berlin,Books,Biography,38.21,1,0.0,Apple Pay,COMPLETED,2025-04-01 07:05:40
ORD-103593,CUST-1004,Evan Wright,New York,Clothing,Denim Jeans,104.89,2,0.15,Debit Card,RETURNED,2025-10-31 21:10:46
ORD-103594,CUST-1007,Hannah Abbott,Berlin,Sports & Outdoors,Bicycle Helmet,148.9,1,0.0,PayPal,COMPLETED,2025-08-16 21:18:19
ORD-103595,CUST-1012,Michael Scott,Tokyo,Books,Data Engineering Handbook,40.98,3,0.25,UPI / Digital Wallet,PENDING,2025-02-16 18:06:09
ORD-103596,CUST-1017,Rachel Green,Paris,Electronics,Smartwatch,959.05,5,0.25,Credit Card,COMPLETED,2025-12-16 06:48:27
ORD-103597,CUST-1007,Hannah Abbott,New York,Home & Kitchen,Cookware Set,95.05,2,0.2,Apple Pay,COMPLETED,2025-11-22 17:20:23
ORD-103598,CUST-1017,Rachel Green,Tokyo,Sports & Outdoors,Hiking Backpack,200.53,5,0.05,Credit Card,COMPLETED,2025-09-14 18:53:46
ORD-103599,CUST-1000,Alice Smith,Tokyo,Clothing,Hooded Sweatshirt,137.52,2,0.25,PayPal,COMPLETED,2025-11-27 11:44:36
ORD-103600,CUST-1005,Fiona Gallagher,Paris,Clothing,Hooded Sweatshirt,80.15,1,0.1,Credit Card,RETURNED,2025-02-17 02:46:28
ORD-103601,CUST-1005,Fiona Gallagher,Mumbai,Clothing,Winter Jacket,39.99,4,0.15,Apple Pay,PENDING,2025-12-14 03:01:26
ORD-103602,CUST-1007,Hannah Abbott,Paris,Books,Sci-Fi Novel,43.55,2,0.0,Debit Card,PENDING,2025-05-14 10:59:03
ORD-103603,CUST-1013,Nora Jones,London,Electronics,Smartphone,1003.25,1,0.05,Debit Card,CANCELLED,2025-04-05 16:08:22
ORD-103604,CUST-1011,Laura Croft,Toronto,Clothing,Cotton T-Shirt,88.98,1,0.05,Apple Pay,PENDING,2025-11-20 08:46:33
ORD-103605,CUST-1007,Hannah Abbott,Tokyo,Electronics,4K Monitor,1053.13,4,0.15,Credit Card,COMPLETED,2025-05-03 00:47:49
ORD-103606,CUST-1007,,Singapore,Clothing,Hooded Sweatshirt,110.47,1,0.1,UPI / Digital Wallet,COMPLETED,2025-08-15 18:03:41
ORD-103607,CUST-1018,Steve Rogers,San Francisco,Clothing,Hooded Sweatshirt,88.82,4,0.0,Debit Card,RETURNED,2025-04-20 15:09:37
ORD-103608,CUST-1008,Ian Malcolm,New York,Electronics,4K Monitor,529.64,1,0.2,Credit Card,COMPLETED,2025-08-19 21:52:22
ORD-103609,CUST-1006,George Clark,Mumbai,Electronics,4K Monitor,219.56,1,0.05,Apple Pay,PENDING,2025-01-01 01:37:18
ORD-103610,CUST-1003,Diana Prince,New York,Home & Kitchen,Toaster,192.54,1,0.15,UPI / Digital Wallet,RETURNED,2025-04-21 21:13:12
ORD-103611,CUST-1006,George Clark,New York,Home & Kitchen,Cookware Set,98.66,1,0.15,Credit Card,RETURNED,2025-02-22 22:16:07
ORD-103612,CUST-1004,Evan Wright,Paris,Electronics,Smartwatch,470.33,1,0.25,PayPal,COMPLETED,2025-07-05 07:12:30
ORD-103613,CUST-1018,Steve Rogers,Toronto,Sports & Outdoors,Bicycle Helmet,39.43,1,0.1,PayPal,COMPLETED,2025-07-18 10:30:50
ORD-103614,CUST-1007,Hannah Abbott,New York,Electronics,Smartwatch,517.24,3,0.0,Credit Card,RETURNED,2025-11-26 02:31:16
ORD-103615,CUST-1016,,Paris,Electronics,Smartphone,259.51,1,0.2,PayPal,COMPLETED,2025-03-03 11:07:08
ORD-103616,CUST-1004,Evan Wright,New York,Clothing,Sneakers,17.76,1,0.2,Credit Card,COMPLETED,2025-04-20 09:29:45
ORD-103617,CUST-1019,Tony Stark,Berlin,Books,Data Engineering Handbook,18.58,2,0.0,PayPal,CANCELLED,2025-07-22 21:56:21
ORD-103618,CUST-1014,Oscar Martinez,New York,Sports & Outdoors,Bicycle Helmet,94.2,5,0.15,Apple Pay,COMPLETED,2025-06-07 23:02:28
ORD-103619,CUST-1009,Julia Roberts,Toronto,Clothing,Hooded Sweatshirt,93.31,3,0.2,Debit Card,PENDING,2025-05-29 01:13:30
ORD-103620,CUST-1003,Diana Prince,Tokyo,Books,Biography,13.26,4,0.25,UPI / Digital Wallet,COMPLETED,2025-01-17 00:00:47
ORD-103621,CUST-1014,Oscar Martinez,San Francisco,Clothing,Running Shoes,124.38,1,0.0,Credit Card,PENDING,2025-02-26 18:28:14
ORD-103622,CUST-1008,Ian Malcolm,Tokyo,Books,Cookbook,8.05,2,0.2,Credit Card,COMPLETED,2025-03-05 12:34:23
ORD-103623,CUST-1007,Hannah Abbott,London,Sports & Outdoors,Bicycle Helmet,73.78,3,0.25,UPI / Digital Wallet,CANCELLED,2025-05-27 01:44:37
ORD-103624,CUST-1007,Hannah Abbott,London,Home & Kitchen,Toaster,116.24,1,0.2,Debit Card,COMPLETED,2025-08-18 21:28:35
ORD-103625,CUST-1002,Charlie Brown,New York,Home & Kitchen,Blender,192.19,2,0.05,PayPal,COMPLETED,2025-06-13 04:29:21
ORD-103626,CUST-1014,Oscar Martinez,San Francisco,Books,History of Computing,32.16,2,0.15,PayPal,COMPLETED,2025-06-09 11:44:04
ORD-103627,CUST-1019,Tony Stark,Mumbai,Books,Sci-Fi Novel,32.92,2,0.2,Credit Card,CANCELLED,2025-12-01 23:48:30
ORD-103628,CUST-1003,Diana Prince,,Books,Economics 101,8.2,1,0.25,Debit Card,COMPLETED,2025-11-20 05:42:34
ORD-103629,CUST-1003,Diana Prince,New York,Clothing,Denim Jeans,113.87,4,0.05,Apple Pay,COMPLETED,2025-04-03 11:07:04
ORD-103630,CUST-1012,Michael Scott,Sydney,Electronics,Smartwatch,734.67,2,0.1,Credit Card,RETURNED,2025-02-12 08:44:29
ORD-103631,CUST-1010,Kevin Bacon,Berlin,Books,Cookbook,41.71,1,0.25,Debit Card,RETURNED,2025-06-24 02:25:09
ORD-103632,CUST-1006,George Clark,Sydney,Sports & Outdoors,Dumbbell Set,170.62,2,0.1,Apple Pay,COMPLETED,2025-06-19 05:50:21
ORD-103633,CUST-1000,Alice Smith,Tokyo,Clothing,Sneakers,50.69,1,0.05,UPI / Digital Wallet,COMPLETED,2025-12-28 07:49:03
ORD-103634,CUST-1002,Charlie Brown,San Francisco,Home & Kitchen,Air Fryer,207.48,3,0.25,Apple Pay,CANCELLED,2025-07-05 08:48:05
ORD-103635,CUST-1007,Hannah Abbott,Sydney,Home & Kitchen,Vacuum Cleaner,261.51,2,0.25,PayPal,COMPLETED,2025-06-24 19:09:05
ORD-103636,CUST-1001,,Mumbai,Books,History of Computing,32.72,1,0.2,Apple Pay,COMPLETED,2025-08-19 13:58:32
ORD-103637,CUST-1019,Tony Stark,Berlin,Electronics,Wireless Headphones,864.79,2,0.0,PayPal,COMPLETED,2025-01-26 15:28:10
ORD-103638,CUST-1007,Hannah Abbott,London,Clothing,Running Shoes,82.93,2,0.1,Credit Card,COMPLETED,2025-12-04 21:41:44
ORD-103639,CUST-1004,Evan Wright,Sydney,Sports & Outdoors,Hiking Backpack,126.62,1,0.2,Apple Pay,COMPLETED,2025-12-03 03:03:14
ORD-103640,CUST-1010,Kevin Bacon,Singapore,Clothing,Cotton T-Shirt,108.66,2,0.05,UPI / Digital Wallet,COMPLETED,2025-01-15 10:59:38
ORD-103641,CUST-1017,Rachel Green,Sydney,Electronics,4K Monitor,244.18,1,0.0,PayPal,COMPLETED,2025-01-13 18:04:43
ORD-103642,CUST-1006,George Clark,Toronto,Sports & Outdoors,Bicycle Helmet,179.71,1,0.05,Apple Pay,COMPLETED,2025-03-23 18:21:14
ORD-103643,CUST-1014,Oscar Martinez,Singapore,Clothing,Running Shoes,139.47,1,0.2,PayPal,CANCELLED,2025-10-13 05:22:15
ORD-103644,CUST-1015,Pam Beesly,London,Home & Kitchen,Toaster,54.05,2,0.15,PayPal,PENDING,2025-08-01 15:05:47
ORD-103645,CUST-1016,Quentin Tarantino,Paris,Sports & Outdoors,Bicycle Helmet,243.12,2,0.1,Debit Card,COMPLETED,2025-11-19 03:53:52
ORD-103646,CUST-1016,Quentin Tarantino,London,Clothing,Running Shoes,94.71,1,0.05,Debit Card,COMPLETED,2025-09-14 12:42:39
ORD-103647,CUST-1016,Quentin Tarantino,London,Home & Kitchen,Air Fryer,42.19,1,0.0,Apple Pay,COMPLETED,2025-04-12 17:45:11
ORD-103648,CUST-1002,Charlie Brown,,Home & Kitchen,Blender,269.14,1,0.0,Credit Card,COMPLETED,2025-11-08 00:25:45
ORD-103649,CUST-1015,Pam Beesly,London,Clothing,Cotton T-Shirt,53.67,3,0.15,Debit Card,PENDING,2025-10-30 17:05:25
ORD-103650,CUST-1010,Kevin Bacon,San Francisco,Home & Kitchen,Air Fryer,26.07,2,0.0,PayPal,CANCELLED,2025-04-23 08:45:43
ORD-103651,CUST-1001,Bob Jones,Berlin,Home & Kitchen,Cookware Set,297.56,3,0.1,UPI / Digital Wallet,CANCELLED,2025-01-05 13:24:54
ORD-103652,CUST-1014,Oscar Martinez,Toronto,Home & Kitchen,Blender,141.82,2,0.25,Credit Card,COMPLETED,2025-07-22 08:04:38
ORD-103653,CUST-1012,Michael Scott,New York,Home & Kitchen,Vacuum Cleaner,86.6,1,0.2,Debit Card,COMPLETED,2025-10-14 13:25:56
ORD-103654,CUST-1017,Rachel Green,Sydney,Clothing,Denim Jeans,71.52,5,0.15,Apple Pay,PENDING,2025-02-14 04:24:05
ORD-103655,CUST-1018,Steve Rogers,Sydney,Books,Economics 101,42.68,1,0.15,UPI / Digital Wallet,PENDING,2025-08-05 23:03:34
ORD-103656,CUST-1009,Julia Roberts,New York,Books,Sci-Fi Novel,27.01,1,0.15,UPI / Digital Wallet,COMPLETED,2025-04-14 09:37:07
ORD-103657,CUST-1009,Julia Roberts,Paris,Home & Kitchen,Vacuum Cleaner,217.68,1,0.15,UPI / Digital Wallet,COMPLETED,2025-05-21 12:55:16
ORD-103658,CUST-1017,Rachel Green,New York,Electronics,Smartwatch,900.77,3,0.05,UPI / Digital Wallet,RETURNED,2025-03-14 11:18:42
ORD-103659,CUST-1000,Alice Smith,New York,Sports & Outdoors,Camping Tent,83.45,4,0.15,UPI / Digital Wallet,CANCELLED,2025-05-11 14:15:55
ORD-103660,CUST-1018,Steve Rogers,Toronto,Sports & Outdoors,Water Bottle,93.76,3,0.25,Debit Card,PENDING,2025-03-17 18:44:09
ORD-103661,CUST-1000,Alice Smith,New York,Books,Biography,37.85,1,0.15,Credit Card,RETURNED,2025-01-07 12:07:04
ORD-103662,CUST-1012,Michael Scott,Singapore,Electronics,Smartwatch,156.12,2,0.15,UPI / Digital Wallet,COMPLETED,2025-12-06 11:02:36
ORD-103663,CUST-1007,Hannah Abbott,London,Books,History of Computing,9.83,2,0.15,PayPal,COMPLETED,2025-09-06 13:03:00
ORD-103664,CUST-1002,Charlie Brown,London,Books,History of Computing,24.65,1,0.15,Debit Card,COMPLETED,2025-06-19 07:42:36
ORD-103665,CUST-1000,Alice Smith,Toronto,Electronics,Wireless Headphones,849.64,1,0.2,Apple Pay,COMPLETED,2025-04-18 03:59:09
ORD-103666,CUST-1006,George Clark,Toronto,Clothing,Running Shoes,147.85,1,0.25,PayPal,RETURNED,2025-08-09 14:51:50
ORD-103667,CUST-1012,Michael Scott,Paris,Electronics,Laptop,420.36,1,0.2,Debit Card,COMPLETED,2025-09-20 00:49:25
ORD-103668,CUST-1003,Diana Prince,Tokyo,Books,Economics 101,43.9,2,0.25,UPI / Digital Wallet,COMPLETED,2025-04-22 03:07:34
ORD-103669,CUST-1008,Ian Malcolm,Sydney,Home & Kitchen,Air Fryer,147.06,1,0.2,Credit Card,COMPLETED,2025-08-04 06:15:20
ORD-103670,CUST-1015,Pam Beesly,San Francisco,Home & Kitchen,Espresso Machine,151.35,1,0.25,PayPal,CANCELLED,2025-09-23 21:18:29
ORD-103671,CUST-1015,Pam Beesly,Tokyo,Electronics,Bluetooth Speaker,73.7,2,0.0,Credit Card,RETURNED,2025-02-03 17:59:30
ORD-103672,CUST-1013,Nora Jones,San Francisco,Clothing,Denim Jeans,131.5,1,0.0,Apple Pay,COMPLETED,2025-05-06 18:01:25
ORD-103673,CUST-1006,George Clark,Singapore,Books,History of Computing,13.11,2,0.1,UPI / Digital Wallet,COMPLETED,2025-02-09 01:27:00
ORD-103674,CUST-1018,Steve Rogers,New York,Home & Kitchen,Blender,88.83,3,0.15,Apple Pay,COMPLETED,2025-04-28 04:35:30
ORD-103675,CUST-1012,Michael Scott,San Francisco,Home & Kitchen,Espresso Machine,200.28,1,0.2,PayPal,CANCELLED,2025-07-07 16:40:35
ORD-103676,CUST-1010,Kevin Bacon,New York,Home & Kitchen,Toaster,31.57,3,0.05,PayPal,COMPLETED,2025-01-20 06:48:57
ORD-103677,CUST-1013,Nora Jones,,Home & Kitchen,Cookware Set,241.14,1,0.1,PayPal,CANCELLED,2025-10-13 19:22:59
ORD-103678,CUST-1011,Laura Croft,Berlin,Sports & Outdoors,Hiking Backpack,194.26,1,0.0,Credit Card,RETURNED,2025-07-28 14:55:31
ORD-103679,CUST-1011,Laura Croft,London,Books,Economics 101,31.23,-1,0.2,Apple Pay,COMPLETED,2025-03-20 14:08:17
ORD-103680,CUST-1014,Oscar Martinez,London,Books,Data Engineering Handbook,44.51,4,0.15,Credit Card,PENDING,2025-01-17 19:10:33
ORD-103681,CUST-1018,Steve Rogers,San Francisco,Clothing,Denim Jeans,84.55,4,0.0,Apple Pay,COMPLETED,2025-12-13 17:44:53
ORD-103682,CUST-1017,Rachel Green,New York,Home & Kitchen,Air Fryer,34.67,1,0.1,Credit Card,COMPLETED,2025-04-28 17:07:36
ORD-103683,CUST-1012,Michael Scott,Singapore,Sports & Outdoors,Dumbbell Set,58.06,1,0.1,PayPal,COMPLETED,2025-10-14 11:19:47
ORD-103684,CUST-1001,Bob Jones,Tokyo,Home & Kitchen,Espresso Machine,151.5,2,0.2,PayPal,CANCELLED,2025-12-28 03:21:46
ORD-103685,CUST-1003,Diana Prince,San Francisco,Sports & Outdoors,Camping Tent,149.46,1,0.2,Apple Pay,COMPLETED,2025-01-10 16:34:27
ORD-103686,CUST-1018,Steve Rogers,Tokyo,Home & Kitchen,Espresso Machine,149.79,4,0.05,UPI / Digital Wallet,COMPLETED,2025-07-03 06:33:09
ORD-103687,CUST-1003,Diana Prince,New York,Home & Kitchen,Cookware Set,91.71,1,0.25,Credit Card,COMPLETED,2025-06-11 10:08:38
ORD-103688,CUST-1004,Evan Wright,New York,Electronics,Wireless Headphones,1125.94,3,0.15,UPI / Digital Wallet,CANCELLED,2025-12-02 00:58:43
ORD-103689,CUST-1000,Alice Smith,London,Electronics,Smartwatch,454.74,3,0.0,PayPal,CANCELLED,2025-09-02 03:26:31
ORD-103690,CUST-1012,Michael Scott,London,Books,History of Computing,23.02,1,0.0,Apple Pay,COMPLETED,2025-08-21 16:12:33
ORD-103691,CUST-1006,George Clark,,Electronics,4K Monitor,262.65,2,0.15,Apple Pay,RETURNED,2025-04-30 08:38:53
ORD-103692,CUST-1018,Steve Rogers,Singapore,Electronics,Smartwatch,730.18,2,0.1,Debit Card,COMPLETED,2025-03-05 04:20:55
ORD-103693,CUST-1012,Michael Scott,New York,Clothing,Sneakers,119.86,2,0.05,Debit Card,CANCELLED,2025-04-10 01:55:18
ORD-103694,CUST-1004,Evan Wright,San Francisco,Sports & Outdoors,Bicycle Helmet,152.51,2,0.2,Credit Card,COMPLETED,2025-04-06 14:17:33
ORD-103695,CUST-1004,Evan Wright,Berlin,Clothing,Denim Jeans,67.26,1,0.2,UPI / Digital Wallet,COMPLETED,2025-04-19 04:01:22
ORD-103696,CUST-1007,Hannah Abbott,Paris,Sports & Outdoors,Camping Tent,162.74,1,0.2,Credit Card,RETURNED,2025-03-14 09:26:19
ORD-103697,CUST-1009,Julia Roberts,Toronto,Electronics,Smartwatch,130.57,2,0.15,UPI / Digital Wallet,RETURNED,2025-02-28 17:02:33
ORD-103698,CUST-1004,Evan Wright,Mumbai,Clothing,Winter Jacket,122.49,2,0.05,UPI / Digital Wallet,COMPLETED,2025-07-28 10:27:31
ORD-103699,CUST-1003,Diana Prince,Berlin,Books,Cookbook,41.65,3,0.05,UPI / Digital Wallet,COMPLETED,2025-06-19 15:28:36
ORD-103700,CUST-1001,Bob Jones,Toronto,Books,Data Engineering Handbook,36.76,2,0.0,UPI / Digital Wallet,PENDING,2025-08-24 00:37:27
ORD-103701,CUST-1013,Nora Jones,,Books,Sci-Fi Novel,21.28,4,0.15,Debit Card,COMPLETED,2025-01-15 21:05:52
ORD-103702,CUST-1010,Kevin Bacon,Mumbai,Electronics,Smartwatch,251.96,2,0.25,Credit Card,PENDING,2025-12-16 09:29:55
ORD-103703,CUST-1017,Rachel Green,Toronto,Books,Sci-Fi Novel,12.95,3,0.1,UPI / Digital Wallet,COMPLETED,2025-07-10 11:52:08
ORD-103704,CUST-1005,Fiona Gallagher,Toronto,Home & Kitchen,Espresso Machine,242.23,1,0.25,PayPal,COMPLETED,2025-08-17 14:06:15
ORD-103705,CUST-1002,Charlie Brown,Singapore,Sports & Outdoors,Hiking Backpack,181.85,-1,0.15,Credit Card,COMPLETED,2025-01-25 08:34:57
ORD-103706,CUST-1015,Pam Beesly,New York,Books,Data Engineering Handbook,39.85,5,0.2,PayPal,RETURNED,2025-10-26 18:14:17
ORD-103707,CUST-1015,Pam Beesly,Toronto,Home & Kitchen,Air Fryer,306.43,1,0.15,PayPal,COMPLETED,2025-06-23 16:18:08
ORD-103708,CUST-1004,Evan Wright,Sydney,Sports & Outdoors,Yoga Mat,244.22,4,0.25,Debit Card,COMPLETED,2025-08-17 20:16:37
ORD-103709,CUST-1012,Michael Scott,,Clothing,Running Shoes,41.31,1,0.05,UPI / Digital Wallet,COMPLETED,2025-03-25 20:05:43
ORD-103710,CUST-1010,Kevin Bacon,New York,Clothing,Cotton T-Shirt,64.94,1,0.0,PayPal,CANCELLED,2025-06-11 10:07:31
ORD-103711,CUST-1015,Pam Beesly,Toronto,Books,Data Engineering Handbook,18.95,4,0.2,UPI / Digital Wallet,RETURNED,2025-03-20 11:56:07
ORD-103712,CUST-1019,Tony Stark,Toronto,Clothing,Cotton T-Shirt,116.39,1,0.1,UPI / Digital Wallet,PENDING,2025-03-22 00:45:56
ORD-103713,CUST-1015,Pam Beesly,Sydney,Electronics,4K Monitor,846.31,1,0.0,PayPal,RETURNED,2025-01-10 02:00:30
ORD-103714,CUST-1009,Julia Roberts,Mumbai,Home & Kitchen,Cookware Set,217.16,3,0.25,Apple Pay,COMPLETED,2025-08-13 12:10:55
ORD-103715,CUST-1009,Julia Roberts,Paris,Sports & Outdoors,Yoga Mat,132.51,2,0.25,PayPal,COMPLETED,2025-06-10 18:42:05
ORD-103716,CUST-1015,Pam Beesly,San Francisco,Books,Cookbook,40.05,3,0.05,Apple Pay,PENDING,2025-02-09 09:30:05
ORD-103717,CUST-1003,Diana Prince,New York,Electronics,Smartwatch,1062.37,1,0.15,PayPal,COMPLETED,2025-12-15 01:15:51
ORD-103718,CUST-1019,Tony Stark,New York,Sports & Outdoors,Yoga Mat,34.73,3,0.2,Apple Pay,COMPLETED,2025-07-27 05:07:19
ORD-103719,CUST-1002,Charlie Brown,London,Home & Kitchen,Cookware Set,274.77,1,0.1,Debit Card,COMPLETED,2025-05-07 16:45:01
ORD-103720,CUST-1009,Julia Roberts,Toronto,Books,Economics 101,25.47,2,0.05,Credit Card,COMPLETED,2025-04-20 06:04:10
ORD-103721,CUST-1000,Alice Smith,Paris,Home & Kitchen,Vacuum Cleaner,50.61,3,0.1,Apple Pay,RETURNED,2025-09-23 14:20:19
ORD-103722,CUST-1012,Michael Scott,Mumbai,Electronics,4K Monitor,830.41,2,0.05,PayPal,COMPLETED,2025-10-05 06:57:43
ORD-103723,CUST-1019,Tony Stark,New York,Books,Biography,37.73,2,0.1,PayPal,CANCELLED,2025-03-02 01:41:32
ORD-103724,CUST-1005,Fiona Gallagher,Berlin,Home & Kitchen,Espresso Machine,226.81,1,0.25,UPI / Digital Wallet,RETURNED,2025-01-23 19:39:27
ORD-103725,CUST-1011,Laura Croft,San Francisco,Books,History of Computing,31.57,1,0.0,Credit Card,COMPLETED,2025-11-23 02:41:54
ORD-103726,CUST-1010,Kevin Bacon,New York,Books,History of Computing,11.15,2,0.25,PayPal,COMPLETED,2025-10-06 04:46:37
ORD-103727,CUST-1004,Evan Wright,Paris,Electronics,Wireless Headphones,400.65,1,0.05,Debit Card,COMPLETED,2025-06-02 04:29:39
ORD-103728,CUST-1014,Oscar Martinez,New York,Clothing,Running Shoes,131.21,2,0.1,UPI / Digital Wallet,RETURNED,2025-08-19 23:38:52
ORD-103729,CUST-1008,Ian Malcolm,London,Books,Data Engineering Handbook,41.38,1,0.2,UPI / Digital Wallet,COMPLETED,2025-08-01 20:48:53
ORD-103730,CUST-1008,Ian Malcolm,Mumbai,Electronics,4K Monitor,789.57,1,0.1,PayPal,PENDING,2025-08-20 12:51:38
ORD-103731,CUST-1016,Quentin Tarantino,Singapore,Books,Data Engineering Handbook,11.28,2,0.1,Credit Card,CANCELLED,2025-07-16 13:57:05
ORD-103732,CUST-1009,Julia Roberts,London,Sports & Outdoors,Yoga Mat,241.65,1,0.05,Apple Pay,COMPLETED,2025-04-06 05:20:39
ORD-103733,CUST-1006,George Clark,Tokyo,Books,Sci-Fi Novel,21.69,5,0.1,Credit Card,RETURNED,2025-02-03 11:21:28
ORD-103734,CUST-1000,Alice Smith,Sydney,Clothing,Winter Jacket,92.33,1,0.15,Credit Card,PENDING,2025-11-07 16:51:06
ORD-103735,CUST-1010,Kevin Bacon,Tokyo,Sports & Outdoors,Camping Tent,79.24,1,0.05,Debit Card,COMPLETED,2025-08-05 09:47:18
ORD-103736,CUST-1019,Tony Stark,Mumbai,Books,Sci-Fi Novel,39.48,2,0.25,Credit Card,PENDING,2025-05-27 13:06:25
ORD-103737,CUST-1008,Ian Malcolm,Sydney,Home & Kitchen,Espresso Machine,29.31,1,0.05,Credit Card,COMPLETED,2025-01-13 05:22:46
ORD-103738,CUST-1002,Charlie Brown,Singapore,Sports & Outdoors,Camping Tent,80.33,2,0.0,Apple Pay,CANCELLED,2025-03-20 22:40:29
ORD-103739,CUST-1017,Rachel Green,Singapore,Clothing,Running Shoes,127.79,2,0.15,Credit Card,RETURNED,2025-04-03 07:51:31
ORD-103740,CUST-1001,Bob Jones,San Francisco,Home & Kitchen,Air Fryer,84.65,1,0.15,Credit Card,PENDING,2025-07-12 10:35:52
ORD-103741,CUST-1012,Michael Scott,Paris,Books,Biography,26.17,2,0.05,Apple Pay,RETURNED,2025-09-06 17:17:20
ORD-103742,CUST-1019,Tony Stark,Sydney,Clothing,Running Shoes,81.34,2,0.0,Credit Card,CANCELLED,2025-04-21 02:07:58
ORD-103743,CUST-1016,Quentin Tarantino,London,Sports & Outdoors,Yoga Mat,77.35,3,0.05,Credit Card,COMPLETED,2025-11-23 07:40:45
ORD-103744,CUST-1010,Kevin Bacon,San Francisco,Clothing,Running Shoes,59.28,1,0.1,Debit Card,RETURNED,2025-08-14 16:30:35
ORD-103745,CUST-1010,Kevin Bacon,Singapore,Clothing,Sneakers,147.77,1,0.1,Apple Pay,CANCELLED,2025-08-11 06:35:42
ORD-103746,CUST-1008,Ian Malcolm,Tokyo,Sports & Outdoors,Camping Tent,175.77,1,0.1,UPI / Digital Wallet,PENDING,2025-05-02 22:11:49
ORD-103747,CUST-1008,Ian Malcolm,Toronto,Books,Sci-Fi Novel,37.47,4,0.05,Debit Card,RETURNED,2025-10-24 21:50:47
ORD-103748,CUST-1003,Diana Prince,San Francisco,Electronics,Smartwatch,1198.18,1,0.2,Apple Pay,CANCELLED,2025-07-20 19:57:54
ORD-103749,CUST-1011,Laura Croft,Sydney,Sports & Outdoors,Camping Tent,74.59,1,0.05,PayPal,COMPLETED,2025-03-22 01:41:58
ORD-103750,CUST-1002,Charlie Brown,Sydney,Books,Sci-Fi Novel,14.03,2,0.05,Credit Card,RETURNED,2025-12-17 01:47:09
ORD-103751,CUST-1015,Pam Beesly,Sydney,Books,Biography,19.25,2,0.15,PayPal,COMPLETED,2025-08-04 01:42:03
ORD-103752,CUST-1009,Julia Roberts,Toronto,Books,Biography,31.66,5,0.2,Apple Pay,CANCELLED,2025-03-04 18:52:29
ORD-103753,CUST-1017,Rachel Green,San Francisco,Home & Kitchen,Blender,229.53,3,0.25,PayPal,CANCELLED,2025-11-13 00:36:44
ORD-103754,CUST-1018,Steve Rogers,Mumbai,Clothing,Running Shoes,73.33,1,0.25,Debit Card,COMPLETED,2025-09-09 22:37:53
ORD-103755,CUST-1004,Evan Wright,Toronto,Sports & Outdoors,Yoga Mat,148.65,1,0.25,Apple Pay,COMPLETED,2025-05-18 13:50:19
ORD-103756,CUST-1000,Alice Smith,Tokyo,Clothing,Cotton T-Shirt,15.73,2,0.25,UPI / Digital Wallet,COMPLETED,2025-03-25 13:36:51
ORD-103757,CUST-1010,Kevin Bacon,Sydney,Books,Economics 101,14.9,2,0.25,UPI / Digital Wallet,COMPLETED,2025-07-14 05:42:49
ORD-103758,CUST-1004,Evan Wright,Singapore,Books,Sci-Fi Novel,42.27,1,0.0,PayPal,COMPLETED,2025-11-03 11:09:13
ORD-103759,CUST-1002,Charlie Brown,London,Home & Kitchen,Air Fryer,29.61,2,0.2,UPI / Digital Wallet,COMPLETED,2025-09-14 11:54:40
ORD-103760,CUST-1015,Pam Beesly,San Francisco,Electronics,Bluetooth Speaker,186.84,1,0.25,Credit Card,COMPLETED,2025-04-10 21:06:22
ORD-103761,CUST-1012,Michael Scott,San Francisco,Home & Kitchen,Cookware Set,268.55,2,0.05,PayPal,CANCELLED,2025-09-26 05:53:18
ORD-103762,CUST-1009,Julia Roberts,Paris,Electronics,Laptop,913.14,2,0.1,Debit Card,COMPLETED,2025-10-04 12:48:48
ORD-103763,CUST-1000,Alice Smith,Tokyo,Home & Kitchen,Espresso Machine,280.34,5,0.2,PayPal,COMPLETED,2025-07-27 14:05:15
ORD-103764,CUST-1002,Charlie Brown,Mumbai,Sports & Outdoors,Yoga Mat,77.03,3,0.25,PayPal,COMPLETED,2025-10-24 15:57:43
ORD-103765,CUST-1003,Diana Prince,Mumbai,Sports & Outdoors,Bicycle Helmet,62.12,4,0.2,Debit Card,COMPLETED,2025-07-08 14:48:49
ORD-103766,CUST-1003,,Sydney,Clothing,Denim Jeans,123.44,1,0.15,Debit Card,COMPLETED,2025-10-11 14:15:12
ORD-103767,CUST-1011,Laura Croft,New York,Sports & Outdoors,Hiking Backpack,87.71,1,0.2,PayPal,COMPLETED,2025-08-31 15:22:11
ORD-103768,CUST-1006,George Clark,Berlin,Electronics,Smartwatch,686.77,1,0.2,Credit Card,COMPLETED,2025-08-02 20:07:54
ORD-103769,CUST-1008,Ian Malcolm,Tokyo,Books,History of Computing,30.18,1,0.15,Credit Card,PENDING,2025-06-28 01:24:12
ORD-103770,CUST-1017,Rachel Green,Sydney,Books,Cookbook,36.43,1,0.2,PayPal,COMPLETED,2025-09-25 12:01:45
ORD-103771,CUST-1016,Quentin Tarantino,New York,Sports & Outdoors,Water Bottle,189.37,4,0.1,Debit Card,COMPLETED,2025-05-27 09:06:57
ORD-103772,CUST-1005,Fiona Gallagher,New York,Books,Cookbook,44.4,1,0.25,Credit Card,COMPLETED,2025-09-05 14:23:56
ORD-103773,CUST-1010,Kevin Bacon,London,Home & Kitchen,Cookware Set,245.88,3,0.2,Credit Card,COMPLETED,2025-10-28 23:33:04
ORD-103774,CUST-1018,Steve Rogers,Mumbai,Sports & Outdoors,Water Bottle,80.91,1,0.2,Apple Pay,PENDING,2025-05-08 13:49:26
ORD-103775,CUST-1016,Quentin Tarantino,San Francisco,Clothing,Denim Jeans,16.03,1,0.1,Debit Card,COMPLETED,2025-10-04 17:26:26
ORD-103776,CUST-1006,George Clark,Tokyo,Home & Kitchen,Toaster,49.54,2,0.0,Credit Card,RETURNED,2025-07-29 20:18:50
ORD-103777,CUST-1008,Ian Malcolm,Berlin,Clothing,Running Shoes,59.79,1,0.1,Credit Card,COMPLETED,2025-08-04 01:14:27
ORD-103778,CUST-1018,Steve Rogers,London,Electronics,Laptop,1121.85,2,0.25,Debit Card,COMPLETED,2025-10-25 15:54:54
ORD-103779,CUST-1002,Charlie Brown,Mumbai,Books,Cookbook,31.39,1,0.1,Debit Card,COMPLETED,2025-12-27 22:40:54
ORD-103780,CUST-1001,Bob Jones,Sydney,Home & Kitchen,Toaster,73.94,1,0.1,Debit Card,COMPLETED,2025-07-07 01:20:43
ORD-103781,CUST-1009,Julia Roberts,Toronto,Clothing,Sneakers,74.19,1,0.15,Credit Card,COMPLETED,2025-07-25 11:02:08
ORD-103782,CUST-1013,Nora Jones,Toronto,Electronics,Laptop,929.7,1,0.0,Apple Pay,PENDING,2025-12-06 21:21:09
ORD-103783,CUST-1015,Pam Beesly,Toronto,Sports & Outdoors,Water Bottle,156.01,1,0.0,Apple Pay,COMPLETED,2025-04-23 14:51:17
ORD-103784,CUST-1009,Julia Roberts,Berlin,Books,Sci-Fi Novel,38.83,3,0.25,PayPal,COMPLETED,2025-06-06 22:06:10
ORD-103785,CUST-1000,Alice Smith,Sydney,Clothing,Cotton T-Shirt,57.36,2,0.25,Credit Card,COMPLETED,2025-05-09 10:57:19
ORD-103786,CUST-1005,Fiona Gallagher,Paris,Books,Sci-Fi Novel,20.1,1,0.0,PayPal,COMPLETED,2025-11-22 19:32:54
ORD-103787,CUST-1014,Oscar Martinez,Mumbai,Home & Kitchen,Espresso Machine,325.8,3,0.15,Credit Card,RETURNED,2025-11-30 04:04:14
ORD-103788,CUST-1016,Quentin Tarantino,Singapore,Clothing,Hooded Sweatshirt,63.72,1,0.0,Debit Card,COMPLETED,2025-03-09 12:39:00
ORD-103789,CUST-1013,Nora Jones,Sydney,Home & Kitchen,Cookware Set,331.28,1,0.0,UPI / Digital Wallet,COMPLETED,2025-01-27 09:31:41
ORD-103790,CUST-1016,Quentin Tarantino,Singapore,Clothing,Cotton T-Shirt,126.54,1,0.15,PayPal,RETURNED,2025-10-16 06:51:11
ORD-103791,CUST-1011,Laura Croft,Sydney,Home & Kitchen,Toaster,117.74,4,0.1,Apple Pay,COMPLETED,2025-05-09 09:09:30
ORD-103792,CUST-1005,Fiona Gallagher,London,Home & Kitchen,Espresso Machine,283.46,1,0.25,UPI / Digital Wallet,RETURNED,2025-05-07 12:36:10
ORD-103793,CUST-1003,Diana Prince,New York,Clothing,Running Shoes,120.02,1,0.2,UPI / Digital Wallet,COMPLETED,2025-04-12 14:11:58
ORD-103794,CUST-1017,Rachel Green,Mumbai,Books,Data Engineering Handbook,29.93,1,0.25,Credit Card,PENDING,2025-07-16 18:34:31
ORD-103795,CUST-1000,Alice Smith,New York,Sports & Outdoors,Hiking Backpack,62.97,3,0.2,Apple Pay,PENDING,2025-01-04 19:52:36
ORD-103796,CUST-1015,Pam Beesly,Toronto,Clothing,Cotton T-Shirt,149.17,1,0.1,UPI / Digital Wallet,COMPLETED,2025-08-23 00:00:35
ORD-103797,CUST-1013,Nora Jones,Mumbai,Books,Cookbook,38.21,2,0.1,Apple Pay,COMPLETED,2025-11-08 22:35:23
ORD-103798,CUST-1006,George Clark,Sydney,Sports & Outdoors,Water Bottle,85.38,1,0.15,Debit Card,COMPLETED,2025-01-22 02:20:57
ORD-103799,CUST-1008,Ian Malcolm,Mumbai,Books,Economics 101,21.36,3,0.25,Credit Card,COMPLETED,2025-09-19 06:42:02
ORD-103800,CUST-1014,Oscar Martinez,New York,Home & Kitchen,Cookware Set,270.96,1,0.1,Debit Card,CANCELLED,2025-09-07 18:13:45
ORD-103801,CUST-1005,Fiona Gallagher,New York,Electronics,Smartphone,494.99,1,0.25,Debit Card,COMPLETED,2025-05-28 07:17:36
ORD-103802,CUST-1004,Evan Wright,Tokyo,Books,History of Computing,13.56,1,0.15,UPI / Digital Wallet,COMPLETED,2025-12-21 12:32:21
ORD-103803,CUST-1005,Fiona Gallagher,Tokyo,Clothing,Denim Jeans,42.8,3,0.25,Debit Card,CANCELLED,2025-04-04 06:03:40
ORD-103804,CUST-1009,Julia Roberts,Sydney,Sports & Outdoors,Yoga Mat,224.96,2,0.25,UPI / Digital Wallet,COMPLETED,2025-03-03 23:41:52
ORD-103805,CUST-1012,Michael Scott,Singapore,Electronics,Laptop,363.48,2,0.05,Debit Card,COMPLETED,2025-10-08 10:57:45
ORD-103806,CUST-1012,Michael Scott,Singapore,Books,Sci-Fi Novel,15.76,3,0.15,UPI / Digital Wallet,COMPLETED,2025-10-14 15:50:37
ORD-103807,CUST-1014,Oscar Martinez,Tokyo,Books,Biography,25.63,1,0.15,Credit Card,COMPLETED,2025-11-14 06:18:58
ORD-103808,CUST-1019,Tony Stark,Berlin,Books,Sci-Fi Novel,14.89,3,0.1,UPI / Digital Wallet,CANCELLED,2025-09-17 14:09:58
ORD-103809,CUST-1014,Oscar Martinez,Mumbai,Books,Data Engineering Handbook,26.21,1,0.1,Apple Pay,COMPLETED,2025-08-18 02:34:53
ORD-103810,CUST-1001,Bob Jones,Sydney,Clothing,Denim Jeans,16.37,1,0.2,Debit Card,COMPLETED,2025-07-03 01:16:24
ORD-103811,CUST-1012,Michael Scott,San Francisco,Home & Kitchen,Blender,273.17,2,0.25,UPI / Digital Wallet,RETURNED,2025-07-25 11:42:24
ORD-103812,CUST-1001,Bob Jones,New York,Books,Sci-Fi Novel,34.5,2,0.15,Credit Card,PENDING,2025-09-14 06:59:36
ORD-103813,CUST-1005,Fiona Gallagher,Berlin,Home & Kitchen,Cookware Set,138.02,1,0.1,Apple Pay,COMPLETED,2025-07-17 11:00:22
ORD-103814,CUST-1005,Fiona Gallagher,San Francisco,Electronics,4K Monitor,780.04,-1,0.2,PayPal,PENDING,2025-03-28 06:00:30
ORD-103815,CUST-1016,Quentin Tarantino,London,Home & Kitchen,Air Fryer,102.52,4,0.05,Debit Card,COMPLETED,2025-12-01 11:42:17
ORD-103816,CUST-1003,Diana Prince,Toronto,Clothing,Hooded Sweatshirt,22.55,2,0.1,Credit Card,COMPLETED,2025-04-11 08:10:09
ORD-103817,CUST-1012,Michael Scott,Tokyo,Sports & Outdoors,Bicycle Helmet,189.68,4,0.05,Credit Card,COMPLETED,2025-08-10 02:51:40
ORD-103818,CUST-1012,Michael Scott,Berlin,Clothing,Winter Jacket,125.15,5,0.2,UPI / Digital Wallet,COMPLETED,2025-02-25 22:24:52
ORD-103819,CUST-1003,Diana Prince,Toronto,Books,Biography,17.17,4,0.05,Credit Card,RETURNED,2025-09-14 16:44:36
ORD-103820,CUST-1007,Hannah Abbott,Singapore,Home & Kitchen,Cookware Set,273.31,3,0.1,PayPal,RETURNED,2025-10-11 05:37:40
ORD-103821,CUST-1009,Julia Roberts,Singapore,Books,Data Engineering Handbook,24.69,1,0.15,Debit Card,RETURNED,2025-05-07 17:54:53
ORD-103822,CUST-1014,Oscar Martinez,San Francisco,Electronics,Smartwatch,1053.54,2,0.0,PayPal,COMPLETED,2025-09-11 19:51:13
ORD-103823,CUST-1016,Quentin Tarantino,New York,Electronics,4K Monitor,77.61,4,0.05,Debit Card,PENDING,2025-02-02 07:37:43
ORD-103824,CUST-1001,Bob Jones,Paris,Home & Kitchen,Toaster,40.51,1,0.15,Debit Card,COMPLETED,2025-08-31 14:56:02
ORD-103825,CUST-1005,Fiona Gallagher,Mumbai,Sports & Outdoors,Water Bottle,160.07,5,0.1,UPI / Digital Wallet,COMPLETED,2025-01-11 00:56:10
ORD-103826,CUST-1005,Fiona Gallagher,Singapore,Sports & Outdoors,Hiking Backpack,80.22,2,0.05,Apple Pay,COMPLETED,2025-10-11 23:07:20
ORD-103827,CUST-1013,Nora Jones,Paris,Electronics,Smartwatch,797.22,4,0.15,Credit Card,RETURNED,2025-05-14 19:43:15
ORD-103828,CUST-1016,Quentin Tarantino,Mumbai,Home & Kitchen,Espresso Machine,237.66,1,0.1,Apple Pay,CANCELLED,2025-12-22 12:41:24
ORD-103829,CUST-1014,Oscar Martinez,Paris,Home & Kitchen,Air Fryer,322.73,1,0.15,Credit Card,COMPLETED,2025-10-28 09:08:44
ORD-103830,CUST-1013,Nora Jones,Tokyo,Books,History of Computing,9.08,2,0.05,UPI / Digital Wallet,COMPLETED,2025-01-18 05:07:05
ORD-103831,CUST-1009,Julia Roberts,Mumbai,Clothing,Winter Jacket,149.85,4,0.1,PayPal,PENDING,2025-05-16 18:08:18
ORD-103832,CUST-1008,Ian Malcolm,Sydney,Sports & Outdoors,Dumbbell Set,151.18,1,0.15,Debit Card,PENDING,2025-10-17 22:47:41
ORD-103833,CUST-1002,Charlie Brown,New York,Electronics,Laptop,292.48,2,0.2,Debit Card,RETURNED,2025-05-13 07:25:22
ORD-103834,CUST-1009,Julia Roberts,London,Books,Economics 101,10.71,2,0.05,UPI / Digital Wallet,RETURNED,2025-10-02 08:42:06
ORD-103835,CUST-1013,Nora Jones,Berlin,Clothing,Denim Jeans,83.57,1,0.05,Apple Pay,CANCELLED,2025-11-16 14:02:23
ORD-103836,CUST-1018,Steve Rogers,Singapore,Clothing,Denim Jeans,87.08,4,0.0,Debit Card,CANCELLED,2025-07-03 20:24:28
ORD-103837,CUST-1008,Ian Malcolm,Berlin,Books,Economics 101,25.64,1,0.25,UPI / Digital Wallet,COMPLETED,2025-10-09 00:15:36
ORD-103838,CUST-1015,Pam Beesly,Tokyo,Home & Kitchen,Vacuum Cleaner,314.33,2,0.2,Debit Card,RETURNED,2025-02-03 21:08:42
ORD-103839,CUST-1019,Tony Stark,Singapore,Sports & Outdoors,Hiking Backpack,246.91,1,0.0,PayPal,COMPLETED,2025-12-22 21:55:11
ORD-103840,CUST-1002,Charlie Brown,Mumbai,Electronics,4K Monitor,926.86,3,0.25,Apple Pay,CANCELLED,2025-01-10 03:18:06
ORD-103841,CUST-1018,Steve Rogers,Mumbai,Electronics,Wireless Headphones,778.04,1,0.05,Debit Card,COMPLETED,2025-04-11 01:15:46
ORD-103842,CUST-1012,Michael Scott,London,Home & Kitchen,Vacuum Cleaner,234.65,2,0.1,Debit Card,COMPLETED,2025-02-06 18:45:30
ORD-103843,CUST-1016,Quentin Tarantino,New York,Electronics,4K Monitor,1058.0,1,0.1,Apple Pay,COMPLETED,2025-03-20 23:28:05
ORD-103844,CUST-1018,Steve Rogers,London,Sports & Outdoors,Water Bottle,223.03,3,0.0,Debit Card,COMPLETED,2025-11-04 02:51:03
ORD-103845,CUST-1006,George Clark,Paris,Sports & Outdoors,Camping Tent,169.14,5,0.2,PayPal,COMPLETED,2025-02-20 00:52:25
ORD-103846,CUST-1011,Laura Croft,London,Home & Kitchen,Air Fryer,34.91,4,0.1,Apple Pay,COMPLETED,2025-08-29 04:47:08
ORD-103847,CUST-1009,Julia Roberts,San Francisco,Sports & Outdoors,Bicycle Helmet,181.24,1,0.0,Credit Card,CANCELLED,2025-06-27 07:32:22
ORD-103848,CUST-1014,Oscar Martinez,Mumbai,Electronics,Smartwatch,662.74,1,0.05,Credit Card,CANCELLED,2025-02-24 14:55:37
ORD-103849,CUST-1003,Diana Prince,Sydney,Books,History of Computing,26.0,1,0.1,Debit Card,CANCELLED,2025-05-05 22:55:15
ORD-103850,CUST-1018,Steve Rogers,Berlin,Books,History of Computing,32.07,4,0.15,Credit Card,COMPLETED,2025-11-26 12:53:55
ORD-103851,CUST-1012,Michael Scott,London,Clothing,Cotton T-Shirt,31.61,5,0.15,UPI / Digital Wallet,COMPLETED,2025-05-16 14:36:00
ORD-103852,CUST-1016,Quentin Tarantino,New York,Electronics,Smartphone,191.3,1,0.0,PayPal,COMPLETED,2025-04-10 05:13:11
ORD-103853,CUST-1018,Steve Rogers,Berlin,Clothing,Sneakers,85.71,1,0.05,Apple Pay,RETURNED,2025-01-10 08:17:52
ORD-103854,CUST-1017,Rachel Green,Mumbai,Clothing,Winter Jacket,64.85,1,0.0,Credit Card,PENDING,2025-11-16 08:53:28
ORD-103855,CUST-1013,Nora Jones,Berlin,Sports & Outdoors,Hiking Backpack,217.21,1,0.15,Apple Pay,COMPLETED,2025-08-11 09:58:31
ORD-103856,CUST-1003,Diana Prince,Tokyo,Clothing,Winter Jacket,91.0,1,0.0,Apple Pay,COMPLETED,2025-08-24 09:53:50
ORD-103857,CUST-1014,Oscar Martinez,Berlin,Electronics,Bluetooth Speaker,521.6,2,0.1,UPI / Digital Wallet,COMPLETED,2025-05-04 14:21:01
ORD-103858,CUST-1008,Ian Malcolm,Berlin,Electronics,Smartwatch,818.57,1,0.1,Credit Card,COMPLETED,2025-06-02 01:54:09
ORD-103859,CUST-1015,Pam Beesly,Toronto,Books,Economics 101,37.46,2,0.05,UPI / Digital Wallet,COMPLETED,2025-08-06 23:17:01
ORD-103860,CUST-1000,Alice Smith,Paris,Sports & Outdoors,Water Bottle,146.87,1,0.2,Debit Card,COMPLETED,2025-08-19 17:39:04
ORD-103861,CUST-1010,Kevin Bacon,Tokyo,Sports & Outdoors,Camping Tent,32.4,1,0.1,Debit Card,COMPLETED,2025-12-22 05:34:51
ORD-103862,CUST-1019,Tony Stark,Berlin,Clothing,Hooded Sweatshirt,106.04,4,0.05,Credit Card,RETURNED,2025-06-20 14:09:17
ORD-103863,CUST-1011,Laura Croft,Mumbai,Home & Kitchen,Espresso Machine,334.61,4,0.25,Apple Pay,COMPLETED,2025-08-11 08:30:03
ORD-103864,CUST-1011,Laura Croft,Toronto,Electronics,Smartphone,699.94,1,0.05,UPI / Digital Wallet,COMPLETED,2025-12-02 16:05:00
ORD-103865,CUST-1016,Quentin Tarantino,New York,Home & Kitchen,Air Fryer,44.86,1,0.2,Apple Pay,COMPLETED,2025-09-12 06:59:16
ORD-103866,CUST-1017,Rachel Green,San Francisco,Clothing,Sneakers,32.45,2,0.05,Apple Pay,COMPLETED,2025-12-10 16:54:05
ORD-103867,CUST-1017,Rachel Green,Paris,Clothing,Denim Jeans,126.74,4,0.05,PayPal,COMPLETED,2025-06-12 23:45:20
ORD-103868,CUST-1012,Michael Scott,New York,Sports & Outdoors,Water Bottle,101.96,1,0.1,Debit Card,COMPLETED,2025-12-09 11:48:40
ORD-103869,CUST-1011,Laura Croft,Paris,Books,Data Engineering Handbook,40.1,1,0.1,Debit Card,COMPLETED,2025-07-29 12:43:07
ORD-103870,CUST-1006,George Clark,Paris,Home & Kitchen,Espresso Machine,36.8,1,0.2,Apple Pay,COMPLETED,2025-08-08 18:28:15
ORD-103871,CUST-1015,Pam Beesly,Berlin,Sports & Outdoors,Water Bottle,186.74,3,0.0,UPI / Digital Wallet,COMPLETED,2025-04-21 22:55:07
ORD-103872,CUST-1004,Evan Wright,Berlin,Sports & Outdoors,Camping Tent,73.22,1,0.05,Debit Card,COMPLETED,2025-09-29 12:16:19
ORD-103873,CUST-1011,,Singapore,Sports & Outdoors,Dumbbell Set,152.81,1,0.2,Credit Card,COMPLETED,2025-06-30 17:31:18
ORD-103874,CUST-1018,Steve Rogers,Tokyo,Clothing,Denim Jeans,143.93,2,0.05,Apple Pay,RETURNED,2025-10-08 18:06:48
ORD-103875,CUST-1018,Steve Rogers,San Francisco,Home & Kitchen,Vacuum Cleaner,205.16,4,0.0,PayPal,COMPLETED,2025-04-27 12:27:08
ORD-103876,CUST-1012,Michael Scott,Mumbai,Books,Data Engineering Handbook,11.29,-1,0.05,UPI / Digital Wallet,COMPLETED,2025-12-17 18:50:34
ORD-103877,CUST-1019,Tony Stark,Toronto,Sports & Outdoors,Dumbbell Set,16.57,1,0.0,Credit Card,PENDING,2025-02-25 08:15:12
ORD-103878,CUST-1002,Charlie Brown,San Francisco,Sports & Outdoors,Dumbbell Set,155.97,1,0.2,PayPal,COMPLETED,2025-09-24 18:38:50
ORD-103879,CUST-1013,Nora Jones,,Clothing,Sneakers,40.03,3,0.05,PayPal,COMPLETED,2025-02-21 12:47:51
ORD-103880,CUST-1004,Evan Wright,London,Electronics,Wireless Headphones,581.98,2,0.25,Debit Card,COMPLETED,2025-06-23 22:28:33
ORD-103881,CUST-1013,Nora Jones,San Francisco,Sports & Outdoors,Dumbbell Set,54.85,1,0.2,UPI / Digital Wallet,COMPLETED,2025-09-02 06:41:33
ORD-103882,CUST-1013,Nora Jones,Sydney,Sports & Outdoors,Water Bottle,116.79,1,0.2,PayPal,PENDING,2025-01-18 20:14:29
ORD-103883,CUST-1019,Tony Stark,New York,Clothing,Sneakers,37.58,1,0.25,Apple Pay,COMPLETED,2025-06-23 23:29:24
ORD-103884,CUST-1018,Steve Rogers,San Francisco,Clothing,Cotton T-Shirt,128.11,2,0.0,Credit Card,COMPLETED,2025-03-23 10:22:12
ORD-103885,CUST-1019,Tony Stark,Tokyo,Electronics,Bluetooth Speaker,613.24,3,0.15,UPI / Digital Wallet,COMPLETED,2025-03-15 14:49:03
ORD-103886,CUST-1016,Quentin Tarantino,Singapore,Books,Biography,15.93,3,0.0,Debit Card,CANCELLED,2025-02-02 20:16:23
ORD-103887,CUST-1010,Kevin Bacon,London,Books,History of Computing,39.22,1,0.2,UPI / Digital Wallet,RETURNED,2025-09-25 01:14:05
ORD-103888,CUST-1013,Nora Jones,New York,Sports & Outdoors,Dumbbell Set,113.54,1,0.25,PayPal,RETURNED,2025-02-08 02:13:27
ORD-103889,CUST-1002,Charlie Brown,San Francisco,Clothing,Denim Jeans,96.15,2,0.25,PayPal,COMPLETED,2025-02-26 14:16:05
ORD-103890,CUST-1006,George Clark,Sydney,Clothing,Hooded Sweatshirt,60.61,1,0.15,Debit Card,RETURNED,2025-01-02 08:40:21
ORD-103891,CUST-1000,Alice Smith,Mumbai,Home & Kitchen,Toaster,224.45,1,0.0,Credit Card,COMPLETED,2025-08-15 09:29:50
ORD-103892,CUST-1003,Diana Prince,Singapore,Sports & Outdoors,Dumbbell Set,140.65,2,0.1,Apple Pay,COMPLETED,2025-01-04 08:39:36
ORD-103893,CUST-1008,Ian Malcolm,London,Sports & Outdoors,Water Bottle,21.61,1,0.2,UPI / Digital Wallet,RETURNED,2025-04-02 02:47:08
ORD-103894,CUST-1017,Rachel Green,Tokyo,Sports & Outdoors,Dumbbell Set,119.74,2,0.25,UPI / Digital Wallet,COMPLETED,2025-07-14 12:53:17
ORD-103895,CUST-1006,George Clark,Toronto,Electronics,Smartphone,346.39,1,0.25,Debit Card,COMPLETED,2025-06-16 06:20:23
ORD-103896,CUST-1012,Michael Scott,Sydney,Clothing,Cotton T-Shirt,56.41,1,0.25,Credit Card,COMPLETED,2025-01-31 16:36:31
ORD-103897,CUST-1019,Tony Stark,San Francisco,Clothing,Hooded Sweatshirt,20.48,2,0.05,PayPal,COMPLETED,2025-08-27 01:54:14
ORD-103898,CUST-1019,Tony Stark,Singapore,Books,History of Computing,43.04,1,0.2,Credit Card,COMPLETED,2025-06-24 11:50:02
ORD-103899,CUST-1015,Pam Beesly,New York,Books,Data Engineering Handbook,31.99,5,0.15,UPI / Digital Wallet,CANCELLED,2025-07-09 18:09:44
ORD-103900,CUST-1008,Ian Malcolm,London,Electronics,4K Monitor,796.27,-1,0.0,Debit Card,RETURNED,2025-11-20 15:59:32
ORD-103901,CUST-1009,Julia Roberts,Tokyo,Books,History of Computing,22.45,2,0.25,UPI / Digital Wallet,COMPLETED,2025-03-28 07:10:04
ORD-103902,CUST-1008,Ian Malcolm,Singapore,Sports & Outdoors,Yoga Mat,152.75,2,0.15,PayPal,COMPLETED,2025-11-11 07:59:43
ORD-103903,CUST-1018,Steve Rogers,Paris,Clothing,Sneakers,28.66,2,0.1,Credit Card,CANCELLED,2025-03-29 20:56:26
ORD-103904,CUST-1005,Fiona Gallagher,Sydney,Books,Data Engineering Handbook,8.94,1,0.25,Debit Card,COMPLETED,2025-11-09 05:40:32
ORD-103905,CUST-1019,Tony Stark,Paris,Clothing,Cotton T-Shirt,140.35,2,0.1,UPI / Digital Wallet,COMPLETED,2025-03-11 01:23:20
ORD-103906,CUST-1008,Ian Malcolm,Sydney,Home & Kitchen,Vacuum Cleaner,304.32,1,0.2,PayPal,COMPLETED,2025-02-26 17:14:15
ORD-103907,CUST-1001,Bob Jones,London,Books,History of Computing,36.17,2,0.15,Debit Card,COMPLETED,2025-12-18 05:57:15
ORD-103908,CUST-1015,Pam Beesly,London,Electronics,Laptop,857.38,1,0.0,UPI / Digital Wallet,COMPLETED,2025-08-25 15:46:11
ORD-103909,CUST-1012,Michael Scott,New York,Books,Cookbook,9.89,1,0.0,PayPal,PENDING,2025-05-27 05:30:40
ORD-103910,CUST-1001,Bob Jones,New York,Books,History of Computing,32.64,4,0.1,UPI / Digital Wallet,COMPLETED,2025-04-11 18:04:56
ORD-103911,CUST-1000,Alice Smith,Tokyo,Electronics,Wireless Headphones,718.13,1,0.1,Debit Card,CANCELLED,2025-07-25 23:43:19
ORD-103912,CUST-1016,Quentin Tarantino,San Francisco,Home & Kitchen,Toaster,259.92,1,0.15,UPI / Digital Wallet,RETURNED,2025-11-06 23:08:00
ORD-103913,CUST-1008,Ian Malcolm,Paris,Home & Kitchen,Cookware Set,247.55,-1,0.1,PayPal,COMPLETED,2025-10-15 07:53:21
ORD-103914,CUST-1008,Ian Malcolm,New York,Books,Cookbook,18.05,2,0.2,UPI / Digital Wallet,RETURNED,2025-11-26 16:03:17
ORD-103915,CUST-1015,Pam Beesly,London,Sports & Outdoors,Bicycle Helmet,199.76,1,0.05,Debit Card,COMPLETED,2025-08-11 16:38:29
ORD-103916,CUST-1002,Charlie Brown,Sydney,Home & Kitchen,Vacuum Cleaner,225.08,2,0.15,Credit Card,PENDING,2025-10-10 21:15:17
ORD-103917,CUST-1012,Michael Scott,Singapore,Clothing,Running Shoes,16.66,1,0.1,PayPal,COMPLETED,2025-03-22 17:28:22
ORD-103918,CUST-1019,Tony Stark,Paris,Electronics,Smartwatch,60.36,2,0.2,Credit Card,COMPLETED,2025-03-30 11:35:18
ORD-103919,CUST-1017,Rachel Green,London,Clothing,Hooded Sweatshirt,64.4,3,0.05,Credit Card,PENDING,2025-03-04 19:18:28
ORD-103920,CUST-1015,Pam Beesly,New York,Clothing,Running Shoes,27.67,4,0.15,UPI / Digital Wallet,PENDING,2025-02-26 05:18:32
ORD-103921,CUST-1014,Oscar Martinez,Mumbai,Books,History of Computing,12.47,4,0.2,Apple Pay,COMPLETED,2025-12-30 17:32:54
ORD-103922,CUST-1010,Kevin Bacon,Paris,Books,Cookbook,38.26,2,0.1,Apple Pay,COMPLETED,2025-06-13 14:50:01
ORD-103923,CUST-1018,Steve Rogers,London,Home & Kitchen,Cookware Set,245.75,1,0.0,PayPal,COMPLETED,2025-12-26 14:04:04
ORD-103924,CUST-1008,Ian Malcolm,Sydney,Electronics,Smartphone,1008.54,1,0.05,UPI / Digital Wallet,COMPLETED,2025-01-22 20:43:52
ORD-103925,CUST-1004,Evan Wright,Mumbai,Electronics,Wireless Headphones,1042.8,2,0.1,PayPal,PENDING,2025-11-30 04:55:57
ORD-103926,CUST-1005,Fiona Gallagher,Paris,Sports & Outdoors,Bicycle Helmet,245.42,1,0.0,UPI / Digital Wallet,COMPLETED,2025-01-21 03:50:58
ORD-103927,CUST-1000,Alice Smith,Mumbai,Home & Kitchen,Cookware Set,266.4,3,0.05,Apple Pay,COMPLETED,2025-12-21 05:01:21
ORD-103928,CUST-1013,Nora Jones,Mumbai,Home & Kitchen,Vacuum Cleaner,166.31,3,0.1,Apple Pay,CANCELLED,2025-11-02 21:07:51
ORD-103929,CUST-1019,Tony Stark,Berlin,Books,Sci-Fi Novel,37.51,3,0.15,Debit Card,COMPLETED,2025-07-11 19:31:55
ORD-103930,CUST-1014,Oscar Martinez,San Francisco,Electronics,Laptop,709.46,-1,0.05,Debit Card,COMPLETED,2025-07-13 12:56:46
ORD-103931,CUST-1018,Steve Rogers,Sydney,Books,Cookbook,14.38,1,0.05,Debit Card,COMPLETED,2025-08-17 21:50:44
ORD-103932,CUST-1007,Hannah Abbott,Paris,Electronics,Wireless Headphones,321.53,1,0.0,UPI / Digital Wallet,PENDING,2025-01-23 15:29:55
ORD-103933,CUST-1013,Nora Jones,Sydney,Home & Kitchen,Air Fryer,82.96,2,0.0,UPI / Digital Wallet,COMPLETED,2025-11-13 00:45:17
ORD-103934,CUST-1017,Rachel Green,New York,Home & Kitchen,Espresso Machine,202.53,2,0.25,Debit Card,RETURNED,2025-03-02 18:20:08
ORD-103935,CUST-1017,Rachel Green,Singapore,Clothing,Cotton T-Shirt,95.96,5,0.0,UPI / Digital Wallet,COMPLETED,2025-08-23 07:59:13
ORD-103936,CUST-1008,Ian Malcolm,Paris,Books,Biography,25.49,2,0.25,Debit Card,COMPLETED,2025-12-18 04:04:25
ORD-103937,CUST-1013,Nora Jones,Mumbai,Clothing,Sneakers,124.89,1,0.25,Apple Pay,CANCELLED,2025-04-04 19:20:14
ORD-103938,CUST-1012,Michael Scott,London,Home & Kitchen,Air Fryer,314.45,2,0.25,Debit Card,RETURNED,2025-07-17 17:21:59
ORD-103939,CUST-1007,Hannah Abbott,Berlin,Sports & Outdoors,Water Bottle,48.77,1,0.05,UPI / Digital Wallet,COMPLETED,2025-03-29 09:23:26
ORD-103940,CUST-1002,Charlie Brown,Singapore,Electronics,Wireless Headphones,1101.79,1,0.25,Debit Card,COMPLETED,2025-09-13 05:28:31
ORD-103941,CUST-1007,Hannah Abbott,Toronto,Clothing,Cotton T-Shirt,15.57,1,0.0,Apple Pay,COMPLETED,2025-07-12 23:15:25
ORD-103942,CUST-1013,Nora Jones,Singapore,Electronics,Laptop,69.04,1,0.0,Debit Card,COMPLETED,2025-02-06 08:49:23
ORD-103943,CUST-1000,Alice Smith,Berlin,Clothing,Cotton T-Shirt,87.74,2,0.0,Credit Card,RETURNED,2025-08-27 16:24:26
ORD-103944,CUST-1000,Alice Smith,Tokyo,Electronics,Bluetooth Speaker,637.57,2,0.2,Credit Card,COMPLETED,2025-02-19 10:17:20
ORD-103945,CUST-1004,Evan Wright,New York,Electronics,Smartphone,387.75,4,0.2,Debit Card,COMPLETED,2025-10-02 02:55:19
ORD-103946,CUST-1018,Steve Rogers,Mumbai,Electronics,Bluetooth Speaker,1054.08,3,0.0,PayPal,RETURNED,2025-08-24 15:41:41
ORD-103947,CUST-1010,Kevin Bacon,Tokyo,Home & Kitchen,Toaster,141.77,2,0.1,Apple Pay,COMPLETED,2025-08-07 19:40:49
ORD-103948,CUST-1018,Steve Rogers,Toronto,Home & Kitchen,Air Fryer,156.3,1,0.25,UPI / Digital Wallet,COMPLETED,2025-02-24 22:36:53
ORD-103949,CUST-1004,Evan Wright,Berlin,Clothing,Running Shoes,95.34,2,0.0,PayPal,RETURNED,2025-03-21 23:19:59
ORD-103950,CUST-1001,Bob Jones,Singapore,Clothing,Winter Jacket,16.25,1,0.2,Credit Card,COMPLETED,2025-01-08 01:20:41
ORD-103951,CUST-1009,Julia Roberts,Toronto,Clothing,Running Shoes,121.13,3,0.2,Credit Card,PENDING,2025-09-09 20:04:33
ORD-103952,CUST-1007,Hannah Abbott,Mumbai,Electronics,Smartwatch,543.12,5,0.1,Credit Card,PENDING,2025-03-10 13:47:41
ORD-103953,CUST-1012,Michael Scott,London,Home & Kitchen,Air Fryer,45.31,4,0.2,Credit Card,COMPLETED,2025-01-28 10:09:14
ORD-103954,CUST-1013,Nora Jones,Paris,Electronics,4K Monitor,453.93,1,0.2,Credit Card,RETURNED,2025-04-30 20:01:37
ORD-103955,CUST-1008,Ian Malcolm,New York,Electronics,Laptop,1179.94,1,0.05,PayPal,PENDING,2025-05-09 18:22:27
ORD-103956,CUST-1015,Pam Beesly,Toronto,Books,Data Engineering Handbook,12.85,1,0.25,PayPal,COMPLETED,2025-08-18 01:09:25
ORD-103957,CUST-1009,Julia Roberts,Tokyo,Books,History of Computing,28.73,4,0.15,Apple Pay,COMPLETED,2025-01-02 06:49:19
ORD-103958,CUST-1008,Ian Malcolm,Singapore,Clothing,Winter Jacket,20.96,3,0.1,PayPal,COMPLETED,2025-02-18 09:57:00
ORD-103959,CUST-1002,Charlie Brown,Tokyo,Home & Kitchen,Vacuum Cleaner,284.29,1,0.15,Debit Card,COMPLETED,2025-03-24 01:25:22
ORD-103960,CUST-1000,Alice Smith,Tokyo,Books,Data Engineering Handbook,35.16,2,0.2,Apple Pay,PENDING,2025-11-26 16:54:35
ORD-103961,CUST-1004,Evan Wright,San Francisco,Books,Cookbook,8.3,1,0.25,Apple Pay,COMPLETED,2025-06-29 18:16:34
ORD-103962,CUST-1016,Quentin Tarantino,New York,Electronics,Laptop,249.52,3,0.0,Credit Card,COMPLETED,2025-06-11 03:45:53
ORD-103963,CUST-1009,Julia Roberts,Toronto,Home & Kitchen,Vacuum Cleaner,237.15,1,0.25,Debit Card,COMPLETED,2025-11-23 19:17:00
ORD-103964,CUST-1011,Laura Croft,New York,Books,Biography,26.39,1,0.2,Credit Card,CANCELLED,2025-05-14 20:28:42
ORD-103965,CUST-1001,Bob Jones,Singapore,Home & Kitchen,Blender,153.4,3,0.25,PayPal,RETURNED,2025-06-17 17:18:20
ORD-103966,CUST-1000,Alice Smith,Berlin,Home & Kitchen,Cookware Set,72.73,1,0.25,PayPal,COMPLETED,2025-02-17 22:56:50
ORD-103967,CUST-1004,Evan Wright,San Francisco,Home & Kitchen,Cookware Set,26.84,2,0.1,UPI / Digital Wallet,RETURNED,2025-07-01 19:27:04
ORD-103968,CUST-1016,Quentin Tarantino,Mumbai,Clothing,Sneakers,73.9,2,0.25,Debit Card,CANCELLED,2025-11-01 04:28:37
ORD-103969,CUST-1014,Oscar Martinez,Mumbai,Home & Kitchen,Cookware Set,33.94,1,0.05,PayPal,CANCELLED,2025-05-24 06:49:03
ORD-103970,CUST-1018,Steve Rogers,Tokyo,Clothing,Winter Jacket,111.03,5,0.15,Debit Card,COMPLETED,2025-12-26 03:15:22
ORD-103971,CUST-1019,Tony Stark,Singapore,Sports & Outdoors,Dumbbell Set,50.83,1,0.05,Debit Card,COMPLETED,2025-03-07 05:40:39
ORD-103972,CUST-1012,Michael Scott,New York,Electronics,Bluetooth Speaker,326.72,1,0.15,Debit Card,COMPLETED,2025-04-29 01:51:57
ORD-103973,CUST-1012,Michael Scott,Paris,Books,Cookbook,41.08,1,0.0,PayPal,COMPLETED,2025-05-18 06:34:21
ORD-103974,CUST-1004,Evan Wright,Singapore,Clothing,Sneakers,64.8,1,0.25,PayPal,PENDING,2025-12-13 19:23:52
ORD-103975,CUST-1015,Pam Beesly,New York,Sports & Outdoors,Yoga Mat,208.9,1,0.0,Credit Card,CANCELLED,2025-07-02 01:37:33
ORD-103976,CUST-1004,Evan Wright,New York,Electronics,4K Monitor,394.55,1,0.15,Apple Pay,COMPLETED,2025-01-12 11:11:07
ORD-103977,CUST-1017,Rachel Green,London,Clothing,Hooded Sweatshirt,128.13,4,0.05,Debit Card,RETURNED,2025-02-09 13:22:51
ORD-103978,CUST-1002,Charlie Brown,New York,Books,Economics 101,11.32,3,0.2,PayPal,COMPLETED,2025-09-22 22:14:55
ORD-103979,CUST-1005,Fiona Gallagher,Singapore,Books,Biography,18.44,1,0.0,Apple Pay,CANCELLED,2025-06-15 00:09:04
ORD-103980,CUST-1008,Ian Malcolm,Berlin,Electronics,Bluetooth Speaker,290.51,2,0.0,Apple Pay,PENDING,2025-02-06 15:49:21
ORD-103981,CUST-1005,Fiona Gallagher,San Francisco,Electronics,Smartwatch,144.68,1,0.05,Debit Card,COMPLETED,2025-02-02 18:42:21
ORD-103982,CUST-1006,George Clark,Berlin,Books,Economics 101,40.1,2,0.1,UPI / Digital Wallet,COMPLETED,2025-04-09 00:29:10
ORD-103983,CUST-1012,Michael Scott,Tokyo,Clothing,Running Shoes,43.87,1,0.05,Apple Pay,COMPLETED,2025-02-09 16:12:42
ORD-103984,CUST-1018,Steve Rogers,Sydney,Sports & Outdoors,Camping Tent,136.0,3,0.05,Credit Card,COMPLETED,2025-06-16 06:58:59
ORD-103985,CUST-1005,Fiona Gallagher,San Francisco,Clothing,Sneakers,101.97,2,0.2,UPI / Digital Wallet,COMPLETED,2025-03-05 09:31:20
ORD-103986,CUST-1016,Quentin Tarantino,Mumbai,Books,Biography,24.45,1,0.15,Debit Card,RETURNED,2025-08-26 17:31:57
ORD-103987,CUST-1009,Julia Roberts,Mumbai,Electronics,Smartwatch,734.63,1,0.25,PayPal,COMPLETED,2025-05-10 02:24:17
ORD-103988,CUST-1012,Michael Scott,Paris,Home & Kitchen,Espresso Machine,271.34,1,0.1,UPI / Digital Wallet,PENDING,2025-07-11 07:25:45
ORD-103989,CUST-1013,Nora Jones,London,Books,Biography,14.84,1,0.15,Apple Pay,COMPLETED,2025-01-16 22:02:23
ORD-103990,CUST-1002,Charlie Brown,Tokyo,Books,Economics 101,16.93,3,0.2,Credit Card,COMPLETED,2025-04-07 14:37:15
ORD-103991,CUST-1016,Quentin Tarantino,Mumbai,Sports & Outdoors,Bicycle Helmet,31.8,4,0.05,PayPal,CANCELLED,2025-06-08 02:08:28
ORD-103992,CUST-1002,Charlie Brown,Berlin,Home & Kitchen,Blender,267.03,1,0.25,Apple Pay,COMPLETED,2025-12-25 18:16:34
ORD-103993,CUST-1014,Oscar Martinez,Tokyo,Sports & Outdoors,Hiking Backpack,88.99,1,0.2,UPI / Digital Wallet,CANCELLED,2025-06-25 17:50:42
ORD-103994,CUST-1017,Rachel Green,Toronto,Books,History of Computing,22.15,2,0.2,UPI / Digital Wallet,COMPLETED,2025-03-09 19:04:44
ORD-103995,CUST-1008,Ian Malcolm,Singapore,Sports & Outdoors,Yoga Mat,211.5,3,0.1,Debit Card,COMPLETED,2025-07-18 04:04:01
ORD-103996,CUST-1010,Kevin Bacon,Mumbai,Clothing,Sneakers,25.78,1,0.05,PayPal,CANCELLED,2025-03-26 01:29:54
ORD-103997,CUST-1006,George Clark,London,Electronics,Smartphone,1084.86,1,0.1,Credit Card,RETURNED,2025-05-17 16:17:47
ORD-103998,CUST-1019,Tony Stark,Singapore,Books,Data Engineering Handbook,17.98,2,0.25,UPI / Digital Wallet,RETURNED,2025-02-08 12:11:57
ORD-103999,CUST-1017,Rachel Green,Sydney,Home & Kitchen,Blender,121.67,1,0.2,Credit Card,COMPLETED,2025-07-21 20:28:15
ORD-104000,CUST-1008,Ian Malcolm,Berlin,Sports & Outdoors,Yoga Mat,135.96,1,0.1,UPI / Digital Wallet,COMPLETED,2025-05-18 16:45:39
ORD-104001,CUST-1011,Laura Croft,New York,Electronics,Laptop,1035.3,5,0.25,Credit Card,COMPLETED,2025-06-05 22:43:33
ORD-104002,CUST-1001,Bob Jones,Sydney,Clothing,Hooded Sweatshirt,72.16,5,0.25,Debit Card,COMPLETED,2025-07-25 04:34:14
ORD-104003,CUST-1017,Rachel Green,Berlin,Books,Cookbook,32.55,2,0.1,Credit Card,COMPLETED,2025-09-27 10:47:35
ORD-104004,CUST-1003,Diana Prince,Singapore,Electronics,Smartphone,968.65,5,0.0,UPI / Digital Wallet,PENDING,2025-03-21 20:50:46
ORD-104005,CUST-1007,Hannah Abbott,Sydney,Home & Kitchen,Espresso Machine,247.77,2,0.25,UPI / Digital Wallet,COMPLETED,2025-04-30 20:56:44
ORD-104006,CUST-1002,Charlie Brown,Tokyo,Sports & Outdoors,Bicycle Helmet,238.59,1,0.2,PayPal,PENDING,2025-05-17 07:17:24
ORD-104007,CUST-1011,Laura Croft,Paris,Home & Kitchen,Cookware Set,194.18,3,0.05,Debit Card,CANCELLED,2025-05-10 13:47:15
ORD-104008,CUST-1004,Evan Wright,San Francisco,Sports & Outdoors,Water Bottle,119.79,2,0.15,Apple Pay,COMPLETED,2025-09-02 13:11:36
ORD-104009,CUST-1014,Oscar Martinez,New York,Electronics,Laptop,1130.03,2,0.2,Debit Card,COMPLETED,2025-06-18 01:39:52
ORD-104010,CUST-1003,Diana Prince,San Francisco,Books,Sci-Fi Novel,18.45,2,0.0,Apple Pay,COMPLETED,2025-02-25 19:15:36
ORD-104011,CUST-1013,Nora Jones,Singapore,Books,Economics 101,10.27,1,0.0,PayPal,COMPLETED,2025-01-26 22:53:09
ORD-104012,CUST-1015,Pam Beesly,Berlin,Home & Kitchen,Vacuum Cleaner,293.48,2,0.1,UPI / Digital Wallet,COMPLETED,2025-03-01 15:08:24
ORD-104013,CUST-1003,Diana Prince,Mumbai,Clothing,Hooded Sweatshirt,123.83,1,0.05,UPI / Digital Wallet,COMPLETED,2025-03-25 06:43:04
ORD-104014,CUST-1007,Hannah Abbott,Sydney,Books,Cookbook,10.25,1,0.05,UPI / Digital Wallet,COMPLETED,2025-03-30 21:12:39
ORD-104015,CUST-1016,Quentin Tarantino,London,Electronics,Bluetooth Speaker,259.52,3,0.05,Apple Pay,RETURNED,2025-04-25 20:43:40
ORD-104016,CUST-1009,,Paris,Electronics,Bluetooth Speaker,512.09,2,0.2,UPI / Digital Wallet,COMPLETED,2025-05-16 04:41:00
ORD-104017,CUST-1002,Charlie Brown,Mumbai,Books,Biography,43.32,1,0.1,Debit Card,PENDING,2025-09-07 07:31:36
ORD-104018,CUST-1015,Pam Beesly,Berlin,Sports & Outdoors,Dumbbell Set,249.72,1,0.15,PayPal,COMPLETED,2025-02-26 00:35:24
ORD-104019,CUST-1016,Quentin Tarantino,Singapore,Books,Data Engineering Handbook,24.13,1,0.05,PayPal,COMPLETED,2025-12-03 20:46:02
ORD-104020,CUST-1005,Fiona Gallagher,Toronto,Home & Kitchen,Cookware Set,55.51,2,0.25,UPI / Digital Wallet,CANCELLED,2025-09-01 13:57:36
ORD-104021,CUST-1004,Evan Wright,San Francisco,Electronics,4K Monitor,784.81,1,0.0,Apple Pay,COMPLETED,2025-10-14 17:46:36
ORD-104022,CUST-1007,Hannah Abbott,,Books,Sci-Fi Novel,34.33,2,0.1,PayPal,COMPLETED,2025-08-23 10:26:18
ORD-104023,CUST-1011,Laura Croft,Tokyo,Home & Kitchen,Espresso Machine,158.43,1,0.0,Debit Card,CANCELLED,2025-10-30 12:26:16
ORD-104024,CUST-1006,George Clark,Paris,Books,Data Engineering Handbook,27.75,1,0.15,PayPal,PENDING,2025-04-03 18:46:24
ORD-104025,CUST-1019,Tony Stark,Tokyo,Clothing,Hooded Sweatshirt,133.97,1,0.2,PayPal,CANCELLED,2025-08-29 09:20:06
ORD-104026,CUST-1017,Rachel Green,Berlin,Sports & Outdoors,Hiking Backpack,38.71,2,0.2,Apple Pay,COMPLETED,2025-06-21 11:01:56
ORD-104027,CUST-1005,Fiona Gallagher,Sydney,Home & Kitchen,Toaster,80.67,1,0.15,Credit Card,CANCELLED,2025-10-23 18:25:36
ORD-104028,CUST-1000,Alice Smith,Toronto,Home & Kitchen,Espresso Machine,39.98,2,0.15,UPI / Digital Wallet,COMPLETED,2025-04-09 05:02:48
ORD-104029,CUST-1016,Quentin Tarantino,Mumbai,Home & Kitchen,Air Fryer,31.02,2,0.2,UPI / Digital Wallet,COMPLETED,2025-10-29 06:55:19
ORD-104030,CUST-1006,George Clark,London,Sports & Outdoors,Bicycle Helmet,99.91,2,0.25,UPI / Digital Wallet,CANCELLED,2025-02-03 14:06:14
ORD-104031,CUST-1018,Steve Rogers,,Books,Economics 101,39.28,1,0.15,Apple Pay,COMPLETED,2025-07-25 13:24:39
ORD-104032,CUST-1018,Steve Rogers,San Francisco,Sports & Outdoors,Hiking Backpack,169.06,1,0.2,Apple Pay,COMPLETED,2025-11-15 17:25:34
ORD-104033,CUST-1011,Laura Croft,New York,Electronics,Laptop,115.62,2,0.15,Apple Pay,CANCELLED,2025-11-27 18:00:38
ORD-104034,CUST-1013,Nora Jones,Toronto,Sports & Outdoors,Bicycle Helmet,201.93,1,0.05,PayPal,PENDING,2025-12-26 20:38:41
ORD-104035,CUST-1011,Laura Croft,Tokyo,Books,Data Engineering Handbook,41.89,1,0.2,PayPal,RETURNED,2025-06-07 13:23:23
ORD-104036,CUST-1001,Bob Jones,Tokyo,Electronics,Smartwatch,295.41,5,0.05,PayPal,COMPLETED,2025-04-29 07:41:27
ORD-104037,CUST-1016,Quentin Tarantino,Berlin,Books,History of Computing,25.96,1,0.1,Apple Pay,COMPLETED,2025-02-15 15:38:08
ORD-104038,CUST-1010,Kevin Bacon,Mumbai,Electronics,Wireless Headphones,481.97,1,0.0,Apple Pay,CANCELLED,2025-08-13 00:59:47
ORD-104039,CUST-1012,Michael Scott,Sydney,Home & Kitchen,Air Fryer,227.46,1,0.0,Debit Card,COMPLETED,2025-07-07 04:18:03
ORD-104040,CUST-1014,Oscar Martinez,London,Electronics,Laptop,953.95,1,0.25,UPI / Digital Wallet,RETURNED,2025-09-24 06:28:21
ORD-104041,CUST-1004,Evan Wright,London,Clothing,Hooded Sweatshirt,132.86,1,0.25,Apple Pay,COMPLETED,2025-07-09 14:55:30
ORD-104042,CUST-1017,Rachel Green,Tokyo,Books,Economics 101,12.28,1,0.25,PayPal,PENDING,2025-07-04 20:57:35
ORD-104043,CUST-1016,,Paris,Electronics,Laptop,162.31,3,0.15,UPI / Digital Wallet,CANCELLED,2025-11-11 15:57:28
ORD-104044,CUST-1009,Julia Roberts,San Francisco,Electronics,Wireless Headphones,799.5,1,0.25,Apple Pay,COMPLETED,2025-04-12 09:08:51
ORD-104045,CUST-1016,Quentin Tarantino,San Francisco,Sports & Outdoors,Dumbbell Set,126.8,2,0.25,Credit Card,COMPLETED,2025-07-13 15:33:18
ORD-104046,CUST-1008,Ian Malcolm,Singapore,Home & Kitchen,Cookware Set,244.11,1,0.2,UPI / Digital Wallet,PENDING,2025-10-10 09:45:32
ORD-104047,CUST-1012,,Tokyo,Clothing,Denim Jeans,75.89,5,0.1,Credit Card,COMPLETED,2025-08-12 08:24:43
ORD-104048,CUST-1004,Evan Wright,Mumbai,Clothing,Cotton T-Shirt,23.65,1,0.05,Debit Card,COMPLETED,2025-01-17 18:06:23
ORD-104049,CUST-1014,Oscar Martinez,New York,Sports & Outdoors,Hiking Backpack,25.99,5,0.0,Credit Card,RETURNED,2025-04-14 00:50:54
ORD-104050,CUST-1005,Fiona Gallagher,Paris,Electronics,Smartphone,1192.92,1,0.25,Debit Card,COMPLETED,2025-06-24 22:36:58
ORD-104051,CUST-1012,Michael Scott,Sydney,Sports & Outdoors,Yoga Mat,232.28,1,0.25,UPI / Digital Wallet,COMPLETED,2025-08-22 16:22:29
ORD-104052,CUST-1003,Diana Prince,San Francisco,Books,Data Engineering Handbook,9.56,1,0.0,Apple Pay,COMPLETED,2025-01-10 11:42:35
ORD-104053,CUST-1005,Fiona Gallagher,San Francisco,Sports & Outdoors,Dumbbell Set,101.01,1,0.15,Apple Pay,PENDING,2025-11-15 09:13:47
ORD-104054,CUST-1008,Ian Malcolm,Paris,Books,History of Computing,11.41,2,0.0,Apple Pay,COMPLETED,2025-08-06 07:15:52
ORD-104055,CUST-1005,Fiona Gallagher,London,Electronics,Smartphone,181.9,4,0.1,Debit Card,COMPLETED,2025-02-27 23:42:16
ORD-104056,CUST-1001,Bob Jones,Tokyo,Sports & Outdoors,Dumbbell Set,31.85,2,0.15,Debit Card,CANCELLED,2025-04-14 18:14:43
ORD-104057,CUST-1014,Oscar Martinez,Paris,Home & Kitchen,Air Fryer,37.14,1,0.0,Apple Pay,PENDING,2025-05-18 01:18:11
ORD-104058,CUST-1009,Julia Roberts,Sydney,Sports & Outdoors,Yoga Mat,89.45,2,0.15,PayPal,PENDING,2025-08-07 15:24:16
ORD-104059,CUST-1007,Hannah Abbott,Singapore,Books,Economics 101,12.95,1,0.05,Debit Card,CANCELLED,2025-06-25 16:50:49
ORD-104060,CUST-1014,Oscar Martinez,Toronto,Books,Data Engineering Handbook,20.39,2,0.25,PayPal,COMPLETED,2025-08-09 17:14:25
ORD-104061,CUST-1013,Nora Jones,New York,Sports & Outdoors,Bicycle Helmet,79.25,1,0.2,Apple Pay,RETURNED,2025-03-20 19:01:11
ORD-104062,CUST-1016,Quentin Tarantino,Tokyo,Home & Kitchen,Blender,146.68,1,0.1,UPI / Digital Wallet,RETURNED,2025-11-05 05:46:59
ORD-104063,CUST-1006,George Clark,New York,Clothing,Running Shoes,82.3,1,0.2,UPI / Digital Wallet,COMPLETED,2025-05-31 13:55:49
ORD-104064,CUST-1001,Bob Jones,Mumbai,Sports & Outdoors,Yoga Mat,176.45,1,0.1,Credit Card,COMPLETED,2025-03-14 23:54:20
ORD-104065,CUST-1006,George Clark,Berlin,Home & Kitchen,Espresso Machine,343.22,2,0.0,Apple Pay,PENDING,2025-08-28 21:00:09
ORD-104066,CUST-1002,Charlie Brown,Tokyo,Books,Sci-Fi Novel,10.97,1,0.2,UPI / Digital Wallet,COMPLETED,2025-09-09 07:12:56
ORD-104067,CUST-1013,Nora Jones,Tokyo,Sports & Outdoors,Bicycle Helmet,103.64,1,0.05,PayPal,COMPLETED,2025-01-04 21:08:16
ORD-104068,CUST-1009,Julia Roberts,London,Clothing,Running Shoes,33.71,1,0.2,Debit Card,COMPLETED,2025-10-30 08:29:37
ORD-104069,CUST-1019,Tony Stark,Berlin,Books,Data Engineering Handbook,18.15,1,0.1,Apple Pay,CANCELLED,2025-02-08 18:27:41
ORD-104070,CUST-1009,Julia Roberts,Berlin,Books,Cookbook,26.5,1,0.25,Debit Card,COMPLETED,2025-10-18 21:46:57
ORD-104071,CUST-1003,Diana Prince,Sydney,Home & Kitchen,Cookware Set,263.24,3,0.15,PayPal,COMPLETED,2025-05-31 01:25:17
ORD-104072,CUST-1009,Julia Roberts,Mumbai,Clothing,Running Shoes,89.53,3,0.0,UPI / Digital Wallet,PENDING,2025-01-04 13:29:14
ORD-104073,CUST-1004,Evan Wright,Tokyo,Electronics,Smartwatch,131.35,3,0.0,Apple Pay,PENDING,2025-03-30 11:25:48
ORD-104074,CUST-1005,Fiona Gallagher,Berlin,Sports & Outdoors,Hiking Backpack,61.77,1,0.15,Credit Card,COMPLETED,2025-08-08 02:01:35
ORD-104075,CUST-1009,Julia Roberts,Sydney,Sports & Outdoors,Bicycle Helmet,106.7,4,0.05,UPI / Digital Wallet,PENDING,2025-04-21 02:39:39
ORD-104076,CUST-1007,Hannah Abbott,Paris,Sports & Outdoors,Hiking Backpack,177.24,1,0.2,Debit Card,COMPLETED,2025-08-02 03:34:32
ORD-104077,CUST-1017,Rachel Green,Singapore,Sports & Outdoors,Water Bottle,30.54,2,0.1,Debit Card,CANCELLED,2025-05-13 19:07:57
ORD-104078,CUST-1002,Charlie Brown,New York,Electronics,Bluetooth Speaker,116.07,1,0.1,Debit Card,PENDING,2025-11-28 15:22:40
ORD-104079,CUST-1019,Tony Stark,New York,Sports & Outdoors,Yoga Mat,243.49,1,0.0,Debit Card,COMPLETED,2025-11-02 12:51:12
ORD-104080,CUST-1008,Ian Malcolm,Tokyo,Books,Data Engineering Handbook,32.86,1,0.25,Credit Card,COMPLETED,2025-08-31 15:51:06
ORD-104081,CUST-1002,Charlie Brown,San Francisco,Sports & Outdoors,Water Bottle,137.92,5,0.25,Credit Card,RETURNED,2025-07-06 20:26:15
ORD-104082,CUST-1005,Fiona Gallagher,Toronto,Sports & Outdoors,Dumbbell Set,137.86,5,0.1,UPI / Digital Wallet,COMPLETED,2025-11-03 01:48:18
ORD-104083,CUST-1010,Kevin Bacon,Singapore,Sports & Outdoors,Hiking Backpack,133.66,3,0.0,Debit Card,COMPLETED,2025-01-08 09:02:33
ORD-104084,CUST-1005,Fiona Gallagher,London,Sports & Outdoors,Bicycle Helmet,80.5,1,0.15,Apple Pay,COMPLETED,2025-10-18 11:29:25
ORD-104085,CUST-1009,Julia Roberts,Mumbai,Home & Kitchen,Espresso Machine,170.4,1,0.0,Credit Card,CANCELLED,2025-07-12 13:02:19
ORD-104086,CUST-1012,Michael Scott,Berlin,Home & Kitchen,Blender,252.4,2,0.2,Credit Card,RETURNED,2025-03-28 19:25:23
ORD-104087,CUST-1001,Bob Jones,Mumbai,Clothing,Sneakers,26.07,1,0.0,Apple Pay,PENDING,2025-01-28 07:29:50
ORD-104088,CUST-1007,Hannah Abbott,London,Sports & Outdoors,Yoga Mat,109.35,2,0.15,UPI / Digital Wallet,COMPLETED,2025-10-28 13:14:17
ORD-104089,CUST-1015,Pam Beesly,Singapore,Books,Biography,9.14,2,0.25,Apple Pay,PENDING,2025-05-09 17:43:19
ORD-104090,CUST-1007,Hannah Abbott,San Francisco,Electronics,Laptop,133.64,1,0.15,Apple Pay,COMPLETED,2025-09-08 15:04:30
ORD-104091,CUST-1013,Nora Jones,San Francisco,Electronics,Smartphone,339.23,3,0.0,UPI / Digital Wallet,COMPLETED,2025-02-12 06:03:04
ORD-104092,CUST-1002,Charlie Brown,San Francisco,Sports & Outdoors,Hiking Backpack,30.52,2,0.2,UPI / Digital Wallet,COMPLETED,2025-09-07 18:58:08
ORD-104093,CUST-1007,Hannah Abbott,Mumbai,Books,Economics 101,43.58,1,0.0,UPI / Digital Wallet,COMPLETED,2025-10-24 09:28:37
ORD-104094,CUST-1004,Evan Wright,San Francisco,Electronics,Laptop,1171.63,1,0.15,Credit Card,COMPLETED,2025-10-31 01:22:00
ORD-104095,CUST-1000,Alice Smith,San Francisco,Clothing,Winter Jacket,55.75,1,0.1,Apple Pay,COMPLETED,2025-05-28 16:32:14
ORD-104096,CUST-1014,,Singapore,Electronics,Wireless Headphones,1098.1,3,0.1,Credit Card,COMPLETED,2025-04-11 01:01:40
ORD-104097,CUST-1011,Laura Croft,Singapore,Sports & Outdoors,Hiking Backpack,118.4,1,0.1,Apple Pay,PENDING,2025-03-24 14:15:14
ORD-104098,CUST-1019,Tony Stark,Paris,Home & Kitchen,Espresso Machine,308.93,3,0.05,Credit Card,COMPLETED,2025-05-09 00:32:15
ORD-104099,CUST-1008,Ian Malcolm,Berlin,Electronics,Bluetooth Speaker,520.2,2,0.15,Credit Card,PENDING,2025-06-08 02:40:36
ORD-104100,CUST-1009,Julia Roberts,San Francisco,Home & Kitchen,Air Fryer,303.16,1,0.05,UPI / Digital Wallet,COMPLETED,2025-08-03 10:16:04
ORD-104101,CUST-1016,Quentin Tarantino,San Francisco,Sports & Outdoors,Yoga Mat,224.61,1,0.2,Credit Card,CANCELLED,2025-10-18 13:53:30
ORD-104102,CUST-1016,Quentin Tarantino,New York,Sports & Outdoors,Hiking Backpack,167.54,1,0.1,PayPal,COMPLETED,2025-06-11 08:06:57
ORD-104103,CUST-1003,Diana Prince,San Francisco,Clothing,Denim Jeans,15.37,1,0.15,UPI / Digital Wallet,COMPLETED,2025-11-23 01:50:39
ORD-104104,CUST-1001,Bob Jones,New York,Sports & Outdoors,Dumbbell Set,55.75,1,0.2,Apple Pay,COMPLETED,2025-02-15 04:19:09
ORD-104105,CUST-1014,Oscar Martinez,Toronto,Sports & Outdoors,Hiking Backpack,110.67,1,0.05,Apple Pay,PENDING,2025-04-09 01:03:10
ORD-104106,CUST-1018,Steve Rogers,Sydney,Home & Kitchen,Cookware Set,314.69,2,0.15,Debit Card,COMPLETED,2025-02-20 02:25:54
ORD-104107,CUST-1011,Laura Croft,New York,Clothing,Hooded Sweatshirt,80.11,1,0.15,Debit Card,COMPLETED,2025-11-22 07:06:21
ORD-104108,CUST-1009,Julia Roberts,London,Books,Cookbook,41.11,1,0.15,Credit Card,COMPLETED,2025-06-22 21:59:25
ORD-104109,CUST-1013,Nora Jones,Paris,Books,Cookbook,18.21,2,0.1,PayPal,PENDING,2025-02-26 23:13:03
ORD-104110,CUST-1002,Charlie Brown,Toronto,Books,Biography,17.98,1,0.05,Apple Pay,PENDING,2025-03-15 10:36:03
ORD-104111,CUST-1010,,San Francisco,Sports & Outdoors,Camping Tent,196.66,1,0.1,Apple Pay,COMPLETED,2025-10-22 02:41:41
ORD-104112,CUST-1000,Alice Smith,Berlin,Books,Economics 101,8.68,1,0.25,UPI / Digital Wallet,COMPLETED,2025-04-04 20:34:56
ORD-104113,CUST-1012,Michael Scott,,Books,Sci-Fi Novel,16.78,1,0.2,PayPal,COMPLETED,2025-12-26 23:04:10
ORD-104114,CUST-1016,Quentin Tarantino,Mumbai,Books,Cookbook,18.51,1,0.05,Apple Pay,CANCELLED,2025-01-25 09:07:40
ORD-104115,CUST-1009,Julia Roberts,Sydney,Home & Kitchen,Toaster,299.95,3,0.25,Apple Pay,CANCELLED,2025-12-24 17:19:31
ORD-104116,CUST-1016,Quentin Tarantino,Berlin,Sports & Outdoors,Camping Tent,15.96,2,0.15,Apple Pay,COMPLETED,2025-01-03 03:36:44
ORD-104117,CUST-1005,Fiona Gallagher,Sydney,Electronics,4K Monitor,341.65,3,0.0,Credit Card,COMPLETED,2025-07-29 22:13:27
ORD-104118,CUST-1009,Julia Roberts,Tokyo,Electronics,Laptop,676.98,1,0.25,Debit Card,COMPLETED,2025-08-20 20:35:37
ORD-104119,CUST-1010,Kevin Bacon,London,Home & Kitchen,Toaster,190.34,1,0.1,Apple Pay,COMPLETED,2025-05-18 06:14:10
ORD-104120,CUST-1014,Oscar Martinez,San Francisco,Books,Sci-Fi Novel,17.58,1,0.15,Debit Card,COMPLETED,2025-05-11 05:24:56
ORD-104121,CUST-1012,Michael Scott,Toronto,Books,Data Engineering Handbook,39.91,1,0.2,UPI / Digital Wallet,RETURNED,2025-01-15 15:36:35
ORD-104122,CUST-1009,Julia Roberts,Toronto,Home & Kitchen,Espresso Machine,302.76,1,0.2,Credit Card,COMPLETED,2025-06-15 05:33:38
ORD-104123,CUST-1015,Pam Beesly,Tokyo,Electronics,Smartwatch,190.18,1,0.2,Credit Card,COMPLETED,2025-01-20 04:27:35
ORD-104124,CUST-1009,Julia Roberts,Berlin,Electronics,Smartwatch,1067.14,1,0.1,Apple Pay,COMPLETED,2025-03-28 06:51:46
ORD-104125,CUST-1009,Julia Roberts,London,Clothing,Winter Jacket,116.5,-1,0.05,UPI / Digital Wallet,COMPLETED,2025-08-11 10:16:24
ORD-104126,CUST-1011,Laura Croft,San Francisco,Home & Kitchen,Toaster,198.14,1,0.2,Credit Card,CANCELLED,2025-07-07 17:28:41
ORD-104127,CUST-1009,Julia Roberts,San Francisco,Sports & Outdoors,Yoga Mat,208.46,1,0.25,Credit Card,COMPLETED,2025-12-20 10:14:32
ORD-104128,CUST-1004,Evan Wright,Singapore,Books,History of Computing,12.25,5,0.25,Debit Card,COMPLETED,2025-01-26 06:41:23
ORD-104129,CUST-1002,Charlie Brown,New York,Home & Kitchen,Air Fryer,209.42,1,0.05,Credit Card,COMPLETED,2025-10-19 08:11:02
ORD-104130,CUST-1004,Evan Wright,Toronto,Books,Data Engineering Handbook,12.04,4,0.15,Credit Card,CANCELLED,2025-05-05 04:16:34
ORD-104131,CUST-1008,Ian Malcolm,Singapore,Sports & Outdoors,Bicycle Helmet,150.03,2,0.1,UPI / Digital Wallet,COMPLETED,2025-11-07 05:26:10
ORD-104132,CUST-1004,Evan Wright,Singapore,Clothing,Sneakers,42.19,1,0.25,Debit Card,COMPLETED,2025-04-21 05:38:30
ORD-104133,CUST-1005,Fiona Gallagher,London,Books,Cookbook,36.62,2,0.15,Debit Card,COMPLETED,2025-01-29 02:04:00
ORD-104134,CUST-1012,Michael Scott,Tokyo,Clothing,Running Shoes,60.15,1,0.2,PayPal,CANCELLED,2025-08-15 20:53:16
ORD-104135,CUST-1017,Rachel Green,New York,Books,Biography,8.88,2,0.15,Apple Pay,PENDING,2025-07-21 05:40:22
ORD-104136,CUST-1008,Ian Malcolm,Singapore,Books,History of Computing,10.19,1,0.2,Apple Pay,COMPLETED,2025-10-11 18:11:31
ORD-104137,CUST-1001,Bob Jones,,Electronics,Laptop,976.92,1,0.1,Debit Card,COMPLETED,2025-01-07 03:52:32
ORD-104138,CUST-1008,Ian Malcolm,London,Home & Kitchen,Blender,80.27,1,0.05,UPI / Digital Wallet,COMPLETED,2025-08-07 05:36:42
ORD-104139,CUST-1013,Nora Jones,Tokyo,Clothing,Running Shoes,125.28,1,0.2,Credit Card,CANCELLED,2025-02-13 13:24:59
ORD-104140,CUST-1000,Alice Smith,Toronto,Clothing,Denim Jeans,63.78,4,0.2,UPI / Digital Wallet,COMPLETED,2025-07-17 18:46:54
ORD-104141,CUST-1016,Quentin Tarantino,Berlin,Electronics,Laptop,532.96,3,0.05,Apple Pay,PENDING,2025-01-13 20:24:47
ORD-104142,CUST-1019,Tony Stark,San Francisco,Sports & Outdoors,Hiking Backpack,82.31,2,0.25,UPI / Digital Wallet,PENDING,2025-05-30 10:38:39
ORD-104143,CUST-1014,Oscar Martinez,Berlin,Electronics,Laptop,1030.64,1,0.2,Debit Card,RETURNED,2025-07-28 03:27:33
ORD-104144,CUST-1002,Charlie Brown,Tokyo,Books,Cookbook,35.45,3,0.2,Debit Card,COMPLETED,2025-05-28 17:42:28
ORD-104145,CUST-1002,Charlie Brown,Tokyo,Books,Biography,30.55,-1,0.1,Credit Card,CANCELLED,2025-06-27 11:22:14
ORD-104146,CUST-1009,Julia Roberts,Singapore,Electronics,Smartwatch,1190.9,3,0.2,Debit Card,PENDING,2025-05-15 02:51:32
ORD-104147,CUST-1013,Nora Jones,Toronto,Home & Kitchen,Espresso Machine,278.75,3,0.15,Debit Card,PENDING,2025-07-25 00:45:48
ORD-104148,CUST-1010,Kevin Bacon,Paris,Electronics,Wireless Headphones,780.21,1,0.25,Debit Card,PENDING,2025-07-06 05:56:12
ORD-104149,CUST-1018,Steve Rogers,Mumbai,Sports & Outdoors,Yoga Mat,54.11,1,0.1,Credit Card,COMPLETED,2025-09-20 11:54:55
ORD-104150,CUST-1008,Ian Malcolm,Mumbai,Electronics,4K Monitor,773.6,1,0.1,PayPal,RETURNED,2025-02-11 16:39:39
ORD-104151,CUST-1019,Tony Stark,Mumbai,Home & Kitchen,Cookware Set,97.96,1,0.1,Apple Pay,COMPLETED,2025-03-15 22:03:52
ORD-104152,CUST-1008,Ian Malcolm,Toronto,Electronics,Smartphone,84.98,1,0.25,Debit Card,COMPLETED,2025-08-11 08:45:49
ORD-104153,CUST-1003,Diana Prince,Tokyo,Home & Kitchen,Toaster,43.03,1,0.05,UPI / Digital Wallet,COMPLETED,2025-12-18 14:46:17
ORD-104154,CUST-1011,Laura Croft,Toronto,Sports & Outdoors,Hiking Backpack,121.96,1,0.15,Credit Card,PENDING,2025-10-16 07:32:07
ORD-104155,CUST-1011,Laura Croft,New York,Home & Kitchen,Vacuum Cleaner,258.14,2,0.05,Credit Card,COMPLETED,2025-12-15 06:28:46
ORD-104156,CUST-1003,Diana Prince,Paris,Clothing,Running Shoes,118.37,3,0.2,PayPal,COMPLETED,2025-03-21 23:37:42
ORD-104157,CUST-1016,Quentin Tarantino,Tokyo,Electronics,4K Monitor,865.71,2,0.1,Apple Pay,COMPLETED,2025-05-29 10:29:20
ORD-104158,CUST-1013,Nora Jones,Berlin,Sports & Outdoors,Bicycle Helmet,196.7,1,0.0,Debit Card,COMPLETED,2025-05-26 18:46:01
ORD-104159,CUST-1016,Quentin Tarantino,London,Clothing,Cotton T-Shirt,122.24,1,0.25,UPI / Digital Wallet,COMPLETED,2025-11-13 16:14:48
ORD-104160,CUST-1015,Pam Beesly,Sydney,Home & Kitchen,Toaster,222.91,3,0.05,UPI / Digital Wallet,CANCELLED,2025-11-25 13:17:52
ORD-104161,CUST-1008,Ian Malcolm,Sydney,Clothing,Denim Jeans,136.97,1,0.1,UPI / Digital Wallet,RETURNED,2025-04-20 20:43:29
ORD-104162,CUST-1004,Evan Wright,London,Sports & Outdoors,Water Bottle,230.85,1,0.2,Credit Card,RETURNED,2025-04-21 22:45:00
ORD-104163,CUST-1002,Charlie Brown,New York,Home & Kitchen,Air Fryer,105.48,2,0.25,Debit Card,COMPLETED,2025-06-22 19:19:58
ORD-104164,CUST-1004,Evan Wright,Paris,Sports & Outdoors,Water Bottle,43.05,4,0.15,Apple Pay,CANCELLED,2025-05-18 23:28:21
ORD-104165,CUST-1007,Hannah Abbott,Paris,Home & Kitchen,Air Fryer,174.88,1,0.0,Debit Card,COMPLETED,2025-06-26 22:22:41
ORD-104166,CUST-1010,Kevin Bacon,Singapore,Books,Sci-Fi Novel,20.24,1,0.0,Apple Pay,COMPLETED,2025-05-15 04:21:28
ORD-104167,CUST-1000,Alice Smith,New York,Home & Kitchen,Cookware Set,190.79,1,0.2,UPI / Digital Wallet,COMPLETED,2025-11-17 00:10:38
ORD-104168,CUST-1015,Pam Beesly,New York,Sports & Outdoors,Yoga Mat,158.77,1,0.25,PayPal,COMPLETED,2025-10-23 22:30:32
ORD-104169,CUST-1007,Hannah Abbott,Mumbai,Home & Kitchen,Blender,71.98,1,0.05,PayPal,COMPLETED,2025-09-14 15:32:21
ORD-104170,CUST-1009,Julia Roberts,Mumbai,Books,Cookbook,11.88,2,0.25,UPI / Digital Wallet,COMPLETED,2025-03-01 12:25:43
ORD-104171,CUST-1006,George Clark,Berlin,Home & Kitchen,Cookware Set,329.42,1,0.2,PayPal,COMPLETED,2025-04-21 08:44:12
ORD-104172,CUST-1005,Fiona Gallagher,Toronto,Electronics,4K Monitor,518.2,3,0.2,Debit Card,RETURNED,2025-04-30 02:14:43
ORD-104173,CUST-1002,Charlie Brown,Berlin,Sports & Outdoors,Hiking Backpack,170.38,1,0.1,Credit Card,COMPLETED,2025-08-10 06:27:39
ORD-104174,CUST-1011,Laura Croft,Toronto,Books,Economics 101,16.03,1,0.25,PayPal,COMPLETED,2025-02-13 18:58:53
ORD-104175,CUST-1007,Hannah Abbott,London,Clothing,Cotton T-Shirt,142.36,1,0.2,Apple Pay,CANCELLED,2025-07-27 09:03:41
ORD-104176,CUST-1007,Hannah Abbott,Berlin,Clothing,Running Shoes,104.9,1,0.25,Apple Pay,COMPLETED,2025-12-27 10:41:41
ORD-104177,CUST-1005,Fiona Gallagher,Singapore,Sports & Outdoors,Yoga Mat,22.02,3,0.05,Credit Card,PENDING,2025-09-10 02:17:37
ORD-104178,CUST-1005,Fiona Gallagher,London,Clothing,Hooded Sweatshirt,141.87,1,0.15,Credit Card,COMPLETED,2025-10-31 02:09:09
ORD-104179,CUST-1000,Alice Smith,Sydney,Home & Kitchen,Toaster,261.46,3,0.05,Debit Card,RETURNED,2025-03-17 17:20:21
ORD-104180,CUST-1017,Rachel Green,London,Clothing,Winter Jacket,29.01,5,0.05,Credit Card,COMPLETED,2025-05-04 09:27:10
ORD-104181,CUST-1005,Fiona Gallagher,Toronto,Electronics,Laptop,140.2,1,0.25,Apple Pay,PENDING,2025-02-15 20:48:58
ORD-104182,CUST-1017,Rachel Green,Sydney,Books,Economics 101,10.46,3,0.25,Credit Card,CANCELLED,2025-02-23 19:36:20
ORD-104183,CUST-1015,Pam Beesly,Toronto,Books,Sci-Fi Novel,31.62,1,0.2,UPI / Digital Wallet,RETURNED,2025-06-24 05:06:35
ORD-104184,CUST-1012,Michael Scott,New York,Home & Kitchen,Cookware Set,77.52,2,0.05,Debit Card,COMPLETED,2025-01-28 00:24:11
ORD-104185,CUST-1001,Bob Jones,Berlin,Electronics,Smartwatch,1063.11,2,0.1,Apple Pay,COMPLETED,2025-11-28 14:16:46
ORD-104186,CUST-1011,Laura Croft,San Francisco,Clothing,Cotton T-Shirt,136.71,2,0.25,Apple Pay,PENDING,2025-03-04 12:30:45
ORD-104187,CUST-1001,Bob Jones,New York,Clothing,Sneakers,57.27,3,0.25,Apple Pay,CANCELLED,2025-06-27 07:26:43
ORD-104188,CUST-1014,Oscar Martinez,,Home & Kitchen,Vacuum Cleaner,57.08,1,0.1,UPI / Digital Wallet,CANCELLED,2025-05-15 13:38:15
ORD-104189,CUST-1016,Quentin Tarantino,Mumbai,Books,History of Computing,23.87,1,0.0,UPI / Digital Wallet,CANCELLED,2025-09-24 22:18:56
ORD-104190,CUST-1001,Bob Jones,San Francisco,Electronics,Smartphone,304.06,1,0.05,Credit Card,COMPLETED,2025-01-27 18:28:36
ORD-104191,CUST-1003,Diana Prince,Paris,Home & Kitchen,Espresso Machine,170.96,1,0.1,Apple Pay,COMPLETED,2025-09-11 18:59:12
ORD-104192,CUST-1004,Evan Wright,Tokyo,Sports & Outdoors,Yoga Mat,69.53,1,0.1,Apple Pay,COMPLETED,2025-12-26 18:17:46
ORD-104193,CUST-1000,Alice Smith,Berlin,Sports & Outdoors,Water Bottle,56.55,4,0.2,Debit Card,CANCELLED,2025-07-19 00:41:55
ORD-104194,CUST-1009,Julia Roberts,Berlin,Electronics,Laptop,320.05,2,0.1,Apple Pay,CANCELLED,2025-03-20 20:12:56
ORD-104195,CUST-1001,Bob Jones,San Francisco,Clothing,Denim Jeans,39.51,3,0.25,Debit Card,COMPLETED,2025-02-12 04:06:09
ORD-104196,CUST-1001,Bob Jones,Paris,Clothing,Sneakers,66.85,3,0.15,Debit Card,COMPLETED,2025-11-21 01:41:39
ORD-104197,CUST-1002,Charlie Brown,Sydney,Clothing,Sneakers,43.87,2,0.05,Debit Card,COMPLETED,2025-01-07 11:50:43
ORD-104198,CUST-1001,Bob Jones,Sydney,Sports & Outdoors,Camping Tent,144.59,2,0.15,UPI / Digital Wallet,RETURNED,2025-08-01 22:00:09
ORD-104199,CUST-1011,Laura Croft,Toronto,Books,Cookbook,10.56,2,0.0,UPI / Digital Wallet,COMPLETED,2025-09-23 23:44:25
ORD-104200,CUST-1013,Nora Jones,San Francisco,Books,Cookbook,38.75,1,0.05,Apple Pay,COMPLETED,2025-11-20 17:05:57
ORD-104201,CUST-1000,Alice Smith,London,Home & Kitchen,Blender,117.37,2,0.1,PayPal,RETURNED,2025-08-12 10:23:12
ORD-104202,CUST-1012,Michael Scott,Berlin,Home & Kitchen,Air Fryer,119.1,1,0.2,Apple Pay,COMPLETED,2025-07-01 07:50:56
ORD-104203,CUST-1018,Steve Rogers,New York,Clothing,Winter Jacket,27.82,1,0.1,Apple Pay,COMPLETED,2025-02-21 00:15:48
ORD-104204,CUST-1007,Hannah Abbott,Tokyo,Books,Economics 101,23.09,4,0.1,PayPal,COMPLETED,2025-04-27 20:22:35
ORD-104205,CUST-1006,George Clark,Sydney,Electronics,4K Monitor,205.03,1,0.2,UPI / Digital Wallet,PENDING,2025-06-20 16:54:50
ORD-104206,CUST-1019,Tony Stark,London,Electronics,Smartphone,702.38,1,0.25,PayPal,CANCELLED,2025-11-18 08:20:50
ORD-104207,CUST-1005,Fiona Gallagher,,Clothing,Denim Jeans,91.13,2,0.1,Debit Card,PENDING,2025-05-19 23:52:59
ORD-104208,CUST-1002,Charlie Brown,Berlin,Clothing,Hooded Sweatshirt,117.44,1,0.2,Apple Pay,COMPLETED,2025-10-26 08:08:22
ORD-104209,CUST-1008,Ian Malcolm,Toronto,Home & Kitchen,Toaster,219.92,2,0.0,Apple Pay,COMPLETED,2025-06-11 19:06:34
ORD-104210,CUST-1012,Michael Scott,Toronto,Sports & Outdoors,Yoga Mat,114.82,1,0.05,Apple Pay,COMPLETED,2025-02-24 06:03:23
ORD-104211,CUST-1009,Julia Roberts,Tokyo,Home & Kitchen,Cookware Set,129.39,1,0.0,Debit Card,COMPLETED,2025-08-05 21:58:58
ORD-104212,CUST-1003,Diana Prince,Tokyo,Sports & Outdoors,Yoga Mat,145.9,2,0.05,PayPal,PENDING,2025-07-16 09:45:30
ORD-104213,CUST-1019,Tony Stark,New York,Electronics,Smartphone,219.85,2,0.0,Debit Card,COMPLETED,2025-01-28 13:17:57
ORD-104214,CUST-1008,Ian Malcolm,Singapore,Clothing,Cotton T-Shirt,99.81,1,0.0,Debit Card,PENDING,2025-11-21 12:16:48
ORD-104215,CUST-1004,Evan Wright,Sydney,Home & Kitchen,Cookware Set,101.29,2,0.0,Credit Card,COMPLETED,2025-04-05 13:28:28
ORD-104216,CUST-1014,Oscar Martinez,San Francisco,Sports & Outdoors,Hiking Backpack,75.94,1,0.05,Apple Pay,COMPLETED,2025-10-26 22:28:57
ORD-104217,CUST-1016,Quentin Tarantino,San Francisco,Home & Kitchen,Espresso Machine,336.98,3,0.15,UPI / Digital Wallet,COMPLETED,2025-04-24 22:28:48
ORD-104218,CUST-1009,Julia Roberts,Sydney,Clothing,Running Shoes,43.9,-1,0.15,Credit Card,COMPLETED,2025-03-23 03:49:08
ORD-104219,CUST-1007,Hannah Abbott,Singapore,Electronics,4K Monitor,132.58,1,0.0,Credit Card,COMPLETED,2025-06-05 20:03:20
ORD-104220,CUST-1013,Nora Jones,Paris,Clothing,Winter Jacket,117.48,2,0.0,Apple Pay,RETURNED,2025-01-29 06:27:20
ORD-104221,CUST-1003,Diana Prince,,Clothing,Cotton T-Shirt,20.49,4,0.15,Apple Pay,COMPLETED,2025-06-09 00:41:48
ORD-104222,CUST-1005,Fiona Gallagher,Sydney,Sports & Outdoors,Dumbbell Set,34.82,1,0.2,Apple Pay,COMPLETED,2025-03-27 17:50:31
ORD-104223,CUST-1018,Steve Rogers,Paris,Books,Sci-Fi Novel,26.19,5,0.2,Debit Card,COMPLETED,2025-09-12 11:14:05
ORD-104224,CUST-1010,Kevin Bacon,London,Sports & Outdoors,Bicycle Helmet,195.79,2,0.0,Debit Card,CANCELLED,2025-12-15 15:40:00
ORD-104225,CUST-1010,Kevin Bacon,Sydney,Electronics,4K Monitor,392.87,3,0.0,Credit Card,RETURNED,2025-01-21 22:57:28
ORD-104226,CUST-1003,Diana Prince,San Francisco,Electronics,Wireless Headphones,963.79,1,0.1,Debit Card,COMPLETED,2025-04-16 11:26:23
ORD-104227,CUST-1018,Steve Rogers,Singapore,Electronics,Laptop,130.19,2,0.0,PayPal,COMPLETED,2025-05-02 11:23:21
ORD-104228,CUST-1000,Alice Smith,Berlin,Clothing,Sneakers,91.42,1,0.25,Apple Pay,COMPLETED,2025-11-28 20:57:13
ORD-104229,CUST-1003,Diana Prince,Toronto,Electronics,Smartphone,227.29,1,0.1,PayPal,PENDING,2025-05-30 17:52:42
ORD-104230,CUST-1005,Fiona Gallagher,Paris,Clothing,Running Shoes,23.74,1,0.1,UPI / Digital Wallet,COMPLETED,2025-12-30 20:15:08
ORD-104231,CUST-1006,George Clark,London,Books,Data Engineering Handbook,36.41,1,0.0,PayPal,CANCELLED,2025-06-16 10:07:14
ORD-104232,CUST-1004,Evan Wright,Singapore,Clothing,Cotton T-Shirt,142.87,1,0.05,Apple Pay,COMPLETED,2025-02-12 20:26:16
ORD-104233,CUST-1006,George Clark,Tokyo,Clothing,Winter Jacket,85.73,1,0.05,UPI / Digital Wallet,COMPLETED,2025-03-14 07:54:50
ORD-104234,CUST-1011,Laura Croft,Mumbai,Clothing,Winter Jacket,92.95,1,0.15,PayPal,PENDING,2025-01-04 02:16:52
ORD-104235,CUST-1006,George Clark,Paris,Electronics,Laptop,752.15,4,0.25,UPI / Digital Wallet,RETURNED,2025-06-05 15:06:37
ORD-104236,CUST-1003,Diana Prince,Paris,Home & Kitchen,Vacuum Cleaner,127.16,5,0.1,UPI / Digital Wallet,COMPLETED,2025-06-07 14:08:35
ORD-104237,CUST-1005,Fiona Gallagher,Sydney,Electronics,4K Monitor,465.37,1,0.2,Credit Card,COMPLETED,2025-01-22 05:24:04
ORD-104238,CUST-1008,Ian Malcolm,San Francisco,Electronics,4K Monitor,537.9,3,0.0,PayPal,RETURNED,2025-01-09 02:50:49
ORD-104239,CUST-1003,Diana Prince,Paris,Sports & Outdoors,Water Bottle,82.32,1,0.1,PayPal,COMPLETED,2025-04-11 06:11:08
ORD-104240,CUST-1018,Steve Rogers,Mumbai,Books,Biography,18.95,3,0.15,PayPal,RETURNED,2025-07-14 19:54:35
ORD-104241,CUST-1001,Bob Jones,Mumbai,Home & Kitchen,Cookware Set,247.1,1,0.0,Apple Pay,CANCELLED,2025-03-22 08:25:28
ORD-104242,CUST-1012,Michael Scott,New York,Electronics,4K Monitor,713.89,2,0.25,Apple Pay,RETURNED,2025-12-10 09:11:37
ORD-104243,CUST-1005,Fiona Gallagher,Mumbai,Clothing,Running Shoes,31.96,5,0.05,UPI / Digital Wallet,RETURNED,2025-02-07 12:39:46
ORD-104244,CUST-1006,George Clark,Paris,Books,Sci-Fi Novel,30.66,2,0.2,Credit Card,COMPLETED,2025-03-23 15:38:22
ORD-104245,CUST-1018,Steve Rogers,New York,Home & Kitchen,Air Fryer,330.9,2,0.2,UPI / Digital Wallet,CANCELLED,2025-06-08 12:42:15
ORD-104246,CUST-1015,Pam Beesly,Sydney,Books,Data Engineering Handbook,28.63,1,0.2,PayPal,COMPLETED,2025-07-03 08:51:48
ORD-104247,CUST-1019,Tony Stark,Mumbai,Clothing,Denim Jeans,44.87,1,0.2,UPI / Digital Wallet,PENDING,2025-12-08 07:30:55
ORD-104248,CUST-1014,Oscar Martinez,Berlin,Electronics,Wireless Headphones,711.23,3,0.05,Credit Card,COMPLETED,2025-06-22 08:04:12
ORD-104249,CUST-1013,Nora Jones,Singapore,Books,Economics 101,17.43,1,0.15,UPI / Digital Wallet,COMPLETED,2025-05-22 17:49:19
ORD-104250,CUST-1007,Hannah Abbott,London,Home & Kitchen,Blender,27.08,1,0.2,Credit Card,COMPLETED,2025-05-23 07:36:54
ORD-104251,CUST-1000,Alice Smith,Tokyo,Electronics,Bluetooth Speaker,746.19,2,0.15,PayPal,COMPLETED,2025-01-15 09:30:32
ORD-104252,CUST-1018,Steve Rogers,Toronto,Electronics,4K Monitor,1156.73,1,0.1,Apple Pay,COMPLETED,2025-10-29 22:14:30
ORD-104253,CUST-1008,Ian Malcolm,New York,Home & Kitchen,Cookware Set,263.45,1,0.1,Apple Pay,CANCELLED,2025-05-22 03:10:15
ORD-104254,CUST-1014,,San Francisco,Books,Economics 101,8.9,1,0.1,UPI / Digital Wallet,CANCELLED,2025-03-23 01:43:04
ORD-104255,CUST-1004,Evan Wright,San Francisco,Electronics,Bluetooth Speaker,322.39,2,0.25,Credit Card,COMPLETED,2025-12-29 02:49:50
ORD-104256,CUST-1009,Julia Roberts,Paris,Electronics,Bluetooth Speaker,776.93,4,0.25,Credit Card,COMPLETED,2025-01-04 08:10:23
ORD-104257,CUST-1017,Rachel Green,Toronto,Sports & Outdoors,Dumbbell Set,247.7,1,0.15,UPI / Digital Wallet,CANCELLED,2025-04-23 12:36:43
ORD-104258,CUST-1008,Ian Malcolm,Singapore,Home & Kitchen,Toaster,280.79,3,0.15,Credit Card,PENDING,2025-07-27 18:21:42
ORD-104259,CUST-1011,Laura Croft,Sydney,Home & Kitchen,Toaster,272.1,1,0.05,PayPal,PENDING,2025-09-23 06:42:41
ORD-104260,CUST-1015,Pam Beesly,Singapore,Sports & Outdoors,Hiking Backpack,93.68,4,0.0,UPI / Digital Wallet,RETURNED,2025-02-10 10:02:41
ORD-104261,CUST-1006,George Clark,Berlin,Sports & Outdoors,Yoga Mat,35.28,1,0.25,Apple Pay,COMPLETED,2025-02-15 20:37:46
ORD-104262,CUST-1005,Fiona Gallagher,New York,Sports & Outdoors,Bicycle Helmet,54.95,4,0.1,PayPal,COMPLETED,2025-09-06 16:20:12
ORD-104263,CUST-1009,Julia Roberts,Tokyo,Clothing,Sneakers,103.26,1,0.25,PayPal,PENDING,2025-11-22 15:20:53
ORD-104264,CUST-1003,Diana Prince,Tokyo,Home & Kitchen,Air Fryer,56.3,2,0.1,Apple Pay,COMPLETED,2025-07-12 01:53:33
ORD-104265,CUST-1000,Alice Smith,Paris,Sports & Outdoors,Yoga Mat,81.96,1,0.1,PayPal,COMPLETED,2025-04-16 17:55:59
ORD-104266,CUST-1001,Bob Jones,Toronto,Electronics,Smartwatch,106.73,-1,0.05,Credit Card,COMPLETED,2025-08-25 02:14:11
ORD-104267,CUST-1007,Hannah Abbott,Singapore,Sports & Outdoors,Yoga Mat,177.83,2,0.05,PayPal,RETURNED,2025-08-25 21:47:10
ORD-104268,CUST-1002,Charlie Brown,San Francisco,Books,History of Computing,15.37,1,0.05,Credit Card,PENDING,2025-08-19 21:07:39
ORD-104269,CUST-1016,Quentin Tarantino,Toronto,Books,Cookbook,36.21,5,0.1,UPI / Digital Wallet,COMPLETED,2025-08-29 05:56:45
ORD-104270,CUST-1004,Evan Wright,New York,Electronics,Bluetooth Speaker,502.55,1,0.05,UPI / Digital Wallet,PENDING,2025-06-07 17:22:48
ORD-104271,CUST-1017,Rachel Green,Tokyo,Sports & Outdoors,Yoga Mat,167.96,1,0.05,Apple Pay,RETURNED,2025-01-27 21:10:36
ORD-104272,CUST-1002,Charlie Brown,Mumbai,Sports & Outdoors,Camping Tent,191.63,1,0.2,Credit Card,COMPLETED,2025-11-07 06:24:21
ORD-104273,CUST-1013,Nora Jones,Toronto,Books,History of Computing,11.85,1,0.15,Apple Pay,COMPLETED,2025-11-28 09:22:43
ORD-104274,CUST-1004,Evan Wright,London,Home & Kitchen,Blender,314.9,1,0.0,UPI / Digital Wallet,COMPLETED,2025-12-28 12:47:55
ORD-104275,CUST-1015,Pam Beesly,,Home & Kitchen,Vacuum Cleaner,135.61,5,0.2,PayPal,PENDING,2025-02-28 17:46:50
ORD-104276,CUST-1011,Laura Croft,Sydney,Books,History of Computing,25.73,4,0.25,PayPal,COMPLETED,2025-02-19 09:23:47
ORD-104277,CUST-1006,George Clark,Mumbai,Clothing,Running Shoes,42.1,1,0.25,PayPal,COMPLETED,2025-04-25 11:58:28
ORD-104278,CUST-1008,Ian Malcolm,Paris,Electronics,Smartwatch,1084.09,1,0.0,Credit Card,CANCELLED,2025-04-30 03:28:04
ORD-104279,CUST-1009,Julia Roberts,Paris,Electronics,Wireless Headphones,113.73,2,0.15,Apple Pay,CANCELLED,2025-03-09 07:53:27
ORD-104280,CUST-1003,Diana Prince,Toronto,Books,Biography,16.75,1,0.25,Credit Card,RETURNED,2025-12-22 14:36:25
ORD-104281,CUST-1017,Rachel Green,San Francisco,Books,History of Computing,30.93,1,0.05,Credit Card,COMPLETED,2025-05-27 01:44:50
ORD-104282,CUST-1008,Ian Malcolm,Sydney,Clothing,Winter Jacket,19.62,3,0.0,Debit Card,COMPLETED,2025-02-07 01:52:58
ORD-104283,CUST-1019,Tony Stark,London,Clothing,Running Shoes,124.0,3,0.25,UPI / Digital Wallet,COMPLETED,2025-11-13 11:05:34
ORD-104284,CUST-1016,Quentin Tarantino,Berlin,Electronics,Wireless Headphones,149.63,1,0.15,UPI / Digital Wallet,RETURNED,2025-01-07 06:38:13
ORD-104285,CUST-1006,George Clark,Singapore,Home & Kitchen,Cookware Set,75.05,2,0.05,Apple Pay,COMPLETED,2025-04-21 03:21:16
ORD-104286,CUST-1015,Pam Beesly,Singapore,Sports & Outdoors,Dumbbell Set,161.86,1,0.2,PayPal,CANCELLED,2025-12-14 16:09:44
ORD-104287,CUST-1004,Evan Wright,London,Books,Economics 101,28.89,1,0.0,Debit Card,COMPLETED,2025-03-09 16:42:56
ORD-104288,CUST-1013,Nora Jones,Singapore,Electronics,Smartwatch,224.26,1,0.0,Apple Pay,COMPLETED,2025-02-01 04:12:00
ORD-104289,CUST-1001,Bob Jones,Singapore,Sports & Outdoors,Dumbbell Set,124.04,1,0.25,PayPal,RETURNED,2025-08-13 03:21:54
ORD-104290,CUST-1014,Oscar Martinez,Toronto,Home & Kitchen,Air Fryer,177.45,1,0.0,Debit Card,CANCELLED,2025-05-01 08:30:56
ORD-104291,CUST-1004,Evan Wright,Toronto,Books,Cookbook,44.48,1,0.15,PayPal,COMPLETED,2025-08-02 01:58:31
ORD-104292,CUST-1017,Rachel Green,Singapore,Sports & Outdoors,Dumbbell Set,97.57,2,0.25,UPI / Digital Wallet,COMPLETED,2025-09-27 11:14:18
ORD-104293,CUST-1005,Fiona Gallagher,Tokyo,Books,Sci-Fi Novel,17.59,2,0.2,UPI / Digital Wallet,RETURNED,2025-03-20 11:26:58
ORD-104294,CUST-1001,Bob Jones,New York,Home & Kitchen,Vacuum Cleaner,194.17,3,0.15,PayPal,COMPLETED,2025-02-02 17:51:30
ORD-104295,CUST-1006,George Clark,Paris,Electronics,Smartwatch,1018.58,2,0.1,Debit Card,CANCELLED,2025-01-28 22:26:35
ORD-104296,CUST-1019,,Toronto,Sports & Outdoors,Camping Tent,101.02,4,0.1,UPI / Digital Wallet,COMPLETED,2025-08-08 23:08:54
ORD-104297,CUST-1004,Evan Wright,New York,Sports & Outdoors,Dumbbell Set,213.48,1,0.25,UPI / Digital Wallet,COMPLETED,2025-01-15 22:20:19
ORD-104298,CUST-1010,Kevin Bacon,New York,Electronics,Laptop,780.07,1,0.2,UPI / Digital Wallet,COMPLETED,2025-08-22 18:07:08
ORD-104299,CUST-1016,Quentin Tarantino,Toronto,Home & Kitchen,Vacuum Cleaner,192.53,1,0.0,Debit Card,COMPLETED,2025-12-20 07:30:24
ORD-104300,CUST-1019,Tony Stark,Toronto,Clothing,Cotton T-Shirt,139.8,1,0.05,Credit Card,COMPLETED,2025-03-13 10:06:04
ORD-104301,CUST-1000,Alice Smith,New York,Sports & Outdoors,Water Bottle,107.2,1,0.0,Credit Card,COMPLETED,2025-07-08 12:52:51
ORD-104302,CUST-1016,Quentin Tarantino,London,Home & Kitchen,Toaster,186.2,1,0.0,Debit Card,PENDING,2025-07-24 00:46:25
ORD-104303,CUST-1000,Alice Smith,Paris,Clothing,Sneakers,118.37,1,0.25,UPI / Digital Wallet,RETURNED,2025-10-24 19:50:40
ORD-104304,CUST-1015,Pam Beesly,London,Home & Kitchen,Vacuum Cleaner,270.07,1,0.1,PayPal,COMPLETED,2025-10-18 01:26:42
ORD-104305,CUST-1009,Julia Roberts,Toronto,Clothing,Running Shoes,137.97,1,0.15,Apple Pay,COMPLETED,2025-07-29 04:51:08
ORD-104306,CUST-1010,Kevin Bacon,Mumbai,Books,Cookbook,38.76,1,0.0,Apple Pay,COMPLETED,2025-10-29 03:43:48
ORD-104307,CUST-1018,Steve Rogers,Paris,Home & Kitchen,Blender,315.16,1,0.15,UPI / Digital Wallet,COMPLETED,2025-03-25 00:18:07
ORD-104308,CUST-1018,Steve Rogers,Paris,Books,Economics 101,39.42,1,0.0,Apple Pay,COMPLETED,2025-03-03 11:20:30
ORD-104309,CUST-1012,Michael Scott,Mumbai,Clothing,Denim Jeans,97.94,1,0.25,UPI / Digital Wallet,COMPLETED,2025-11-07 01:04:09
ORD-104310,CUST-1008,Ian Malcolm,Singapore,Electronics,Smartphone,176.82,1,0.05,Credit Card,COMPLETED,2025-06-24 09:21:41
ORD-104311,CUST-1004,Evan Wright,Berlin,Books,Cookbook,29.18,3,0.1,Apple Pay,COMPLETED,2025-08-11 04:13:46
ORD-104312,CUST-1000,Alice Smith,Toronto,Books,Economics 101,11.92,2,0.2,UPI / Digital Wallet,CANCELLED,2025-11-29 21:46:06
ORD-104313,CUST-1017,Rachel Green,Paris,Sports & Outdoors,Yoga Mat,52.19,3,0.15,Apple Pay,CANCELLED,2025-05-23 09:01:33
ORD-104314,CUST-1016,Quentin Tarantino,Toronto,Home & Kitchen,Vacuum Cleaner,91.22,3,0.1,PayPal,CANCELLED,2025-01-21 15:17:42
ORD-104315,CUST-1013,Nora Jones,New York,Home & Kitchen,Cookware Set,76.83,1,0.05,PayPal,RETURNED,2025-01-27 11:16:30
ORD-104316,CUST-1002,Charlie Brown,Berlin,Books,Cookbook,22.0,3,0.15,PayPal,COMPLETED,2025-01-20 18:42:44
ORD-104317,CUST-1019,Tony Stark,Sydney,Sports & Outdoors,Camping Tent,201.91,1,0.1,Credit Card,COMPLETED,2025-02-17 13:56:39
ORD-104318,CUST-1018,Steve Rogers,Sydney,Home & Kitchen,Blender,225.97,4,0.1,Apple Pay,COMPLETED,2025-01-18 21:39:54
ORD-104319,CUST-1013,Nora Jones,Sydney,Books,Sci-Fi Novel,18.02,1,0.2,Credit Card,COMPLETED,2025-12-08 05:21:33
ORD-104320,CUST-1003,Diana Prince,Mumbai,Books,Economics 101,43.93,1,0.1,UPI / Digital Wallet,RETURNED,2025-08-06 21:19:00
ORD-104321,CUST-1015,Pam Beesly,Toronto,Clothing,Winter Jacket,28.42,3,0.15,PayPal,COMPLETED,2025-10-07 00:46:08
ORD-104322,CUST-1019,Tony Stark,Tokyo,Home & Kitchen,Blender,259.17,3,0.25,Apple Pay,RETURNED,2025-05-03 18:53:41
ORD-104323,CUST-1018,Steve Rogers,Singapore,Sports & Outdoors,Camping Tent,56.6,2,0.15,Apple Pay,COMPLETED,2025-08-23 16:44:05
ORD-104324,CUST-1017,Rachel Green,Berlin,Electronics,4K Monitor,1135.08,1,0.15,UPI / Digital Wallet,CANCELLED,2025-04-25 18:45:16
ORD-104325,CUST-1009,Julia Roberts,New York,Books,Data Engineering Handbook,9.12,4,0.1,Apple Pay,COMPLETED,2025-11-10 11:26:52
ORD-104326,CUST-1017,Rachel Green,Toronto,Books,Sci-Fi Novel,21.23,5,0.1,UPI / Digital Wallet,PENDING,2025-08-23 00:02:54
ORD-104327,CUST-1015,Pam Beesly,New York,Electronics,Smartphone,337.29,2,0.0,Apple Pay,CANCELLED,2025-02-22 10:23:38
ORD-104328,CUST-1016,Quentin Tarantino,Mumbai,Clothing,Hooded Sweatshirt,81.38,2,0.25,Apple Pay,RETURNED,2025-02-19 10:07:38
ORD-104329,CUST-1015,Pam Beesly,Sydney,Home & Kitchen,Espresso Machine,199.93,1,0.15,Apple Pay,PENDING,2025-11-03 03:30:59
ORD-104330,CUST-1005,Fiona Gallagher,New York,Books,Cookbook,14.96,1,0.05,Credit Card,CANCELLED,2025-12-21 17:50:44
ORD-104331,CUST-1003,Diana Prince,Sydney,Electronics,Bluetooth Speaker,643.17,1,0.05,PayPal,COMPLETED,2025-12-16 04:47:37
ORD-104332,CUST-1018,Steve Rogers,Sydney,Sports & Outdoors,Yoga Mat,105.24,-1,0.15,Apple Pay,COMPLETED,2025-01-10 19:01:01
ORD-104333,CUST-1008,Ian Malcolm,New York,Electronics,Wireless Headphones,378.52,1,0.1,UPI / Digital Wallet,RETURNED,2025-07-23 06:01:53
ORD-104334,CUST-1014,Oscar Martinez,Paris,Home & Kitchen,Vacuum Cleaner,282.9,3,0.0,Credit Card,PENDING,2025-12-11 13:53:34
ORD-104335,CUST-1019,Tony Stark,Berlin,Sports & Outdoors,Bicycle Helmet,171.16,1,0.2,Debit Card,COMPLETED,2025-06-18 22:10:38
ORD-104336,CUST-1001,Bob Jones,Sydney,Home & Kitchen,Air Fryer,130.38,2,0.25,UPI / Digital Wallet,PENDING,2025-11-01 06:01:29
ORD-104337,CUST-1014,Oscar Martinez,Mumbai,Home & Kitchen,Blender,117.32,4,0.1,PayPal,PENDING,2025-05-04 16:45:07
ORD-104338,CUST-1000,Alice Smith,Paris,Sports & Outdoors,Dumbbell Set,140.89,4,0.2,PayPal,RETURNED,2025-02-08 21:51:27
ORD-104339,CUST-1012,Michael Scott,New York,Sports & Outdoors,Yoga Mat,32.89,4,0.25,UPI / Digital Wallet,COMPLETED,2025-01-31 13:31:51
ORD-104340,CUST-1011,Laura Croft,London,Books,Biography,36.65,2,0.15,Apple Pay,COMPLETED,2025-07-29 15:40:17
ORD-104341,CUST-1001,Bob Jones,Toronto,Sports & Outdoors,Dumbbell Set,28.35,3,0.1,Debit Card,PENDING,2025-05-07 21:47:24
ORD-104342,CUST-1008,Ian Malcolm,Toronto,Electronics,Laptop,595.12,1,0.0,Apple Pay,CANCELLED,2025-02-09 12:25:30
ORD-104343,CUST-1005,Fiona Gallagher,London,Sports & Outdoors,Dumbbell Set,74.84,3,0.1,Debit Card,COMPLETED,2025-09-09 09:02:56
ORD-104344,CUST-1013,Nora Jones,San Francisco,Sports & Outdoors,Hiking Backpack,149.78,2,0.0,Debit Card,PENDING,2025-06-19 03:56:42
ORD-104345,CUST-1005,Fiona Gallagher,San Francisco,Electronics,4K Monitor,319.58,5,0.1,Apple Pay,CANCELLED,2025-07-10 20:34:39
ORD-104346,CUST-1006,George Clark,Berlin,Books,History of Computing,21.53,3,0.25,UPI / Digital Wallet,COMPLETED,2025-04-20 08:33:08
ORD-104347,CUST-1016,Quentin Tarantino,Toronto,Books,Sci-Fi Novel,40.4,-1,0.2,Apple Pay,COMPLETED,2025-03-18 07:31:24
ORD-104348,CUST-1007,Hannah Abbott,Paris,Home & Kitchen,Air Fryer,317.19,1,0.1,PayPal,COMPLETED,2025-09-27 11:16:15
ORD-104349,CUST-1009,Julia Roberts,San Francisco,Books,Cookbook,19.4,1,0.15,Credit Card,COMPLETED,2025-05-19 06:25:22
ORD-104350,CUST-1001,Bob Jones,Singapore,Clothing,Running Shoes,128.95,1,0.0,PayPal,COMPLETED,2025-02-13 05:14:30
ORD-104351,CUST-1003,Diana Prince,Paris,Electronics,4K Monitor,1035.03,1,0.2,PayPal,COMPLETED,2025-02-03 21:46:05
ORD-104352,CUST-1005,Fiona Gallagher,Tokyo,Books,Biography,19.9,1,0.25,Apple Pay,CANCELLED,2025-05-10 16:10:40
ORD-104353,CUST-1012,Michael Scott,Paris,Electronics,4K Monitor,687.6,1,0.15,Debit Card,COMPLETED,2025-06-30 21:09:15
ORD-104354,CUST-1000,Alice Smith,Toronto,Sports & Outdoors,Hiking Backpack,117.22,2,0.05,Credit Card,COMPLETED,2025-03-02 00:38:35
ORD-104355,CUST-1001,Bob Jones,Singapore,Home & Kitchen,Cookware Set,137.72,2,0.25,Debit Card,CANCELLED,2025-06-04 03:27:14
ORD-104356,CUST-1012,Michael Scott,Toronto,Sports & Outdoors,Bicycle Helmet,20.7,2,0.15,Apple Pay,COMPLETED,2025-04-08 06:03:28
ORD-104357,CUST-1009,Julia Roberts,San Francisco,Home & Kitchen,Espresso Machine,273.63,1,0.1,Apple Pay,COMPLETED,2025-10-29 17:31:19
ORD-104358,CUST-1002,Charlie Brown,Sydney,Sports & Outdoors,Camping Tent,184.29,4,0.0,Debit Card,COMPLETED,2025-08-16 19:31:41
ORD-104359,CUST-1008,,Berlin,Books,History of Computing,38.39,1,0.0,Debit Card,COMPLETED,2025-06-23 06:32:29
ORD-104360,CUST-1008,Ian Malcolm,London,Clothing,Running Shoes,127.02,1,0.25,Apple Pay,COMPLETED,2025-01-28 05:44:30
ORD-104361,CUST-1017,Rachel Green,Sydney,Clothing,Denim Jeans,18.62,1,0.05,Debit Card,RETURNED,2025-04-06 23:33:41
ORD-104362,CUST-1000,Alice Smith,Tokyo,Sports & Outdoors,Hiking Backpack,148.47,2,0.25,UPI / Digital Wallet,COMPLETED,2025-10-04 07:14:49
ORD-104363,CUST-1004,Evan Wright,Tokyo,Electronics,Smartphone,838.54,1,0.2,Debit Card,RETURNED,2025-04-03 21:54:49
ORD-104364,CUST-1013,Nora Jones,Toronto,Home & Kitchen,Air Fryer,167.51,4,0.1,Credit Card,COMPLETED,2025-11-25 00:19:40
ORD-104365,CUST-1008,Ian Malcolm,London,Electronics,Wireless Headphones,80.99,2,0.05,UPI / Digital Wallet,RETURNED,2025-04-20 00:27:11
ORD-104366,CUST-1017,Rachel Green,Mumbai,Electronics,Smartphone,424.61,2,0.0,UPI / Digital Wallet,COMPLETED,2025-08-31 14:27:20
ORD-104367,CUST-1018,Steve Rogers,Tokyo,Clothing,Denim Jeans,85.32,2,0.25,Debit Card,RETURNED,2025-11-16 06:02:17
ORD-104368,CUST-1015,Pam Beesly,Mumbai,Home & Kitchen,Air Fryer,98.69,2,0.25,PayPal,COMPLETED,2025-01-31 09:06:14
ORD-104369,CUST-1008,Ian Malcolm,Singapore,Clothing,Running Shoes,145.86,1,0.05,Credit Card,PENDING,2025-05-02 17:09:26
ORD-104370,CUST-1016,,New York,Sports & Outdoors,Water Bottle,44.27,2,0.1,Debit Card,COMPLETED,2025-03-26 04:36:33
ORD-104371,CUST-1018,Steve Rogers,Toronto,Home & Kitchen,Air Fryer,164.93,2,0.2,Debit Card,COMPLETED,2025-05-31 17:54:35
ORD-104372,CUST-1004,Evan Wright,Tokyo,Home & Kitchen,Air Fryer,295.72,3,0.0,Debit Card,CANCELLED,2025-08-11 03:34:31
ORD-104373,CUST-1012,Michael Scott,Paris,Books,Data Engineering Handbook,14.63,5,0.25,Apple Pay,RETURNED,2025-11-14 18:13:08
ORD-104374,CUST-1001,Bob Jones,Singapore,Clothing,Cotton T-Shirt,15.27,5,0.0,Debit Card,COMPLETED,2025-12-23 11:30:32
ORD-104375,CUST-1006,George Clark,Singapore,Books,Cookbook,27.4,2,0.1,Debit Card,COMPLETED,2025-03-21 08:29:29
ORD-104376,CUST-1006,George Clark,San Francisco,Electronics,Laptop,595.2,1,0.1,PayPal,RETURNED,2025-05-01 18:03:41
ORD-104377,CUST-1012,Michael Scott,Sydney,Books,Data Engineering Handbook,36.73,1,0.1,Credit Card,COMPLETED,2025-03-22 18:04:00
ORD-104378,CUST-1012,Michael Scott,Mumbai,Books,Biography,32.54,1,0.15,Credit Card,COMPLETED,2025-05-28 18:20:02
ORD-104379,CUST-1012,Michael Scott,Tokyo,Books,History of Computing,41.51,2,0.25,PayPal,PENDING,2025-03-08 14:16:21
ORD-104380,CUST-1018,Steve Rogers,Sydney,Clothing,Hooded Sweatshirt,89.2,1,0.15,PayPal,COMPLETED,2025-12-27 18:20:11
ORD-104381,CUST-1005,Fiona Gallagher,Paris,Books,Economics 101,43.82,1,0.1,Debit Card,COMPLETED,2025-04-07 15:27:04
ORD-104382,CUST-1009,Julia Roberts,Sydney,Home & Kitchen,Air Fryer,36.31,1,0.15,Credit Card,COMPLETED,2025-12-17 00:37:50
ORD-104383,CUST-1013,Nora Jones,Singapore,Sports & Outdoors,Yoga Mat,16.73,4,0.2,PayPal,RETURNED,2025-12-13 17:38:12
ORD-104384,CUST-1010,Kevin Bacon,Singapore,Electronics,Smartphone,977.33,1,0.15,Credit Card,COMPLETED,2025-03-25 22:26:00
ORD-104385,CUST-1014,Oscar Martinez,Mumbai,Books,Data Engineering Handbook,43.52,2,0.15,UPI / Digital Wallet,COMPLETED,2025-03-12 06:12:01
ORD-104386,CUST-1017,Rachel Green,Tokyo,Sports & Outdoors,Camping Tent,111.69,1,0.2,UPI / Digital Wallet,PENDING,2025-09-30 08:04:23
ORD-104387,CUST-1004,Evan Wright,Berlin,Sports & Outdoors,Yoga Mat,178.85,2,0.2,PayPal,COMPLETED,2025-08-30 14:55:15
ORD-104388,CUST-1014,Oscar Martinez,Paris,Home & Kitchen,Blender,339.73,1,0.25,Debit Card,RETURNED,2025-10-13 03:19:46
ORD-104389,CUST-1008,Ian Malcolm,Sydney,Home & Kitchen,Cookware Set,245.87,2,0.05,Credit Card,COMPLETED,2025-11-09 01:22:14
ORD-104390,CUST-1016,Quentin Tarantino,New York,Home & Kitchen,Vacuum Cleaner,168.89,1,0.2,Credit Card,CANCELLED,2025-09-12 03:53:52
ORD-104391,CUST-1017,Rachel Green,Paris,Clothing,Cotton T-Shirt,129.57,2,0.15,Debit Card,COMPLETED,2025-11-28 01:05:51
ORD-104392,CUST-1005,Fiona Gallagher,Toronto,Home & Kitchen,Toaster,133.58,3,0.0,Credit Card,COMPLETED,2025-01-30 13:52:31
ORD-104393,CUST-1003,Diana Prince,Berlin,Clothing,Cotton T-Shirt,149.16,1,0.1,PayPal,PENDING,2025-04-12 06:15:39
ORD-104394,CUST-1019,Tony Stark,San Francisco,Home & Kitchen,Vacuum Cleaner,42.3,3,0.2,Credit Card,COMPLETED,2025-08-22 17:07:59
ORD-104395,CUST-1005,Fiona Gallagher,Sydney,Home & Kitchen,Espresso Machine,233.06,5,0.05,Debit Card,COMPLETED,2025-06-17 11:45:51
ORD-104396,CUST-1013,Nora Jones,,Sports & Outdoors,Water Bottle,210.48,1,0.2,Debit Card,COMPLETED,2025-07-05 00:22:16
ORD-104397,CUST-1009,Julia Roberts,Paris,Electronics,Wireless Headphones,130.75,1,0.2,Debit Card,COMPLETED,2025-09-11 10:24:51
ORD-104398,CUST-1010,Kevin Bacon,Mumbai,Books,Cookbook,14.53,3,0.0,Credit Card,PENDING,2025-04-28 08:33:54
ORD-104399,CUST-1000,Alice Smith,Sydney,Clothing,Running Shoes,42.37,4,0.25,UPI / Digital Wallet,COMPLETED,2025-01-01 13:15:38
ORD-104400,CUST-1011,Laura Croft,New York,Books,History of Computing,10.23,1,0.2,Debit Card,COMPLETED,2025-01-04 20:49:22
ORD-104401,CUST-1003,Diana Prince,San Francisco,Sports & Outdoors,Water Bottle,23.52,3,0.05,UPI / Digital Wallet,RETURNED,2025-07-21 16:34:56
ORD-104402,CUST-1002,Charlie Brown,Mumbai,Home & Kitchen,Vacuum Cleaner,221.61,1,0.15,Apple Pay,COMPLETED,2025-03-18 10:54:14
ORD-104403,CUST-1015,Pam Beesly,San Francisco,Books,Economics 101,41.42,1,0.25,Apple Pay,PENDING,2025-01-26 05:54:53
ORD-104404,CUST-1016,Quentin Tarantino,New York,Home & Kitchen,Air Fryer,270.51,1,0.15,Debit Card,COMPLETED,2025-04-13 02:53:14
ORD-104405,CUST-1012,Michael Scott,Singapore,Electronics,Smartphone,868.52,3,0.05,UPI / Digital Wallet,COMPLETED,2025-05-24 14:18:53
ORD-104406,CUST-1008,Ian Malcolm,London,Sports & Outdoors,Water Bottle,113.91,2,0.2,UPI / Digital Wallet,CANCELLED,2025-11-14 13:39:07
ORD-104407,CUST-1014,,Berlin,Clothing,Cotton T-Shirt,100.25,1,0.2,Credit Card,COMPLETED,2025-04-26 08:32:20
ORD-104408,CUST-1011,Laura Croft,Paris,Clothing,Denim Jeans,132.41,2,0.0,UPI / Digital Wallet,COMPLETED,2025-01-22 16:13:14
ORD-104409,CUST-1011,Laura Croft,Tokyo,Books,Biography,10.03,3,0.0,Credit Card,COMPLETED,2025-06-19 20:12:31
ORD-104410,CUST-1005,Fiona Gallagher,Tokyo,Books,Sci-Fi Novel,29.31,1,0.2,Debit Card,COMPLETED,2025-10-15 07:14:26
ORD-104411,CUST-1010,,,Electronics,4K Monitor,882.91,3,0.15,PayPal,PENDING,2025-05-23 02:58:47
ORD-104412,CUST-1002,Charlie Brown,Singapore,Sports & Outdoors,Camping Tent,106.56,1,0.0,Debit Card,PENDING,2025-03-25 03:22:54
ORD-104413,CUST-1011,Laura Croft,Berlin,Electronics,Laptop,448.08,1,0.15,Credit Card,COMPLETED,2025-01-05 06:51:24
ORD-104414,CUST-1006,George Clark,Tokyo,Books,Biography,41.07,2,0.1,UPI / Digital Wallet,PENDING,2025-02-05 07:34:51
ORD-104415,CUST-1004,Evan Wright,San Francisco,Clothing,Running Shoes,138.82,1,0.25,Apple Pay,PENDING,2025-03-13 13:28:28
ORD-104416,CUST-1013,Nora Jones,Berlin,Books,Cookbook,12.13,1,0.05,Credit Card,CANCELLED,2025-03-07 20:40:24
ORD-104417,CUST-1010,Kevin Bacon,New York,Home & Kitchen,Air Fryer,57.21,1,0.1,Debit Card,RETURNED,2025-09-07 01:11:06
ORD-104418,CUST-1015,Pam Beesly,Sydney,Electronics,Wireless Headphones,862.16,1,0.05,Credit Card,PENDING,2025-01-29 06:18:06
ORD-104419,CUST-1013,Nora Jones,Singapore,Electronics,4K Monitor,933.92,1,0.05,UPI / Digital Wallet,COMPLETED,2025-06-22 18:41:14
ORD-104420,CUST-1018,Steve Rogers,Sydney,Clothing,Running Shoes,24.91,1,0.1,UPI / Digital Wallet,COMPLETED,2025-02-26 01:44:20
ORD-104421,CUST-1011,Laura Croft,San Francisco,Books,Biography,14.29,1,0.25,Credit Card,PENDING,2025-11-08 23:05:15
ORD-104422,CUST-1009,Julia Roberts,San Francisco,Clothing,Sneakers,57.36,1,0.2,Apple Pay,PENDING,2025-06-24 12:01:21
ORD-104423,CUST-1001,Bob Jones,San Francisco,Books,Data Engineering Handbook,27.12,3,0.2,Debit Card,COMPLETED,2025-12-21 15:07:41
ORD-104424,CUST-1006,George Clark,San Francisco,Books,Sci-Fi Novel,26.44,4,0.0,Credit Card,COMPLETED,2025-09-30 04:47:40
ORD-104425,CUST-1009,Julia Roberts,San Francisco,Clothing,Running Shoes,104.99,1,0.2,Debit Card,PENDING,2025-04-24 13:55:45
ORD-104426,CUST-1012,Michael Scott,Singapore,Home & Kitchen,Cookware Set,345.73,1,0.15,Credit Card,COMPLETED,2025-11-28 14:02:26
ORD-104427,CUST-1001,Bob Jones,Berlin,Sports & Outdoors,Water Bottle,26.28,1,0.05,Apple Pay,COMPLETED,2025-12-29 10:17:20
ORD-104428,CUST-1007,Hannah Abbott,London,Electronics,4K Monitor,355.84,1,0.0,Credit Card,COMPLETED,2025-02-26 03:41:43
ORD-104429,CUST-1017,Rachel Green,Paris,Clothing,Winter Jacket,74.43,3,0.05,Debit Card,COMPLETED,2025-02-28 22:06:39
ORD-104430,CUST-1004,Evan Wright,Sydney,Electronics,Laptop,1154.17,3,0.0,Debit Card,COMPLETED,2025-12-01 04:14:39
ORD-104431,CUST-1006,George Clark,Sydney,Books,Economics 101,44.36,2,0.1,Credit Card,COMPLETED,2025-07-23 21:28:19
ORD-104432,CUST-1003,Diana Prince,,Electronics,Smartwatch,482.66,3,0.15,Apple Pay,COMPLETED,2025-11-22 04:45:31
ORD-104433,CUST-1002,Charlie Brown,Singapore,Home & Kitchen,Toaster,236.81,2,0.25,Apple Pay,RETURNED,2025-12-31 07:33:39
ORD-104434,CUST-1004,Evan Wright,Tokyo,Sports & Outdoors,Camping Tent,67.19,1,0.0,UPI / Digital Wallet,PENDING,2025-08-24 22:40:46
ORD-104435,CUST-1000,Alice Smith,Berlin,Home & Kitchen,Espresso Machine,41.11,1,0.1,PayPal,COMPLETED,2025-06-28 06:41:41
ORD-104436,CUST-1005,Fiona Gallagher,Singapore,Clothing,Cotton T-Shirt,65.12,1,0.05,Debit Card,RETURNED,2025-01-02 19:28:07
ORD-104437,CUST-1014,Oscar Martinez,New York,Electronics,Wireless Headphones,597.12,1,0.2,Apple Pay,CANCELLED,2025-08-19 00:19:40
ORD-104438,CUST-1004,Evan Wright,San Francisco,Sports & Outdoors,Dumbbell Set,249.56,-1,0.25,Apple Pay,COMPLETED,2025-09-12 09:17:01
ORD-104439,CUST-1004,Evan Wright,Toronto,Home & Kitchen,Espresso Machine,246.0,1,0.1,Apple Pay,COMPLETED,2025-05-02 14:00:44
ORD-104440,CUST-1005,Fiona Gallagher,Paris,Electronics,Smartwatch,875.72,1,0.25,Debit Card,COMPLETED,2025-11-17 01:02:56
ORD-104441,CUST-1006,George Clark,Berlin,Clothing,Sneakers,141.52,2,0.0,UPI / Digital Wallet,COMPLETED,2025-03-25 02:09:39
ORD-104442,CUST-1001,Bob Jones,San Francisco,Electronics,Smartwatch,352.86,3,0.2,Apple Pay,COMPLETED,2025-03-25 20:49:45
ORD-104443,CUST-1009,Julia Roberts,London,Clothing,Denim Jeans,130.8,2,0.1,Debit Card,COMPLETED,2025-02-13 23:03:54
ORD-104444,CUST-1016,Quentin Tarantino,Tokyo,Home & Kitchen,Blender,284.37,2,0.0,PayPal,RETURNED,2025-12-11 17:01:48
ORD-104445,CUST-1019,Tony Stark,New York,Electronics,Wireless Headphones,400.24,2,0.05,Apple Pay,PENDING,2025-09-27 13:30:20
ORD-104446,CUST-1002,Charlie Brown,New York,Sports & Outdoors,Hiking Backpack,56.1,4,0.1,UPI / Digital Wallet,COMPLETED,2025-10-06 15:35:02
ORD-104447,CUST-1007,Hannah Abbott,Mumbai,Home & Kitchen,Toaster,237.25,1,0.2,UPI / Digital Wallet,COMPLETED,2025-03-17 08:24:36
ORD-104448,CUST-1016,Quentin Tarantino,New York,Sports & Outdoors,Hiking Backpack,150.05,4,0.25,Debit Card,CANCELLED,2025-08-13 04:07:50
ORD-104449,CUST-1005,Fiona Gallagher,New York,Books,Sci-Fi Novel,14.99,1,0.1,PayPal,RETURNED,2025-03-22 16:33:46
ORD-104450,CUST-1009,Julia Roberts,Singapore,Home & Kitchen,Blender,96.25,1,0.0,UPI / Digital Wallet,COMPLETED,2025-07-11 10:51:05
ORD-104451,CUST-1012,Michael Scott,London,Electronics,Bluetooth Speaker,984.01,1,0.1,Debit Card,COMPLETED,2025-08-29 20:19:12
ORD-104452,CUST-1015,Pam Beesly,Singapore,Sports & Outdoors,Bicycle Helmet,206.5,4,0.1,Apple Pay,COMPLETED,2025-12-04 03:08:01
ORD-104453,CUST-1003,Diana Prince,Tokyo,Home & Kitchen,Vacuum Cleaner,113.72,1,0.15,UPI / Digital Wallet,COMPLETED,2025-06-23 09:33:40
ORD-104454,CUST-1013,Nora Jones,New York,Clothing,Running Shoes,37.86,1,0.15,Debit Card,COMPLETED,2025-05-12 11:57:39
ORD-104455,CUST-1009,Julia Roberts,Paris,Books,History of Computing,21.6,3,0.2,Apple Pay,CANCELLED,2025-03-27 15:02:40
ORD-104456,CUST-1013,Nora Jones,Berlin,Electronics,Smartphone,202.92,5,0.05,Apple Pay,COMPLETED,2025-02-21 02:15:30
ORD-104457,CUST-1013,Nora Jones,Toronto,Home & Kitchen,Toaster,195.53,1,0.1,UPI / Digital Wallet,CANCELLED,2025-01-23 21:42:50
ORD-104458,CUST-1008,Ian Malcolm,London,Electronics,Bluetooth Speaker,890.71,4,0.0,UPI / Digital Wallet,COMPLETED,2025-02-21 01:38:33
ORD-104459,CUST-1013,Nora Jones,San Francisco,Sports & Outdoors,Hiking Backpack,220.51,1,0.2,Credit Card,COMPLETED,2025-06-12 20:48:55
ORD-104460,CUST-1016,Quentin Tarantino,Berlin,Sports & Outdoors,Camping Tent,59.82,1,0.05,Apple Pay,PENDING,2025-09-24 01:13:01
ORD-104461,CUST-1014,Oscar Martinez,San Francisco,Electronics,Smartphone,169.21,2,0.0,Apple Pay,RETURNED,2025-09-30 06:14:59
ORD-104462,CUST-1017,Rachel Green,San Francisco,Sports & Outdoors,Water Bottle,159.17,1,0.15,Credit Card,COMPLETED,2025-02-02 05:55:53
ORD-104463,CUST-1004,Evan Wright,Mumbai,Books,History of Computing,31.09,3,0.25,Debit Card,PENDING,2025-09-10 08:06:04
ORD-104464,CUST-1001,Bob Jones,Berlin,Clothing,Running Shoes,122.49,2,0.25,PayPal,CANCELLED,2025-01-27 12:47:33
ORD-104465,CUST-1002,Charlie Brown,London,Electronics,4K Monitor,670.34,5,0.05,PayPal,CANCELLED,2025-10-15 19:28:38
ORD-104466,CUST-1005,Fiona Gallagher,Paris,Sports & Outdoors,Water Bottle,40.86,4,0.0,PayPal,COMPLETED,2025-09-07 20:04:44
ORD-104467,CUST-1008,Ian Malcolm,Mumbai,Sports & Outdoors,Water Bottle,59.48,2,0.1,Apple Pay,RETURNED,2025-09-22 04:09:39
ORD-104468,CUST-1005,Fiona Gallagher,New York,Home & Kitchen,Cookware Set,308.84,1,0.05,Credit Card,COMPLETED,2025-10-10 12:41:58
ORD-104469,CUST-1013,Nora Jones,Mumbai,Sports & Outdoors,Camping Tent,75.21,1,0.0,PayPal,COMPLETED,2025-05-07 03:11:06
ORD-104470,CUST-1004,Evan Wright,New York,Sports & Outdoors,Camping Tent,115.27,1,0.0,PayPal,CANCELLED,2025-02-23 09:21:35
ORD-104471,CUST-1011,Laura Croft,San Francisco,Sports & Outdoors,Water Bottle,131.51,4,0.05,Apple Pay,PENDING,2025-08-27 00:59:01
ORD-104472,CUST-1016,Quentin Tarantino,London,Home & Kitchen,Vacuum Cleaner,306.31,1,0.15,Debit Card,CANCELLED,2025-12-09 14:25:03
ORD-104473,CUST-1018,Steve Rogers,Tokyo,Home & Kitchen,Espresso Machine,46.86,2,0.2,Credit Card,COMPLETED,2025-04-15 00:08:21
ORD-104474,CUST-1001,Bob Jones,London,Home & Kitchen,Cookware Set,204.14,1,0.0,Credit Card,COMPLETED,2025-11-17 00:46:10
ORD-104475,CUST-1012,Michael Scott,Paris,Books,Cookbook,23.01,1,0.1,UPI / Digital Wallet,COMPLETED,2025-10-19 03:37:50
ORD-104476,CUST-1000,Alice Smith,San Francisco,Clothing,Cotton T-Shirt,133.11,1,0.2,Apple Pay,CANCELLED,2025-11-13 02:04:18
ORD-104477,CUST-1000,Alice Smith,Singapore,Sports & Outdoors,Water Bottle,219.1,3,0.25,Credit Card,COMPLETED,2025-06-18 11:25:37
ORD-104478,CUST-1007,Hannah Abbott,Mumbai,Sports & Outdoors,Water Bottle,192.31,2,0.15,UPI / Digital Wallet,CANCELLED,2025-08-24 17:41:49
ORD-104479,CUST-1008,Ian Malcolm,Sydney,Books,Biography,34.97,3,0.2,UPI / Digital Wallet,COMPLETED,2025-05-23 05:22:07
ORD-104480,CUST-1009,Julia Roberts,Singapore,Electronics,4K Monitor,592.0,1,0.1,Debit Card,COMPLETED,2025-11-29 16:24:51
ORD-104481,CUST-1001,Bob Jones,Berlin,Clothing,Running Shoes,50.78,1,0.05,PayPal,COMPLETED,2025-03-16 13:06:30
ORD-104482,CUST-1006,George Clark,Singapore,Clothing,Cotton T-Shirt,75.43,5,0.1,Credit Card,COMPLETED,2025-08-22 07:22:54
ORD-104483,CUST-1009,Julia Roberts,Sydney,Books,History of Computing,20.28,5,0.0,Debit Card,RETURNED,2025-10-17 22:10:02
ORD-104484,CUST-1016,Quentin Tarantino,London,Clothing,Denim Jeans,56.17,1,0.1,Debit Card,COMPLETED,2025-10-08 09:05:31
ORD-104485,CUST-1017,Rachel Green,San Francisco,Home & Kitchen,Air Fryer,305.42,3,0.25,Apple Pay,CANCELLED,2025-12-20 16:25:21
ORD-104486,CUST-1008,Ian Malcolm,Mumbai,Books,Data Engineering Handbook,15.47,3,0.0,Apple Pay,COMPLETED,2025-07-26 22:59:30
ORD-104487,CUST-1004,Evan Wright,Tokyo,Sports & Outdoors,Water Bottle,35.15,4,0.25,PayPal,COMPLETED,2025-05-01 16:35:58
ORD-104488,CUST-1011,Laura Croft,Tokyo,Electronics,Wireless Headphones,601.76,1,0.15,UPI / Digital Wallet,CANCELLED,2025-09-07 08:55:02
ORD-104489,CUST-1002,Charlie Brown,New York,Clothing,Denim Jeans,35.28,1,0.2,Apple Pay,COMPLETED,2025-11-25 04:17:17
ORD-104490,CUST-1010,Kevin Bacon,Berlin,Sports & Outdoors,Bicycle Helmet,44.26,2,0.15,Credit Card,CANCELLED,2025-04-22 02:36:37
ORD-104491,CUST-1000,Alice Smith,Toronto,Home & Kitchen,Toaster,273.6,1,0.05,Debit Card,COMPLETED,2025-07-04 04:43:28
ORD-104492,CUST-1017,Rachel Green,Sydney,Books,Economics 101,11.69,3,0.25,UPI / Digital Wallet,COMPLETED,2025-12-03 00:28:41
ORD-104493,CUST-1004,Evan Wright,New York,Books,Economics 101,27.3,2,0.25,Apple Pay,COMPLETED,2025-10-30 02:30:28
ORD-104494,CUST-1013,Nora Jones,Sydney,Books,Sci-Fi Novel,14.71,1,0.15,Credit Card,CANCELLED,2025-11-05 21:26:13
ORD-104495,CUST-1017,Rachel Green,San Francisco,Clothing,Cotton T-Shirt,143.29,1,0.2,Debit Card,CANCELLED,2025-06-14 23:23:38
ORD-104496,CUST-1011,Laura Croft,London,Sports & Outdoors,Water Bottle,160.05,1,0.1,Apple Pay,COMPLETED,2025-01-17 05:36:20
ORD-104497,CUST-1004,Evan Wright,Toronto,Books,Cookbook,40.89,2,0.15,Apple Pay,COMPLETED,2025-01-26 08:05:30
ORD-104498,CUST-1007,Hannah Abbott,Paris,Electronics,Bluetooth Speaker,740.23,2,0.1,PayPal,COMPLETED,2025-07-19 04:50:47
ORD-104499,CUST-1016,Quentin Tarantino,Berlin,Clothing,Sneakers,23.34,1,0.15,PayPal,CANCELLED,2025-07-03 04:39:10
ORD-104500,CUST-1003,Diana Prince,Paris,Sports & Outdoors,Water Bottle,22.01,1,0.25,Credit Card,COMPLETED,2025-12-17 01:56:58
ORD-104501,CUST-1019,Tony Stark,Toronto,Electronics,Wireless Headphones,715.99,1,0.15,UPI / Digital Wallet,CANCELLED,2025-09-30 11:57:09
ORD-104502,CUST-1010,Kevin Bacon,London,Home & Kitchen,Blender,104.91,1,0.1,Credit Card,COMPLETED,2025-06-10 20:40:10
ORD-104503,CUST-1006,George Clark,New York,Sports & Outdoors,Hiking Backpack,109.9,1,0.25,Debit Card,PENDING,2025-01-21 22:21:25
ORD-104504,CUST-1001,Bob Jones,New York,Home & Kitchen,Toaster,33.4,1,0.05,UPI / Digital Wallet,COMPLETED,2025-11-05 14:01:15
ORD-104505,CUST-1005,Fiona Gallagher,London,Sports & Outdoors,Yoga Mat,246.81,1,0.2,Apple Pay,CANCELLED,2025-04-27 01:15:20
ORD-104506,CUST-1014,Oscar Martinez,London,Clothing,Denim Jeans,60.23,1,0.0,Debit Card,COMPLETED,2025-04-25 03:52:16
ORD-104507,CUST-1002,Charlie Brown,London,Home & Kitchen,Vacuum Cleaner,334.57,1,0.25,PayPal,COMPLETED,2025-11-17 23:27:55
ORD-104508,CUST-1012,Michael Scott,Paris,Home & Kitchen,Toaster,82.9,1,0.1,PayPal,COMPLETED,2025-10-12 23:53:37
ORD-104509,CUST-1018,Steve Rogers,Berlin,Electronics,4K Monitor,1061.25,3,0.2,Debit Card,COMPLETED,2025-10-28 04:56:52
ORD-104510,CUST-1018,Steve Rogers,London,Books,Data Engineering Handbook,21.75,4,0.0,PayPal,RETURNED,2025-10-29 05:11:37
ORD-104511,CUST-1008,Ian Malcolm,Paris,Books,Biography,22.34,-1,0.25,PayPal,COMPLETED,2025-10-26 04:06:04
ORD-104512,CUST-1016,Quentin Tarantino,Sydney,Books,History of Computing,34.34,1,0.05,PayPal,CANCELLED,2025-04-09 05:59:50
ORD-104513,CUST-1008,Ian Malcolm,New York,Clothing,Cotton T-Shirt,57.92,3,0.0,PayPal,COMPLETED,2025-12-12 12:17:27
ORD-104514,CUST-1017,Rachel Green,Tokyo,Electronics,Wireless Headphones,708.86,1,0.2,Credit Card,COMPLETED,2025-03-22 02:36:08
ORD-104515,CUST-1012,Michael Scott,London,Clothing,Cotton T-Shirt,75.67,1,0.25,UPI / Digital Wallet,COMPLETED,2025-08-07 01:48:38
ORD-104516,CUST-1012,Michael Scott,San Francisco,Sports & Outdoors,Hiking Backpack,218.11,2,0.15,Apple Pay,COMPLETED,2025-01-22 00:22:54
ORD-104517,CUST-1009,Julia Roberts,Toronto,Home & Kitchen,Cookware Set,325.44,1,0.25,Debit Card,COMPLETED,2025-03-01 11:46:06
ORD-104518,CUST-1008,Ian Malcolm,London,Sports & Outdoors,Yoga Mat,178.97,1,0.1,UPI / Digital Wallet,RETURNED,2025-09-04 23:19:27
ORD-104519,CUST-1019,,Toronto,Sports & Outdoors,Hiking Backpack,34.42,1,0.15,UPI / Digital Wallet,COMPLETED,2025-01-16 19:13:10
ORD-104520,CUST-1009,Julia Roberts,New York,Electronics,Smartphone,473.9,1,0.05,PayPal,COMPLETED,2025-05-01 12:41:19
ORD-104521,CUST-1006,,Sydney,Clothing,Running Shoes,67.02,1,0.2,PayPal,CANCELLED,2025-10-02 22:19:08
ORD-104522,CUST-1017,Rachel Green,Paris,Electronics,Laptop,217.64,2,0.0,Apple Pay,COMPLETED,2025-03-08 17:44:20
ORD-104523,CUST-1010,Kevin Bacon,Singapore,Home & Kitchen,Blender,97.44,3,0.1,Apple Pay,COMPLETED,2025-12-02 07:50:33
ORD-104524,CUST-1012,Michael Scott,New York,Electronics,Bluetooth Speaker,128.82,1,0.0,Debit Card,COMPLETED,2025-07-03 14:31:40
ORD-104525,CUST-1009,Julia Roberts,London,Clothing,Cotton T-Shirt,33.48,1,0.05,Debit Card,PENDING,2025-02-16 09:57:12
ORD-104526,CUST-1010,Kevin Bacon,Tokyo,Books,Cookbook,33.39,2,0.15,Apple Pay,PENDING,2025-09-13 10:05:51
ORD-104527,CUST-1002,Charlie Brown,Berlin,Electronics,Bluetooth Speaker,915.98,1,0.15,UPI / Digital Wallet,CANCELLED,2025-04-27 20:45:31
ORD-104528,CUST-1010,Kevin Bacon,London,Home & Kitchen,Cookware Set,75.02,1,0.15,Credit Card,CANCELLED,2025-07-11 09:04:48
ORD-104529,CUST-1004,Evan Wright,Toronto,Books,Data Engineering Handbook,35.41,1,0.1,Debit Card,PENDING,2025-10-23 08:20:04
ORD-104530,CUST-1014,Oscar Martinez,San Francisco,Sports & Outdoors,Water Bottle,87.13,2,0.05,PayPal,COMPLETED,2025-05-24 01:58:58
ORD-104531,CUST-1007,Hannah Abbott,San Francisco,Clothing,Cotton T-Shirt,102.24,1,0.05,Apple Pay,RETURNED,2025-05-07 21:08:54
ORD-104532,CUST-1012,Michael Scott,Toronto,Electronics,Bluetooth Speaker,1162.11,1,0.2,UPI / Digital Wallet,CANCELLED,2025-03-19 16:03:18
ORD-104533,CUST-1005,Fiona Gallagher,Singapore,Clothing,Running Shoes,70.86,2,0.2,Credit Card,COMPLETED,2025-02-10 00:18:56
ORD-104534,CUST-1000,Alice Smith,Mumbai,Sports & Outdoors,Dumbbell Set,237.36,2,0.0,Credit Card,COMPLETED,2025-05-04 04:18:42
ORD-104535,CUST-1019,Tony Stark,London,Sports & Outdoors,Hiking Backpack,97.7,2,0.15,PayPal,COMPLETED,2025-11-15 16:28:45
ORD-104536,CUST-1013,Nora Jones,London,Electronics,Smartwatch,877.63,4,0.0,Credit Card,COMPLETED,2025-02-08 22:36:46
ORD-104537,CUST-1014,Oscar Martinez,Paris,Sports & Outdoors,Dumbbell Set,213.19,2,0.15,Apple Pay,COMPLETED,2025-10-02 21:02:20
ORD-104538,CUST-1019,Tony Stark,San Francisco,Electronics,Bluetooth Speaker,272.73,2,0.05,PayPal,COMPLETED,2025-04-29 01:22:25
ORD-104539,CUST-1014,Oscar Martinez,San Francisco,Electronics,Smartphone,148.86,2,0.15,PayPal,COMPLETED,2025-05-06 21:37:37
ORD-104540,CUST-1005,Fiona Gallagher,Toronto,Clothing,Winter Jacket,16.36,5,0.1,Credit Card,PENDING,2025-07-30 06:06:15
ORD-104541,CUST-1000,Alice Smith,Singapore,Clothing,Winter Jacket,100.69,5,0.1,UPI / Digital Wallet,COMPLETED,2025-02-14 00:38:19
ORD-104542,CUST-1016,Quentin Tarantino,Tokyo,Books,Sci-Fi Novel,18.45,1,0.1,PayPal,RETURNED,2025-12-10 15:04:55
ORD-104543,CUST-1006,George Clark,Mumbai,Sports & Outdoors,Hiking Backpack,98.25,3,0.2,Credit Card,COMPLETED,2025-07-01 22:30:31
ORD-104544,CUST-1019,Tony Stark,Sydney,Books,Sci-Fi Novel,41.0,2,0.25,Apple Pay,PENDING,2025-12-19 05:39:29
ORD-104545,CUST-1006,George Clark,Tokyo,Home & Kitchen,Espresso Machine,127.71,1,0.2,UPI / Digital Wallet,COMPLETED,2025-03-17 14:06:54
ORD-104546,CUST-1000,Alice Smith,San Francisco,Books,History of Computing,24.14,2,0.05,UPI / Digital Wallet,RETURNED,2025-09-04 04:57:04
ORD-104547,CUST-1000,Alice Smith,Sydney,Clothing,Winter Jacket,133.54,2,0.1,Apple Pay,COMPLETED,2025-03-23 02:37:34
ORD-104548,CUST-1016,Quentin Tarantino,Tokyo,Electronics,Smartphone,375.57,1,0.25,UPI / Digital Wallet,COMPLETED,2025-12-25 09:15:24
ORD-104549,CUST-1013,Nora Jones,Singapore,Electronics,4K Monitor,239.77,1,0.2,Debit Card,RETURNED,2025-08-28 08:01:30
ORD-104550,CUST-1015,Pam Beesly,Toronto,Sports & Outdoors,Hiking Backpack,113.77,1,0.1,UPI / Digital Wallet,COMPLETED,2025-04-14 03:52:02
ORD-104551,CUST-1011,Laura Croft,Paris,Electronics,Bluetooth Speaker,978.48,2,0.0,UPI / Digital Wallet,COMPLETED,2025-04-18 00:29:51
ORD-104552,CUST-1008,Ian Malcolm,Berlin,Books,Economics 101,17.72,1,0.0,Apple Pay,PENDING,2025-12-08 10:31:10
ORD-104553,CUST-1000,Alice Smith,New York,Home & Kitchen,Air Fryer,81.34,1,0.1,Debit Card,RETURNED,2025-10-29 02:47:10
ORD-104554,CUST-1000,Alice Smith,New York,Books,Biography,25.87,2,0.25,UPI / Digital Wallet,CANCELLED,2025-06-14 21:12:29
ORD-104555,CUST-1008,Ian Malcolm,Tokyo,Electronics,Smartphone,295.8,1,0.1,Apple Pay,RETURNED,2025-07-18 10:45:11
ORD-104556,CUST-1013,Nora Jones,New York,Electronics,4K Monitor,790.83,3,0.05,Debit Card,COMPLETED,2025-06-13 15:25:51
ORD-104557,CUST-1014,Oscar Martinez,Paris,Clothing,Sneakers,69.11,2,0.2,UPI / Digital Wallet,RETURNED,2025-06-07 18:50:48
ORD-104558,CUST-1009,Julia Roberts,Berlin,Books,Cookbook,9.48,4,0.25,Debit Card,RETURNED,2025-09-10 20:01:35
ORD-104559,CUST-1002,Charlie Brown,Singapore,Electronics,Laptop,354.77,4,0.0,UPI / Digital Wallet,CANCELLED,2025-12-11 22:59:30
ORD-104560,CUST-1015,Pam Beesly,New York,Books,Biography,14.16,4,0.15,UPI / Digital Wallet,COMPLETED,2025-02-25 16:22:00
ORD-104561,CUST-1004,Evan Wright,Berlin,Clothing,Sneakers,117.68,1,0.25,Credit Card,PENDING,2025-04-21 03:23:39
ORD-104562,CUST-1012,Michael Scott,Mumbai,Clothing,Winter Jacket,58.61,3,0.0,UPI / Digital Wallet,COMPLETED,2025-04-12 11:06:34
ORD-104563,CUST-1014,Oscar Martinez,San Francisco,Electronics,Smartwatch,412.62,1,0.1,Debit Card,PENDING,2025-11-06 09:46:26
ORD-104564,CUST-1008,Ian Malcolm,New York,Electronics,Laptop,516.85,4,0.25,Debit Card,CANCELLED,2025-06-02 19:13:27
ORD-104565,CUST-1007,Hannah Abbott,San Francisco,Books,Biography,16.09,4,0.05,Apple Pay,RETURNED,2025-09-26 14:56:28
ORD-104566,CUST-1007,Hannah Abbott,Tokyo,Books,Cookbook,23.99,1,0.2,Debit Card,COMPLETED,2025-06-09 09:41:23
ORD-104567,CUST-1002,Charlie Brown,London,Home & Kitchen,Vacuum Cleaner,218.13,1,0.0,PayPal,COMPLETED,2025-12-12 02:16:38
ORD-104568,CUST-1010,Kevin Bacon,Toronto,Clothing,Hooded Sweatshirt,53.35,1,0.05,PayPal,COMPLETED,2025-06-16 13:55:29
ORD-104569,CUST-1016,Quentin Tarantino,Mumbai,Sports & Outdoors,Yoga Mat,225.45,4,0.1,Apple Pay,COMPLETED,2025-01-23 07:34:03
ORD-104570,CUST-1014,Oscar Martinez,New York,Sports & Outdoors,Hiking Backpack,168.18,1,0.0,UPI / Digital Wallet,COMPLETED,2025-07-30 03:01:12
ORD-104571,CUST-1019,Tony Stark,London,Clothing,Winter Jacket,63.56,2,0.2,Debit Card,COMPLETED,2025-03-28 15:06:54
ORD-104572,CUST-1017,Rachel Green,Tokyo,Sports & Outdoors,Yoga Mat,24.75,1,0.2,Credit Card,COMPLETED,2025-02-07 06:10:04
ORD-104573,CUST-1001,Bob Jones,Singapore,Sports & Outdoors,Bicycle Helmet,230.35,3,0.25,Credit Card,PENDING,2025-02-03 13:11:45
ORD-104574,CUST-1003,Diana Prince,London,Home & Kitchen,Cookware Set,154.9,4,0.1,Apple Pay,RETURNED,2025-02-15 13:53:43
ORD-104575,CUST-1018,Steve Rogers,London,Home & Kitchen,Vacuum Cleaner,345.46,2,0.25,Credit Card,PENDING,2025-09-18 01:42:52
ORD-104576,CUST-1009,Julia Roberts,New York,Books,Biography,26.52,1,0.1,Credit Card,PENDING,2025-05-04 00:55:45
ORD-104577,CUST-1004,Evan Wright,Toronto,Sports & Outdoors,Bicycle Helmet,135.49,1,0.25,UPI / Digital Wallet,COMPLETED,2025-01-04 07:40:03
ORD-104578,CUST-1005,Fiona Gallagher,Toronto,Electronics,Smartwatch,608.36,4,0.2,PayPal,PENDING,2025-10-25 21:04:15
ORD-104579,CUST-1000,Alice Smith,New York,Clothing,Sneakers,19.38,2,0.0,Credit Card,PENDING,2025-10-26 16:12:59
ORD-104580,CUST-1008,Ian Malcolm,Mumbai,Electronics,Bluetooth Speaker,617.03,3,0.05,Apple Pay,COMPLETED,2025-03-08 09:25:13
ORD-104581,CUST-1014,Oscar Martinez,Berlin,Sports & Outdoors,Yoga Mat,242.82,1,0.15,Debit Card,PENDING,2025-04-04 11:22:09
ORD-104582,CUST-1013,Nora Jones,Sydney,Clothing,Winter Jacket,100.05,2,0.0,Apple Pay,COMPLETED,2025-03-19 01:43:36
ORD-104583,CUST-1019,Tony Stark,Paris,Home & Kitchen,Air Fryer,165.37,1,0.1,Debit Card,COMPLETED,2025-02-02 05:31:48
ORD-104584,CUST-1010,Kevin Bacon,Paris,Electronics,4K Monitor,170.19,1,0.0,Credit Card,COMPLETED,2025-05-19 20:17:58
ORD-104585,CUST-1011,Laura Croft,Toronto,Clothing,Hooded Sweatshirt,83.91,2,0.15,Credit Card,RETURNED,2025-07-11 17:26:39
ORD-104586,CUST-1018,Steve Rogers,Toronto,Home & Kitchen,Vacuum Cleaner,32.36,1,0.2,Debit Card,COMPLETED,2025-07-08 07:22:42
ORD-104587,CUST-1015,Pam Beesly,Singapore,Sports & Outdoors,Water Bottle,127.3,2,0.15,PayPal,COMPLETED,2025-02-09 07:19:21
ORD-104588,CUST-1011,Laura Croft,Paris,Electronics,Bluetooth Speaker,1041.79,1,0.2,Debit Card,RETURNED,2025-03-16 06:58:38
ORD-104589,CUST-1017,Rachel Green,Paris,Electronics,Laptop,608.13,2,0.0,PayPal,COMPLETED,2025-05-11 11:52:54
ORD-104590,CUST-1001,Bob Jones,Sydney,Electronics,Smartwatch,734.43,2,0.05,PayPal,COMPLETED,2025-06-06 21:15:46
ORD-104591,CUST-1009,Julia Roberts,Sydney,Sports & Outdoors,Water Bottle,34.68,1,0.2,Debit Card,CANCELLED,2025-03-19 05:33:01
ORD-104592,CUST-1010,,Tokyo,Home & Kitchen,Toaster,252.95,1,0.2,PayPal,COMPLETED,2025-01-24 20:07:10
ORD-104593,CUST-1014,Oscar Martinez,Mumbai,Books,Economics 101,44.09,4,0.0,Apple Pay,COMPLETED,2025-02-13 06:48:27
ORD-104594,CUST-1012,Michael Scott,Mumbai,Sports & Outdoors,Water Bottle,100.23,2,0.05,Apple Pay,RETURNED,2025-05-13 08:35:45
ORD-104595,CUST-1012,Michael Scott,Paris,Books,History of Computing,23.73,2,0.25,Apple Pay,COMPLETED,2025-09-02 04:37:50
ORD-104596,CUST-1016,Quentin Tarantino,Singapore,Clothing,Cotton T-Shirt,77.01,2,0.2,UPI / Digital Wallet,COMPLETED,2025-11-26 21:05:25
ORD-104597,CUST-1006,George Clark,London,Clothing,Winter Jacket,95.55,1,0.0,UPI / Digital Wallet,COMPLETED,2025-12-18 22:31:29
ORD-104598,CUST-1000,Alice Smith,Toronto,Electronics,Bluetooth Speaker,992.85,2,0.1,Apple Pay,CANCELLED,2025-05-24 07:19:49
ORD-104599,CUST-1003,Diana Prince,New York,Sports & Outdoors,Water Bottle,18.55,1,0.1,UPI / Digital Wallet,COMPLETED,2025-10-02 19:53:08
ORD-104600,CUST-1008,Ian Malcolm,Sydney,Home & Kitchen,Vacuum Cleaner,186.65,3,0.0,Debit Card,COMPLETED,2025-05-09 22:14:08
ORD-104601,CUST-1015,Pam Beesly,Berlin,Sports & Outdoors,Dumbbell Set,194.41,1,0.15,Debit Card,COMPLETED,2025-05-28 07:11:04
ORD-104602,CUST-1008,Ian Malcolm,Mumbai,Sports & Outdoors,Hiking Backpack,89.21,1,0.25,Debit Card,PENDING,2025-10-20 16:14:11
ORD-104603,CUST-1007,Hannah Abbott,Toronto,Electronics,Bluetooth Speaker,892.36,5,0.2,PayPal,PENDING,2025-03-27 07:39:14
ORD-104604,CUST-1010,Kevin Bacon,Tokyo,Books,Biography,33.06,1,0.2,Debit Card,COMPLETED,2025-07-04 16:38:06
ORD-104605,CUST-1007,Hannah Abbott,Sydney,Home & Kitchen,Cookware Set,339.8,3,0.0,Debit Card,PENDING,2025-06-14 13:36:08
ORD-104606,CUST-1008,Ian Malcolm,Paris,Books,Data Engineering Handbook,15.86,2,0.15,PayPal,COMPLETED,2025-05-26 11:17:57
ORD-104607,CUST-1003,Diana Prince,London,Electronics,Smartphone,1096.28,4,0.05,PayPal,COMPLETED,2025-04-29 16:03:08
ORD-104608,CUST-1016,Quentin Tarantino,Singapore,Electronics,Bluetooth Speaker,1019.61,3,0.25,Debit Card,COMPLETED,2025-05-01 12:33:13
ORD-104609,CUST-1004,Evan Wright,Singapore,Books,Cookbook,16.97,1,0.05,Credit Card,PENDING,2025-09-04 07:38:00
ORD-104610,CUST-1002,Charlie Brown,London,Books,Cookbook,35.25,1,0.05,Debit Card,COMPLETED,2025-11-17 04:25:08
ORD-104611,CUST-1002,Charlie Brown,Berlin,Books,History of Computing,41.58,1,0.05,PayPal,RETURNED,2025-10-20 06:15:17
ORD-104612,CUST-1003,Diana Prince,Paris,Sports & Outdoors,Water Bottle,107.93,2,0.25,Credit Card,PENDING,2025-07-20 04:10:50
ORD-104613,CUST-1003,Diana Prince,Sydney,Electronics,Smartphone,721.08,1,0.15,UPI / Digital Wallet,COMPLETED,2025-10-15 03:49:02
ORD-104614,CUST-1015,Pam Beesly,Berlin,Sports & Outdoors,Yoga Mat,165.94,1,0.1,Credit Card,PENDING,2025-08-28 00:15:16
ORD-104615,CUST-1017,Rachel Green,Berlin,Sports & Outdoors,Dumbbell Set,228.04,2,0.25,UPI / Digital Wallet,COMPLETED,2025-08-19 10:37:09
ORD-104616,CUST-1009,Julia Roberts,Singapore,Books,Cookbook,13.79,1,0.25,Apple Pay,COMPLETED,2025-09-01 20:57:58
ORD-104617,CUST-1004,Evan Wright,Sydney,Books,Biography,34.68,2,0.0,Credit Card,COMPLETED,2025-06-14 02:47:59
ORD-104618,CUST-1007,Hannah Abbott,London,Electronics,Smartphone,780.57,1,0.25,Debit Card,COMPLETED,2025-02-18 16:14:27
ORD-104619,CUST-1009,Julia Roberts,Paris,Home & Kitchen,Espresso Machine,349.7,5,0.0,Credit Card,COMPLETED,2025-11-23 22:06:12
ORD-104620,CUST-1003,Diana Prince,Berlin,Home & Kitchen,Air Fryer,260.35,2,0.05,Credit Card,PENDING,2025-12-02 20:27:32
ORD-104621,CUST-1006,George Clark,Tokyo,Books,Sci-Fi Novel,44.42,1,0.05,Credit Card,COMPLETED,2025-10-21 17:30:47
ORD-104622,CUST-1010,Kevin Bacon,Paris,Books,Economics 101,28.69,1,0.25,PayPal,CANCELLED,2025-06-16 06:18:36
ORD-104623,CUST-1015,Pam Beesly,Sydney,Electronics,Smartwatch,629.67,2,0.2,UPI / Digital Wallet,PENDING,2025-02-17 10:31:09
ORD-104624,CUST-1005,Fiona Gallagher,Tokyo,Books,Economics 101,29.4,1,0.25,Debit Card,PENDING,2025-07-21 17:23:41
ORD-104625,CUST-1015,Pam Beesly,Berlin,Sports & Outdoors,Camping Tent,225.34,4,0.0,Debit Card,COMPLETED,2025-07-31 20:07:52
ORD-104626,CUST-1006,George Clark,London,Sports & Outdoors,Camping Tent,242.46,2,0.25,Debit Card,COMPLETED,2025-05-03 09:15:41
ORD-104627,CUST-1005,Fiona Gallagher,Berlin,Books,Biography,41.31,2,0.25,Apple Pay,COMPLETED,2025-10-04 14:59:58
ORD-104628,CUST-1019,Tony Stark,Tokyo,Sports & Outdoors,Camping Tent,56.61,1,0.25,Debit Card,COMPLETED,2025-01-17 18:52:52
ORD-104629,CUST-1004,Evan Wright,Tokyo,Electronics,Smartwatch,465.58,1,0.1,PayPal,CANCELLED,2025-04-23 14:10:42
ORD-104630,CUST-1014,Oscar Martinez,London,Home & Kitchen,Vacuum Cleaner,251.6,2,0.2,UPI / Digital Wallet,COMPLETED,2025-08-27 08:45:58
ORD-104631,CUST-1013,Nora Jones,Toronto,Clothing,Running Shoes,96.65,1,0.1,UPI / Digital Wallet,RETURNED,2025-02-06 20:05:03
ORD-104632,CUST-1018,Steve Rogers,Sydney,Books,Cookbook,10.3,1,0.05,Debit Card,COMPLETED,2025-01-06 13:02:13
ORD-104633,CUST-1007,Hannah Abbott,Sydney,Electronics,Wireless Headphones,1102.05,2,0.1,Credit Card,CANCELLED,2025-08-09 03:39:42
ORD-104634,CUST-1011,Laura Croft,Paris,Home & Kitchen,Air Fryer,337.11,2,0.05,PayPal,COMPLETED,2025-04-10 15:01:02
ORD-104635,CUST-1011,Laura Croft,Singapore,Clothing,Denim Jeans,56.46,1,0.05,Debit Card,RETURNED,2025-06-06 19:33:35
ORD-104636,CUST-1016,Quentin Tarantino,London,Electronics,4K Monitor,133.25,2,0.0,Debit Card,COMPLETED,2025-10-10 22:03:17
ORD-104637,CUST-1011,Laura Croft,Mumbai,Sports & Outdoors,Camping Tent,224.63,-1,0.0,Apple Pay,COMPLETED,2025-01-22 08:24:15
ORD-104638,CUST-1003,Diana Prince,New York,Clothing,Sneakers,42.56,1,0.25,UPI / Digital Wallet,RETURNED,2025-10-31 20:16:19
ORD-104639,CUST-1009,Julia Roberts,San Francisco,Clothing,Sneakers,120.79,2,0.1,Debit Card,PENDING,2025-06-18 23:57:00
ORD-104640,CUST-1019,Tony Stark,Sydney,Sports & Outdoors,Camping Tent,194.5,1,0.0,Apple Pay,PENDING,2025-02-19 13:39:26
ORD-104641,CUST-1005,Fiona Gallagher,Toronto,Sports & Outdoors,Dumbbell Set,108.83,1,0.25,Apple Pay,CANCELLED,2025-08-08 12:19:00
ORD-104642,CUST-1013,Nora Jones,Toronto,Sports & Outdoors,Hiking Backpack,181.54,1,0.0,Debit Card,COMPLETED,2025-10-05 09:59:02
ORD-104643,CUST-1013,Nora Jones,Berlin,Clothing,Cotton T-Shirt,42.81,3,0.0,Apple Pay,RETURNED,2025-09-24 14:23:00
ORD-104644,CUST-1013,Nora Jones,Berlin,Clothing,Denim Jeans,35.91,1,0.1,Apple Pay,COMPLETED,2025-02-21 09:05:58
ORD-104645,CUST-1008,Ian Malcolm,Tokyo,Books,Data Engineering Handbook,9.01,3,0.05,Credit Card,COMPLETED,2025-12-11 00:23:00
ORD-104646,CUST-1008,Ian Malcolm,Paris,Home & Kitchen,Vacuum Cleaner,155.15,2,0.0,Apple Pay,COMPLETED,2025-05-10 17:21:31
ORD-104647,CUST-1010,Kevin Bacon,Singapore,Clothing,Sneakers,147.02,2,0.05,PayPal,COMPLETED,2025-05-04 03:45:30
ORD-104648,CUST-1014,Oscar Martinez,San Francisco,Clothing,Denim Jeans,143.68,2,0.2,Debit Card,COMPLETED,2025-10-15 09:17:50
ORD-104649,CUST-1019,Tony Stark,London,Books,Economics 101,19.92,5,0.0,Debit Card,COMPLETED,2025-06-11 13:12:35
ORD-104650,CUST-1012,Michael Scott,Berlin,Home & Kitchen,Toaster,182.64,2,0.25,UPI / Digital Wallet,COMPLETED,2025-12-14 11:12:23
ORD-104651,CUST-1008,Ian Malcolm,Paris,Books,Sci-Fi Novel,12.04,1,0.05,UPI / Digital Wallet,COMPLETED,2025-01-16 23:14:41
ORD-104652,CUST-1011,Laura Croft,Toronto,Sports & Outdoors,Dumbbell Set,35.07,2,0.1,UPI / Digital Wallet,CANCELLED,2025-01-14 15:15:50
ORD-104653,CUST-1003,Diana Prince,Berlin,Books,Cookbook,40.12,1,0.1,Apple Pay,RETURNED,2025-11-18 21:13:40
ORD-104654,CUST-1006,George Clark,San Francisco,Sports & Outdoors,Camping Tent,226.4,1,0.2,Apple Pay,CANCELLED,2025-04-29 06:46:48
ORD-104655,CUST-1008,Ian Malcolm,Toronto,Electronics,4K Monitor,435.79,5,0.2,PayPal,COMPLETED,2025-05-30 04:05:26
ORD-104656,CUST-1010,Kevin Bacon,Berlin,Electronics,Smartphone,667.31,1,0.05,UPI / Digital Wallet,COMPLETED,2025-05-02 19:27:51
ORD-104657,CUST-1000,Alice Smith,Mumbai,Electronics,Bluetooth Speaker,715.18,1,0.05,Debit Card,PENDING,2025-01-04 19:04:59
ORD-104658,CUST-1013,Nora Jones,Berlin,Sports & Outdoors,Dumbbell Set,124.77,2,0.05,Credit Card,COMPLETED,2025-09-13 09:23:50
ORD-104659,CUST-1016,Quentin Tarantino,Paris,Books,Biography,10.6,1,0.2,Debit Card,PENDING,2025-07-22 11:06:53
ORD-104660,CUST-1000,Alice Smith,New York,Clothing,Hooded Sweatshirt,95.84,3,0.05,Credit Card,RETURNED,2025-03-24 03:48:32
ORD-104661,CUST-1008,Ian Malcolm,Paris,Electronics,Smartwatch,641.14,4,0.1,Debit Card,PENDING,2025-02-26 15:38:10
ORD-104662,CUST-1019,Tony Stark,San Francisco,Home & Kitchen,Blender,193.89,2,0.15,UPI / Digital Wallet,COMPLETED,2025-07-05 07:19:47
ORD-104663,CUST-1001,Bob Jones,Berlin,Sports & Outdoors,Bicycle Helmet,85.7,1,0.2,PayPal,PENDING,2025-05-15 15:14:58
ORD-104664,CUST-1004,Evan Wright,Berlin,Clothing,Sneakers,124.07,1,0.05,PayPal,COMPLETED,2025-02-10 01:56:32
ORD-104665,CUST-1001,Bob Jones,Toronto,Books,Cookbook,43.56,1,0.25,UPI / Digital Wallet,COMPLETED,2025-04-06 16:35:12
ORD-104666,CUST-1002,Charlie Brown,Berlin,Sports & Outdoors,Yoga Mat,110.06,4,0.0,UPI / Digital Wallet,COMPLETED,2025-09-15 12:44:52
ORD-104667,CUST-1013,Nora Jones,Mumbai,Clothing,Sneakers,39.66,1,0.05,PayPal,COMPLETED,2025-10-22 17:08:03
ORD-104668,CUST-1003,Diana Prince,New York,Books,Sci-Fi Novel,40.64,2,0.25,Debit Card,CANCELLED,2025-01-05 15:57:16
ORD-104669,CUST-1013,Nora Jones,Mumbai,Electronics,Wireless Headphones,237.22,2,0.25,PayPal,COMPLETED,2025-02-26 05:29:45
ORD-104670,CUST-1004,Evan Wright,Sydney,Books,Cookbook,27.13,1,0.2,Debit Card,CANCELLED,2025-02-07 22:19:28
ORD-104671,CUST-1010,Kevin Bacon,San Francisco,Clothing,Running Shoes,30.08,1,0.0,Apple Pay,CANCELLED,2025-12-18 10:57:21
ORD-104672,CUST-1005,Fiona Gallagher,Berlin,Sports & Outdoors,Bicycle Helmet,242.18,1,0.1,UPI / Digital Wallet,COMPLETED,2025-09-04 03:05:24
ORD-104673,CUST-1007,,San Francisco,Clothing,Hooded Sweatshirt,122.83,1,0.2,Credit Card,RETURNED,2025-12-16 06:44:32
ORD-104674,CUST-1015,Pam Beesly,Toronto,Clothing,Running Shoes,130.76,3,0.1,Debit Card,COMPLETED,2025-02-15 04:03:30
ORD-104675,CUST-1001,Bob Jones,Tokyo,Clothing,Cotton T-Shirt,127.91,3,0.05,UPI / Digital Wallet,CANCELLED,2025-12-11 13:02:11
ORD-104676,CUST-1017,Rachel Green,Singapore,Clothing,Running Shoes,120.66,1,0.2,PayPal,RETURNED,2025-03-21 17:14:53
ORD-104677,CUST-1008,Ian Malcolm,New York,Clothing,Hooded Sweatshirt,76.07,1,0.15,UPI / Digital Wallet,RETURNED,2025-07-15 00:14:29
ORD-104678,CUST-1010,Kevin Bacon,London,Sports & Outdoors,Camping Tent,189.39,1,0.25,PayPal,COMPLETED,2025-11-08 19:28:16
ORD-104679,CUST-1005,Fiona Gallagher,Tokyo,Sports & Outdoors,Dumbbell Set,27.07,4,0.1,Credit Card,PENDING,2025-07-09 16:26:53
ORD-104680,CUST-1003,Diana Prince,Berlin,Electronics,Wireless Headphones,800.87,1,0.05,Credit Card,CANCELLED,2025-07-28 10:38:29
ORD-104681,CUST-1000,Alice Smith,San Francisco,Home & Kitchen,Espresso Machine,185.65,2,0.25,Debit Card,PENDING,2025-06-17 12:32:11
ORD-104682,CUST-1001,Bob Jones,San Francisco,Electronics,Wireless Headphones,244.27,1,0.05,Credit Card,PENDING,2025-12-03 05:45:24
ORD-104683,CUST-1014,Oscar Martinez,Toronto,Home & Kitchen,Toaster,149.15,2,0.05,Credit Card,CANCELLED,2025-10-23 18:57:35
ORD-104684,CUST-1011,Laura Croft,Paris,Clothing,Winter Jacket,57.62,1,0.25,UPI / Digital Wallet,COMPLETED,2025-04-25 07:08:51
ORD-104685,CUST-1003,Diana Prince,Mumbai,Home & Kitchen,Blender,118.9,3,0.0,Debit Card,COMPLETED,2025-05-19 22:07:58
ORD-104686,CUST-1019,Tony Stark,New York,Sports & Outdoors,Dumbbell Set,56.44,1,0.1,Credit Card,PENDING,2025-05-31 13:16:09
ORD-104687,CUST-1018,Steve Rogers,Tokyo,Clothing,Winter Jacket,99.33,2,0.15,Debit Card,COMPLETED,2025-09-07 01:41:29
ORD-104688,CUST-1012,Michael Scott,Sydney,Sports & Outdoors,Dumbbell Set,48.05,1,0.0,UPI / Digital Wallet,PENDING,2025-10-28 14:33:11
ORD-104689,CUST-1010,Kevin Bacon,Paris,Home & Kitchen,Cookware Set,305.03,1,0.25,Apple Pay,COMPLETED,2025-04-02 12:07:49
ORD-104690,CUST-1008,Ian Malcolm,Paris,Sports & Outdoors,Hiking Backpack,24.3,1,0.15,Debit Card,CANCELLED,2025-10-22 05:24:51
ORD-104691,CUST-1003,Diana Prince,Toronto,Books,Data Engineering Handbook,37.55,2,0.05,UPI / Digital Wallet,CANCELLED,2025-03-09 11:09:56
ORD-104692,CUST-1019,Tony Stark,Paris,Home & Kitchen,Espresso Machine,140.94,2,0.2,Apple Pay,COMPLETED,2025-03-10 09:54:34
ORD-104693,CUST-1014,Oscar Martinez,Paris,Home & Kitchen,Blender,100.82,1,0.05,Apple Pay,PENDING,2025-07-21 12:20:35
ORD-104694,CUST-1016,Quentin Tarantino,Paris,Electronics,Smartphone,718.22,1,0.25,PayPal,COMPLETED,2025-06-18 05:49:08
ORD-104695,CUST-1019,Tony Stark,Sydney,Sports & Outdoors,Water Bottle,33.32,1,0.25,UPI / Digital Wallet,RETURNED,2025-07-08 10:02:20
ORD-104696,CUST-1001,Bob Jones,London,Books,History of Computing,40.87,3,0.15,UPI / Digital Wallet,COMPLETED,2025-04-28 14:31:41
ORD-104697,CUST-1010,Kevin Bacon,San Francisco,Books,History of Computing,14.48,1,0.2,PayPal,PENDING,2025-03-11 15:31:27
ORD-104698,CUST-1003,Diana Prince,Berlin,Electronics,Laptop,1002.52,5,0.0,Credit Card,PENDING,2025-10-31 14:35:14
ORD-104699,CUST-1017,Rachel Green,San Francisco,Home & Kitchen,Espresso Machine,191.64,1,0.2,UPI / Digital Wallet,COMPLETED,2025-01-11 23:47:37
ORD-104700,CUST-1003,Diana Prince,Paris,Clothing,Denim Jeans,109.69,1,0.05,Apple Pay,COMPLETED,2025-01-05 20:56:31
ORD-104701,CUST-1019,Tony Stark,Sydney,Books,Cookbook,24.16,1,0.1,Apple Pay,COMPLETED,2025-09-13 13:51:14
ORD-104702,CUST-1008,Ian Malcolm,Mumbai,Electronics,Laptop,947.71,2,0.1,Apple Pay,CANCELLED,2025-10-16 17:51:26
ORD-104703,CUST-1014,Oscar Martinez,Paris,Electronics,Bluetooth Speaker,482.6,1,0.05,Credit Card,CANCELLED,2025-07-14 21:24:21
ORD-104704,CUST-1001,Bob Jones,Singapore,Clothing,Cotton T-Shirt,74.74,2,0.05,Apple Pay,COMPLETED,2025-09-08 07:00:50
ORD-104705,CUST-1017,Rachel Green,London,Electronics,Wireless Headphones,386.08,2,0.25,Debit Card,CANCELLED,2025-06-07 08:05:58
ORD-104706,CUST-1006,George Clark,Sydney,Books,Data Engineering Handbook,36.36,2,0.15,UPI / Digital Wallet,COMPLETED,2025-01-23 22:55:28
ORD-104707,CUST-1018,Steve Rogers,Paris,Electronics,Laptop,707.81,3,0.0,PayPal,COMPLETED,2025-05-08 16:28:52
ORD-104708,CUST-1005,Fiona Gallagher,Mumbai,Electronics,Bluetooth Speaker,692.82,1,0.15,Credit Card,COMPLETED,2025-09-10 22:56:03
ORD-104709,CUST-1012,Michael Scott,Mumbai,Sports & Outdoors,Bicycle Helmet,244.0,1,0.25,PayPal,COMPLETED,2025-02-25 23:37:44
ORD-104710,CUST-1010,Kevin Bacon,Toronto,Sports & Outdoors,Camping Tent,201.95,1,0.2,Debit Card,COMPLETED,2025-12-14 20:43:39
ORD-104711,CUST-1005,Fiona Gallagher,Singapore,Home & Kitchen,Espresso Machine,94.74,1,0.25,Debit Card,COMPLETED,2025-11-11 13:47:57
ORD-104712,CUST-1014,Oscar Martinez,San Francisco,Home & Kitchen,Toaster,217.16,1,0.1,Apple Pay,COMPLETED,2025-03-12 01:39:09
ORD-104713,CUST-1019,Tony Stark,New York,Sports & Outdoors,Yoga Mat,82.43,1,0.0,PayPal,RETURNED,2025-03-01 17:32:20
ORD-104714,CUST-1000,Alice Smith,Singapore,Books,Economics 101,18.91,1,0.25,UPI / Digital Wallet,COMPLETED,2025-01-15 22:38:27
ORD-104715,CUST-1001,Bob Jones,New York,Home & Kitchen,Blender,173.18,1,0.1,Credit Card,CANCELLED,2025-03-01 16:00:08
ORD-104716,CUST-1012,Michael Scott,San Francisco,Sports & Outdoors,Bicycle Helmet,111.25,2,0.1,Apple Pay,COMPLETED,2025-07-22 04:16:29
ORD-104717,CUST-1010,Kevin Bacon,New York,Sports & Outdoors,Hiking Backpack,184.28,2,0.0,UPI / Digital Wallet,COMPLETED,2025-05-29 21:38:16
ORD-104718,CUST-1018,Steve Rogers,Singapore,Clothing,Winter Jacket,139.39,1,0.05,Apple Pay,RETURNED,2025-10-19 01:19:24
ORD-104719,CUST-1010,Kevin Bacon,Tokyo,Home & Kitchen,Cookware Set,31.97,2,0.15,UPI / Digital Wallet,COMPLETED,2025-07-29 09:34:31
ORD-104720,CUST-1017,Rachel Green,Paris,Home & Kitchen,Vacuum Cleaner,214.59,2,0.05,PayPal,COMPLETED,2025-01-23 23:14:29
ORD-104721,CUST-1012,Michael Scott,Mumbai,Books,Sci-Fi Novel,8.86,1,0.1,Apple Pay,COMPLETED,2025-03-17 03:26:00
ORD-104722,CUST-1005,Fiona Gallagher,Paris,Books,Economics 101,37.8,4,0.2,UPI / Digital Wallet,RETURNED,2025-09-30 08:09:41
ORD-104723,CUST-1004,Evan Wright,Singapore,Electronics,4K Monitor,1090.85,4,0.1,Apple Pay,PENDING,2025-11-09 20:53:16
ORD-104724,CUST-1013,Nora Jones,Singapore,Electronics,Smartwatch,644.99,1,0.25,Debit Card,COMPLETED,2025-04-07 00:42:28
ORD-104725,CUST-1012,Michael Scott,New York,Books,Sci-Fi Novel,44.29,1,0.25,Debit Card,COMPLETED,2025-03-21 14:23:53
ORD-104726,CUST-1001,Bob Jones,Singapore,Books,History of Computing,20.65,3,0.05,Apple Pay,COMPLETED,2025-05-11 13:47:23
ORD-104727,CUST-1001,Bob Jones,Toronto,Home & Kitchen,Espresso Machine,71.07,1,0.1,Apple Pay,RETURNED,2025-01-03 00:52:10
ORD-104728,CUST-1019,Tony Stark,San Francisco,Sports & Outdoors,Yoga Mat,179.12,1,0.1,Debit Card,RETURNED,2025-10-09 08:10:06
ORD-104729,CUST-1003,Diana Prince,Sydney,Home & Kitchen,Vacuum Cleaner,157.31,1,0.25,PayPal,COMPLETED,2025-07-24 13:20:36
ORD-104730,CUST-1014,Oscar Martinez,Paris,Clothing,Sneakers,119.09,4,0.1,PayPal,CANCELLED,2025-11-11 08:07:35
ORD-104731,CUST-1008,Ian Malcolm,Berlin,Electronics,4K Monitor,382.14,3,0.2,Credit Card,COMPLETED,2025-03-13 03:31:05
ORD-104732,CUST-1014,Oscar Martinez,London,Electronics,Laptop,811.6,1,0.1,PayPal,COMPLETED,2025-12-29 14:15:39
ORD-104733,CUST-1006,George Clark,Paris,Clothing,Denim Jeans,103.46,2,0.15,UPI / Digital Wallet,COMPLETED,2025-06-06 16:00:18
ORD-104734,CUST-1018,Steve Rogers,Toronto,Home & Kitchen,Toaster,67.06,1,0.2,Debit Card,PENDING,2025-12-24 03:27:28
ORD-104735,CUST-1000,Alice Smith,London,Books,History of Computing,30.96,3,0.0,Debit Card,COMPLETED,2025-09-20 01:02:20
ORD-104736,CUST-1010,Kevin Bacon,San Francisco,Books,History of Computing,29.12,2,0.05,PayPal,COMPLETED,2025-04-08 05:58:11
ORD-104737,CUST-1008,Ian Malcolm,Sydney,Clothing,Denim Jeans,75.93,2,0.05,Credit Card,COMPLETED,2025-11-07 04:41:18
ORD-104738,CUST-1019,Tony Stark,Mumbai,Clothing,Winter Jacket,32.67,1,0.25,Apple Pay,COMPLETED,2025-03-19 15:35:06
ORD-104739,CUST-1006,George Clark,Toronto,Books,Data Engineering Handbook,13.83,1,0.15,Credit Card,COMPLETED,2025-08-07 07:30:12
ORD-104740,CUST-1015,Pam Beesly,Sydney,Sports & Outdoors,Dumbbell Set,132.72,1,0.0,Apple Pay,PENDING,2025-03-12 14:18:59
ORD-104741,CUST-1001,Bob Jones,Singapore,Home & Kitchen,Blender,320.3,1,0.25,UPI / Digital Wallet,RETURNED,2025-09-21 17:09:16
ORD-104742,CUST-1017,Rachel Green,Sydney,Sports & Outdoors,Water Bottle,147.5,1,0.0,PayPal,COMPLETED,2025-01-26 16:04:56
ORD-104743,CUST-1016,Quentin Tarantino,London,Clothing,Running Shoes,119.79,2,0.1,UPI / Digital Wallet,CANCELLED,2025-10-25 15:55:45
ORD-104744,CUST-1013,Nora Jones,San Francisco,Books,Sci-Fi Novel,42.06,1,0.25,Credit Card,COMPLETED,2025-12-17 10:27:38
ORD-104745,CUST-1009,Julia Roberts,Singapore,Books,Economics 101,15.02,2,0.1,Debit Card,RETURNED,2025-11-19 06:34:18
ORD-104746,CUST-1019,Tony Stark,Sydney,Books,Cookbook,18.95,4,0.2,Credit Card,RETURNED,2025-02-02 07:45:23
ORD-104747,CUST-1007,Hannah Abbott,,Clothing,Sneakers,116.58,4,0.1,Debit Card,COMPLETED,2025-07-02 04:28:14
ORD-104748,CUST-1007,Hannah Abbott,Toronto,Sports & Outdoors,Bicycle Helmet,122.75,2,0.25,UPI / Digital Wallet,COMPLETED,2025-03-30 00:10:18
ORD-104749,CUST-1003,Diana Prince,Mumbai,Electronics,Laptop,1184.63,1,0.0,Apple Pay,CANCELLED,2025-12-17 08:57:59
ORD-104750,CUST-1016,Quentin Tarantino,Berlin,Books,History of Computing,34.75,5,0.05,Apple Pay,PENDING,2025-04-04 10:32:49
ORD-104751,CUST-1013,Nora Jones,New York,Electronics,Smartphone,1154.07,-1,0.2,UPI / Digital Wallet,COMPLETED,2025-04-07 01:16:36
ORD-104752,CUST-1009,Julia Roberts,Paris,Electronics,Smartwatch,1171.97,1,0.1,UPI / Digital Wallet,CANCELLED,2025-04-03 20:37:11
ORD-104753,CUST-1004,Evan Wright,Berlin,Electronics,Wireless Headphones,719.65,1,0.2,PayPal,CANCELLED,2025-03-12 19:22:17
ORD-104754,CUST-1003,Diana Prince,Tokyo,Clothing,Running Shoes,110.79,1,0.25,Apple Pay,COMPLETED,2025-11-22 20:45:21
ORD-104755,CUST-1019,Tony Stark,Mumbai,Electronics,Smartwatch,182.5,1,0.25,Debit Card,COMPLETED,2025-08-09 06:49:28
ORD-104756,CUST-1010,Kevin Bacon,San Francisco,Books,History of Computing,19.46,3,0.0,PayPal,COMPLETED,2025-01-04 08:54:00
ORD-104757,CUST-1006,George Clark,New York,Books,Data Engineering Handbook,27.63,1,0.1,PayPal,COMPLETED,2025-10-25 20:06:34
ORD-104758,CUST-1017,Rachel Green,Berlin,Electronics,Bluetooth Speaker,217.98,1,0.1,PayPal,COMPLETED,2025-01-29 21:24:00
ORD-104759,CUST-1011,Laura Croft,London,Electronics,Wireless Headphones,291.96,1,0.15,Apple Pay,RETURNED,2025-08-22 12:02:39
ORD-104760,CUST-1006,George Clark,Mumbai,Home & Kitchen,Espresso Machine,237.07,3,0.15,Apple Pay,COMPLETED,2025-05-22 05:16:25
ORD-104761,CUST-1009,Julia Roberts,Singapore,Home & Kitchen,Blender,319.4,4,0.25,UPI / Digital Wallet,PENDING,2025-05-26 14:08:55
ORD-104762,CUST-1011,Laura Croft,Toronto,Electronics,Smartphone,226.49,2,0.0,Credit Card,COMPLETED,2025-12-10 19:28:23
ORD-104763,CUST-1009,Julia Roberts,Singapore,Clothing,Running Shoes,134.35,1,0.25,Debit Card,COMPLETED,2025-03-05 00:38:27
ORD-104764,CUST-1016,Quentin Tarantino,Berlin,Books,Sci-Fi Novel,23.76,1,0.1,Apple Pay,RETURNED,2025-09-04 15:58:39
ORD-104765,CUST-1000,Alice Smith,Tokyo,Sports & Outdoors,Camping Tent,215.37,1,0.15,Credit Card,CANCELLED,2025-07-15 00:44:32
ORD-104766,CUST-1017,Rachel Green,Toronto,Clothing,Cotton T-Shirt,51.71,1,0.1,UPI / Digital Wallet,RETURNED,2025-10-24 22:54:57
ORD-104767,CUST-1012,Michael Scott,San Francisco,Books,Economics 101,32.76,1,0.0,UPI / Digital Wallet,PENDING,2025-12-30 08:28:30
ORD-104768,CUST-1001,Bob Jones,Berlin,Sports & Outdoors,Bicycle Helmet,73.46,1,0.0,PayPal,COMPLETED,2025-03-08 21:59:45
ORD-104769,CUST-1016,Quentin Tarantino,London,Sports & Outdoors,Hiking Backpack,17.38,1,0.25,PayPal,COMPLETED,2025-12-01 06:07:40
ORD-104770,CUST-1009,Julia Roberts,Tokyo,Books,History of Computing,25.03,2,0.25,Apple Pay,CANCELLED,2025-06-11 02:42:32
ORD-104771,CUST-1017,Rachel Green,Singapore,Clothing,Sneakers,26.01,3,0.25,Credit Card,COMPLETED,2025-01-03 14:00:55
ORD-104772,CUST-1018,Steve Rogers,New York,Sports & Outdoors,Dumbbell Set,92.34,2,0.15,Apple Pay,COMPLETED,2025-10-24 18:21:43
ORD-104773,CUST-1011,Laura Croft,New York,Books,Economics 101,23.09,5,0.1,Credit Card,COMPLETED,2025-04-17 19:16:19
ORD-104774,CUST-1013,Nora Jones,Toronto,Sports & Outdoors,Dumbbell Set,153.38,2,0.25,PayPal,RETURNED,2025-01-03 22:43:16
ORD-104775,CUST-1003,Diana Prince,Toronto,Home & Kitchen,Espresso Machine,83.22,1,0.25,Credit Card,RETURNED,2025-09-30 19:28:01
ORD-104776,CUST-1017,Rachel Green,Paris,Books,Data Engineering Handbook,41.47,2,0.05,PayPal,COMPLETED,2025-10-16 15:00:16
ORD-104777,CUST-1017,Rachel Green,Mumbai,Clothing,Winter Jacket,52.28,3,0.2,UPI / Digital Wallet,COMPLETED,2025-12-02 04:44:57
ORD-104778,CUST-1011,Laura Croft,Tokyo,Books,Sci-Fi Novel,10.34,1,0.2,Apple Pay,COMPLETED,2025-12-17 04:11:55
ORD-104779,CUST-1002,Charlie Brown,Paris,Electronics,4K Monitor,257.09,1,0.1,Credit Card,COMPLETED,2025-04-22 13:08:21
ORD-104780,CUST-1003,Diana Prince,Toronto,Home & Kitchen,Blender,58.97,-1,0.05,Debit Card,COMPLETED,2025-11-25 16:48:33
ORD-104781,CUST-1012,Michael Scott,Toronto,Clothing,Denim Jeans,31.46,2,0.0,Apple Pay,COMPLETED,2025-04-12 14:42:30
ORD-104782,CUST-1015,Pam Beesly,London,Electronics,4K Monitor,746.6,1,0.15,UPI / Digital Wallet,COMPLETED,2025-07-27 21:07:28
ORD-104783,CUST-1011,Laura Croft,New York,Sports & Outdoors,Bicycle Helmet,40.52,3,0.05,PayPal,PENDING,2025-10-17 13:03:02
ORD-104784,CUST-1012,Michael Scott,San Francisco,Books,Cookbook,33.44,4,0.25,Debit Card,COMPLETED,2025-04-29 05:24:51
ORD-104785,CUST-1010,Kevin Bacon,New York,Sports & Outdoors,Bicycle Helmet,41.56,2,0.0,Apple Pay,COMPLETED,2025-05-16 14:35:49
ORD-104786,CUST-1009,Julia Roberts,Tokyo,Clothing,Running Shoes,62.76,2,0.0,Debit Card,RETURNED,2025-01-21 13:48:02
ORD-104787,CUST-1011,Laura Croft,Tokyo,Electronics,4K Monitor,411.93,3,0.2,PayPal,COMPLETED,2025-03-30 21:41:55
ORD-104788,CUST-1019,Tony Stark,London,Home & Kitchen,Espresso Machine,182.94,1,0.0,UPI / Digital Wallet,COMPLETED,2025-05-05 01:11:28
ORD-104789,CUST-1005,Fiona Gallagher,New York,Home & Kitchen,Cookware Set,258.52,1,0.15,UPI / Digital Wallet,COMPLETED,2025-05-07 02:46:07
ORD-104790,CUST-1008,Ian Malcolm,London,Sports & Outdoors,Dumbbell Set,108.03,2,0.15,Apple Pay,PENDING,2025-01-23 23:50:26
ORD-104791,CUST-1008,Ian Malcolm,Berlin,Books,Sci-Fi Novel,17.59,3,0.0,Apple Pay,COMPLETED,2025-03-06 17:29:06
ORD-104792,CUST-1012,Michael Scott,Toronto,Books,Biography,18.52,1,0.1,Debit Card,COMPLETED,2025-06-13 13:06:49
ORD-104793,CUST-1006,,Paris,Books,Sci-Fi Novel,28.57,1,0.25,Apple Pay,COMPLETED,2025-03-25 16:35:35
ORD-104794,CUST-1014,,Berlin,Sports & Outdoors,Camping Tent,168.07,1,0.15,Credit Card,RETURNED,2025-11-04 20:25:30
ORD-104795,CUST-1010,Kevin Bacon,Paris,Electronics,Smartphone,363.02,1,0.1,Apple Pay,PENDING,2025-03-14 10:27:01
ORD-104796,CUST-1001,Bob Jones,Paris,Home & Kitchen,Air Fryer,303.19,2,0.1,UPI / Digital Wallet,CANCELLED,2025-10-25 07:45:37
ORD-104797,CUST-1012,Michael Scott,Berlin,Electronics,Smartphone,65.81,2,0.0,Apple Pay,CANCELLED,2025-02-22 07:59:21
ORD-104798,CUST-1017,Rachel Green,New York,Clothing,Winter Jacket,68.04,2,0.1,Apple Pay,COMPLETED,2025-03-07 21:45:48
ORD-104799,CUST-1012,Michael Scott,Singapore,Sports & Outdoors,Bicycle Helmet,186.13,1,0.2,Apple Pay,COMPLETED,2025-10-29 11:22:13
ORD-104800,CUST-1019,Tony Stark,Sydney,Electronics,Wireless Headphones,943.36,1,0.0,Credit Card,CANCELLED,2025-01-01 16:02:46
ORD-104801,CUST-1013,Nora Jones,Tokyo,Clothing,Running Shoes,58.7,1,0.1,Credit Card,COMPLETED,2025-10-28 04:11:38
ORD-104802,CUST-1003,Diana Prince,Mumbai,Electronics,Smartwatch,784.53,1,0.25,Credit Card,COMPLETED,2025-07-12 07:30:22
ORD-104803,CUST-1017,Rachel Green,San Francisco,Clothing,Sneakers,15.94,3,0.25,PayPal,COMPLETED,2025-08-24 01:08:12
ORD-104804,CUST-1016,Quentin Tarantino,Singapore,Home & Kitchen,Air Fryer,146.78,3,0.0,PayPal,CANCELLED,2025-01-28 02:09:37
ORD-104805,CUST-1014,Oscar Martinez,Sydney,Books,History of Computing,31.51,4,0.1,PayPal,PENDING,2025-05-02 06:16:52
ORD-104806,CUST-1004,Evan Wright,Singapore,Books,Data Engineering Handbook,37.65,4,0.1,Debit Card,PENDING,2025-09-01 13:25:14
ORD-104807,CUST-1015,Pam Beesly,New York,Home & Kitchen,Cookware Set,250.13,5,0.2,Apple Pay,PENDING,2025-01-21 23:04:28
ORD-104808,CUST-1019,Tony Stark,Paris,Home & Kitchen,Espresso Machine,287.19,3,0.2,Apple Pay,COMPLETED,2025-09-20 15:32:19
ORD-104809,CUST-1011,Laura Croft,Berlin,Sports & Outdoors,Camping Tent,50.13,1,0.0,Credit Card,PENDING,2025-01-14 09:36:37
ORD-104810,CUST-1016,Quentin Tarantino,San Francisco,Books,Sci-Fi Novel,15.57,1,0.05,UPI / Digital Wallet,CANCELLED,2025-09-11 13:59:26
ORD-104811,CUST-1018,Steve Rogers,San Francisco,Electronics,Smartwatch,669.92,2,0.05,Credit Card,COMPLETED,2025-10-12 15:05:02
ORD-104812,CUST-1010,Kevin Bacon,Mumbai,Books,Sci-Fi Novel,19.71,1,0.2,Credit Card,COMPLETED,2025-07-02 11:11:16
ORD-104813,CUST-1010,Kevin Bacon,London,Electronics,Bluetooth Speaker,619.69,1,0.05,Debit Card,RETURNED,2025-07-28 06:17:52
ORD-104814,CUST-1008,Ian Malcolm,Berlin,Sports & Outdoors,Hiking Backpack,148.19,1,0.0,Apple Pay,CANCELLED,2025-12-19 07:00:28
ORD-104815,CUST-1003,Diana Prince,Berlin,Books,Sci-Fi Novel,9.88,1,0.2,UPI / Digital Wallet,PENDING,2025-07-06 05:25:49
ORD-104816,CUST-1004,Evan Wright,Toronto,Electronics,Smartphone,479.08,1,0.1,UPI / Digital Wallet,COMPLETED,2025-09-11 18:42:54
ORD-104817,CUST-1015,Pam Beesly,Paris,Home & Kitchen,Vacuum Cleaner,282.5,1,0.25,Debit Card,COMPLETED,2025-10-07 18:01:40
ORD-104818,CUST-1008,Ian Malcolm,Tokyo,Books,Data Engineering Handbook,44.64,3,0.0,UPI / Digital Wallet,CANCELLED,2025-10-25 00:41:29
ORD-104819,CUST-1004,Evan Wright,Berlin,Books,Sci-Fi Novel,28.39,1,0.2,UPI / Digital Wallet,COMPLETED,2025-10-24 20:36:36
ORD-104820,CUST-1014,Oscar Martinez,Paris,Sports & Outdoors,Camping Tent,58.36,1,0.15,PayPal,COMPLETED,2025-07-07 06:44:18
ORD-104821,CUST-1012,Michael Scott,Singapore,Home & Kitchen,Cookware Set,258.2,1,0.05,Debit Card,PENDING,2025-10-27 14:00:07
ORD-104822,CUST-1019,Tony Stark,Tokyo,Sports & Outdoors,Camping Tent,129.21,1,0.15,Apple Pay,CANCELLED,2025-06-25 15:38:11
ORD-104823,CUST-1015,Pam Beesly,Tokyo,Electronics,Bluetooth Speaker,136.51,1,0.25,UPI / Digital Wallet,COMPLETED,2025-06-16 21:16:42
ORD-104824,CUST-1004,Evan Wright,Singapore,Books,Data Engineering Handbook,11.46,3,0.05,UPI / Digital Wallet,PENDING,2025-06-27 15:50:54
ORD-104825,CUST-1015,Pam Beesly,Singapore,Clothing,Hooded Sweatshirt,84.22,1,0.25,UPI / Digital Wallet,RETURNED,2025-03-25 06:36:03
ORD-104826,CUST-1011,Laura Croft,Sydney,Books,Data Engineering Handbook,36.95,1,0.05,PayPal,RETURNED,2025-09-24 11:31:52
ORD-104827,CUST-1002,Charlie Brown,Sydney,Home & Kitchen,Cookware Set,246.95,2,0.25,Credit Card,COMPLETED,2025-09-05 07:05:45
ORD-104828,CUST-1014,Oscar Martinez,Sydney,Home & Kitchen,Air Fryer,82.25,2,0.2,Credit Card,COMPLETED,2025-03-07 23:15:22
ORD-104829,CUST-1008,Ian Malcolm,Tokyo,Clothing,Winter Jacket,84.1,1,0.05,PayPal,COMPLETED,2025-07-07 12:09:55
ORD-104830,CUST-1005,Fiona Gallagher,Paris,Electronics,Bluetooth Speaker,896.72,5,0.2,Credit Card,PENDING,2025-07-03 04:34:36
ORD-104831,CUST-1009,Julia Roberts,Tokyo,Books,Biography,17.95,4,0.25,Debit Card,PENDING,2025-02-24 01:31:19
ORD-104832,CUST-1004,,Tokyo,Sports & Outdoors,Dumbbell Set,102.26,2,0.15,Apple Pay,COMPLETED,2025-12-17 13:39:31
ORD-104833,CUST-1016,Quentin Tarantino,Tokyo,Clothing,Denim Jeans,140.73,2,0.25,PayPal,COMPLETED,2025-08-18 00:55:47
ORD-104834,CUST-1008,Ian Malcolm,Sydney,Clothing,Winter Jacket,67.61,2,0.0,UPI / Digital Wallet,CANCELLED,2025-06-08 02:52:16
ORD-104835,CUST-1017,Rachel Green,London,Clothing,Denim Jeans,93.74,1,0.25,PayPal,CANCELLED,2025-04-23 22:54:59
ORD-104836,CUST-1002,Charlie Brown,Toronto,Electronics,Laptop,1128.69,1,0.05,Debit Card,COMPLETED,2025-04-03 13:08:46
ORD-104837,CUST-1010,Kevin Bacon,Toronto,Sports & Outdoors,Dumbbell Set,203.47,3,0.25,Credit Card,COMPLETED,2025-07-17 15:43:50
ORD-104838,CUST-1006,George Clark,New York,Home & Kitchen,Air Fryer,78.75,1,0.25,UPI / Digital Wallet,COMPLETED,2025-12-25 11:51:05
ORD-104839,CUST-1006,George Clark,Sydney,Clothing,Hooded Sweatshirt,90.68,1,0.25,Debit Card,PENDING,2025-01-17 00:12:43
ORD-104840,CUST-1015,Pam Beesly,Sydney,Clothing,Denim Jeans,116.39,2,0.25,UPI / Digital Wallet,COMPLETED,2025-07-05 16:59:44
ORD-104841,CUST-1017,Rachel Green,Paris,Home & Kitchen,Air Fryer,300.39,1,0.0,Apple Pay,COMPLETED,2025-09-15 11:30:07
ORD-104842,CUST-1018,Steve Rogers,San Francisco,Clothing,Hooded Sweatshirt,113.34,1,0.0,Debit Card,COMPLETED,2025-10-14 13:45:17
ORD-104843,CUST-1005,Fiona Gallagher,Berlin,Clothing,Running Shoes,45.61,1,0.2,Debit Card,COMPLETED,2025-11-11 22:40:13
ORD-104844,CUST-1012,Michael Scott,Tokyo,Books,Cookbook,27.8,4,0.15,Credit Card,COMPLETED,2025-08-06 23:45:44
ORD-104845,CUST-1004,Evan Wright,Sydney,Sports & Outdoors,Water Bottle,133.15,1,0.15,Credit Card,COMPLETED,2025-05-23 15:47:07
ORD-104846,CUST-1002,Charlie Brown,Toronto,Electronics,Smartphone,1051.93,2,0.1,Apple Pay,COMPLETED,2025-09-05 16:01:31
ORD-104847,CUST-1006,George Clark,Paris,Electronics,Smartwatch,946.49,1,0.25,Apple Pay,COMPLETED,2025-02-02 10:07:55
ORD-104848,CUST-1014,Oscar Martinez,Paris,Electronics,4K Monitor,948.28,3,0.15,Debit Card,PENDING,2025-08-12 08:19:29
ORD-104849,CUST-1012,Michael Scott,London,Books,Sci-Fi Novel,13.91,1,0.25,PayPal,CANCELLED,2025-03-12 00:58:00
ORD-104850,CUST-1007,Hannah Abbott,Sydney,Clothing,Hooded Sweatshirt,108.97,1,0.1,PayPal,COMPLETED,2025-06-26 11:15:45
ORD-104851,CUST-1013,Nora Jones,Tokyo,Clothing,Running Shoes,58.89,2,0.0,UPI / Digital Wallet,COMPLETED,2025-05-29 04:51:04
ORD-104852,CUST-1010,Kevin Bacon,London,Electronics,Smartphone,1133.38,2,0.25,Apple Pay,CANCELLED,2025-08-25 02:51:34
ORD-104853,CUST-1014,Oscar Martinez,Tokyo,Electronics,4K Monitor,813.36,1,0.15,Debit Card,CANCELLED,2025-05-11 12:54:27
ORD-104854,CUST-1016,Quentin Tarantino,Toronto,Sports & Outdoors,Water Bottle,177.85,3,0.15,PayPal,COMPLETED,2025-12-05 02:07:39
ORD-104855,CUST-1000,Alice Smith,London,Home & Kitchen,Toaster,227.83,1,0.25,PayPal,CANCELLED,2025-05-10 18:14:48
ORD-104856,CUST-1001,Bob Jones,Singapore,Sports & Outdoors,Hiking Backpack,161.74,1,0.1,PayPal,COMPLETED,2025-10-08 03:45:18
ORD-104857,CUST-1011,Laura Croft,Berlin,Electronics,Smartphone,350.64,4,0.2,Apple Pay,PENDING,2025-01-16 03:43:08
ORD-104858,CUST-1015,Pam Beesly,Toronto,Electronics,Wireless Headphones,1060.85,3,0.1,PayPal,COMPLETED,2025-12-29 00:53:00
ORD-104859,CUST-1001,Bob Jones,New York,Clothing,Cotton T-Shirt,31.68,1,0.15,Apple Pay,COMPLETED,2025-09-03 02:00:55
ORD-104860,CUST-1007,Hannah Abbott,Toronto,Home & Kitchen,Toaster,299.88,4,0.1,UPI / Digital Wallet,COMPLETED,2025-06-13 14:29:56
ORD-104861,CUST-1009,Julia Roberts,London,Clothing,Hooded Sweatshirt,106.38,2,0.2,Apple Pay,PENDING,2025-01-14 05:29:19
ORD-104862,CUST-1003,Diana Prince,New York,Clothing,Running Shoes,73.33,1,0.15,UPI / Digital Wallet,PENDING,2025-04-13 07:17:52
ORD-104863,CUST-1019,Tony Stark,Sydney,Sports & Outdoors,Dumbbell Set,154.21,2,0.15,Credit Card,COMPLETED,2025-06-06 06:03:45
ORD-104864,CUST-1011,Laura Croft,Toronto,Books,Biography,29.04,3,0.1,UPI / Digital Wallet,COMPLETED,2025-02-26 09:41:19
ORD-104865,CUST-1015,Pam Beesly,Singapore,Sports & Outdoors,Dumbbell Set,69.47,1,0.2,Credit Card,COMPLETED,2025-01-11 22:09:19
ORD-104866,CUST-1011,Laura Croft,Berlin,Home & Kitchen,Vacuum Cleaner,102.6,4,0.25,Debit Card,PENDING,2025-08-20 12:35:03
ORD-104867,CUST-1018,Steve Rogers,Tokyo,Clothing,Running Shoes,27.29,1,0.15,Credit Card,RETURNED,2025-07-09 19:10:32
ORD-104868,CUST-1015,Pam Beesly,San Francisco,Sports & Outdoors,Hiking Backpack,161.43,1,0.1,Apple Pay,COMPLETED,2025-04-24 05:04:49
ORD-104869,CUST-1006,George Clark,Toronto,Clothing,Sneakers,72.51,1,0.25,PayPal,PENDING,2025-11-28 10:21:40
ORD-104870,CUST-1019,Tony Stark,Berlin,Sports & Outdoors,Bicycle Helmet,84.71,1,0.15,Credit Card,COMPLETED,2025-09-27 08:40:46
ORD-104871,CUST-1004,Evan Wright,Paris,Home & Kitchen,Air Fryer,170.19,2,0.25,Credit Card,RETURNED,2025-12-24 15:11:37
ORD-104872,CUST-1004,Evan Wright,Toronto,Clothing,Running Shoes,120.74,2,0.0,Apple Pay,COMPLETED,2025-11-02 08:41:32
ORD-104873,CUST-1005,Fiona Gallagher,Sydney,Books,Sci-Fi Novel,34.94,3,0.1,UPI / Digital Wallet,COMPLETED,2025-01-08 22:04:29
ORD-104874,CUST-1006,George Clark,Paris,Clothing,Sneakers,21.14,1,0.1,UPI / Digital Wallet,CANCELLED,2025-08-21 07:39:43
ORD-104875,CUST-1007,Hannah Abbott,New York,Clothing,Denim Jeans,43.36,1,0.0,Apple Pay,COMPLETED,2025-07-26 01:04:13
ORD-104876,CUST-1009,Julia Roberts,Toronto,Electronics,Smartwatch,1083.95,1,0.15,Credit Card,CANCELLED,2025-05-09 16:15:26
ORD-104877,CUST-1013,Nora Jones,London,Sports & Outdoors,Hiking Backpack,151.26,3,0.2,UPI / Digital Wallet,CANCELLED,2025-09-13 11:05:36
ORD-104878,CUST-1009,Julia Roberts,Berlin,Books,Data Engineering Handbook,26.89,1,0.2,Debit Card,COMPLETED,2025-04-12 15:52:47
ORD-104879,CUST-1011,Laura Croft,Toronto,Books,Cookbook,10.95,1,0.25,UPI / Digital Wallet,CANCELLED,2025-06-12 21:06:37
ORD-104880,CUST-1003,Diana Prince,Paris,Clothing,Sneakers,75.37,1,0.2,Debit Card,PENDING,2025-11-07 22:44:08
ORD-104881,CUST-1011,Laura Croft,San Francisco,Clothing,Denim Jeans,63.17,3,0.25,PayPal,CANCELLED,2025-04-15 02:56:01
ORD-104882,CUST-1001,Bob Jones,Tokyo,Home & Kitchen,Blender,299.68,1,0.0,Debit Card,PENDING,2025-09-29 13:45:27
ORD-104883,CUST-1013,Nora Jones,Singapore,Books,Sci-Fi Novel,41.8,2,0.25,Apple Pay,COMPLETED,2025-02-09 06:15:23
ORD-104884,CUST-1015,Pam Beesly,San Francisco,Home & Kitchen,Espresso Machine,218.97,1,0.1,Apple Pay,PENDING,2025-06-09 11:09:23
ORD-104885,CUST-1012,Michael Scott,London,Books,Data Engineering Handbook,16.17,2,0.2,UPI / Digital Wallet,CANCELLED,2025-03-10 08:22:11
ORD-104886,CUST-1003,Diana Prince,Singapore,Books,History of Computing,33.85,1,0.0,Credit Card,COMPLETED,2025-09-27 17:19:52
ORD-104887,CUST-1011,Laura Croft,Singapore,Sports & Outdoors,Water Bottle,165.08,2,0.25,UPI / Digital Wallet,COMPLETED,2025-10-02 10:34:30
ORD-104888,CUST-1007,Hannah Abbott,Berlin,Sports & Outdoors,Yoga Mat,186.0,1,0.1,Debit Card,COMPLETED,2025-12-14 07:02:39
ORD-104889,CUST-1006,George Clark,Tokyo,Electronics,Smartphone,468.88,5,0.0,PayPal,CANCELLED,2025-07-22 21:47:59
ORD-104890,CUST-1004,Evan Wright,Sydney,Home & Kitchen,Blender,99.69,1,0.25,Apple Pay,COMPLETED,2025-03-13 13:41:21
ORD-104891,CUST-1004,Evan Wright,Toronto,Sports & Outdoors,Dumbbell Set,30.34,1,0.0,Debit Card,RETURNED,2025-08-19 15:03:40
ORD-104892,CUST-1001,Bob Jones,San Francisco,Home & Kitchen,Air Fryer,257.69,1,0.1,UPI / Digital Wallet,COMPLETED,2025-03-05 12:41:20
ORD-104893,CUST-1019,Tony Stark,Singapore,Home & Kitchen,Cookware Set,288.29,1,0.2,Credit Card,CANCELLED,2025-01-27 11:19:55
ORD-104894,CUST-1000,Alice Smith,Singapore,Clothing,Hooded Sweatshirt,142.6,2,0.05,UPI / Digital Wallet,PENDING,2025-03-24 07:40:20
ORD-104895,CUST-1015,Pam Beesly,Toronto,Electronics,Wireless Headphones,1169.16,4,0.15,Apple Pay,COMPLETED,2025-01-07 12:12:53
ORD-104896,CUST-1003,Diana Prince,London,Books,Sci-Fi Novel,16.0,2,0.15,Apple Pay,COMPLETED,2025-05-02 02:16:21
ORD-104897,CUST-1002,Charlie Brown,New York,Electronics,4K Monitor,535.17,1,0.2,UPI / Digital Wallet,COMPLETED,2025-07-31 23:47:10
ORD-104898,CUST-1004,Evan Wright,Mumbai,Sports & Outdoors,Water Bottle,97.28,1,0.25,Credit Card,COMPLETED,2025-10-19 19:31:05
ORD-104899,CUST-1008,Ian Malcolm,Tokyo,Electronics,Wireless Headphones,1031.81,3,0.25,UPI / Digital Wallet,COMPLETED,2025-01-23 14:02:40
ORD-104900,CUST-1006,George Clark,Sydney,Home & Kitchen,Toaster,203.36,1,0.05,Apple Pay,COMPLETED,2025-03-14 13:16:26
ORD-104901,CUST-1015,Pam Beesly,Tokyo,Clothing,Winter Jacket,33.45,1,0.0,Debit Card,RETURNED,2025-06-06 07:58:26
ORD-104902,CUST-1007,Hannah Abbott,Berlin,Clothing,Winter Jacket,53.75,2,0.15,Debit Card,RETURNED,2025-04-19 18:36:37
ORD-104903,CUST-1015,Pam Beesly,Toronto,Electronics,Smartphone,755.21,3,0.2,Credit Card,COMPLETED,2025-11-23 16:27:58
ORD-104904,CUST-1002,Charlie Brown,Tokyo,Sports & Outdoors,Camping Tent,40.98,1,0.05,Apple Pay,RETURNED,2025-08-06 17:01:14
ORD-104905,CUST-1008,Ian Malcolm,Sydney,Electronics,Bluetooth Speaker,546.9,2,0.15,Apple Pay,COMPLETED,2025-12-31 01:36:02
ORD-104906,CUST-1013,Nora Jones,Paris,Home & Kitchen,Espresso Machine,154.64,3,0.2,PayPal,COMPLETED,2025-09-19 04:23:57
ORD-104907,CUST-1019,Tony Stark,Berlin,Electronics,Laptop,445.02,1,0.05,Debit Card,COMPLETED,2025-06-04 00:30:17
ORD-104908,CUST-1016,Quentin Tarantino,Singapore,Electronics,Wireless Headphones,62.21,3,0.0,PayPal,COMPLETED,2025-10-31 02:25:34
ORD-104909,CUST-1003,Diana Prince,London,Electronics,Bluetooth Speaker,1102.25,1,0.05,Apple Pay,CANCELLED,2025-11-19 12:45:54
ORD-104910,CUST-1015,Pam Beesly,Singapore,Books,Biography,9.26,1,0.2,Credit Card,COMPLETED,2025-08-17 10:50:07
ORD-104911,CUST-1003,Diana Prince,San Francisco,Sports & Outdoors,Camping Tent,169.37,2,0.15,Apple Pay,RETURNED,2025-01-08 11:22:49
ORD-104912,CUST-1016,Quentin Tarantino,New York,Electronics,4K Monitor,1129.9,4,0.25,PayPal,COMPLETED,2025-07-10 18:35:32
ORD-104913,CUST-1011,Laura Croft,London,Home & Kitchen,Cookware Set,93.14,4,0.1,Debit Card,COMPLETED,2025-04-21 02:07:49
ORD-104914,CUST-1007,Hannah Abbott,London,Books,Sci-Fi Novel,44.52,1,0.0,Apple Pay,COMPLETED,2025-07-01 21:11:58
ORD-104915,CUST-1013,Nora Jones,Berlin,Electronics,Smartwatch,385.52,1,0.2,Apple Pay,COMPLETED,2025-12-11 13:53:12
ORD-104916,CUST-1010,Kevin Bacon,Toronto,Books,Data Engineering Handbook,36.83,1,0.05,Debit Card,PENDING,2025-10-06 03:07:50
ORD-104917,CUST-1009,Julia Roberts,San Francisco,Sports & Outdoors,Dumbbell Set,208.22,2,0.25,PayPal,COMPLETED,2025-07-04 22:38:02
ORD-104918,CUST-1019,Tony Stark,Singapore,Electronics,4K Monitor,585.43,1,0.1,Credit Card,COMPLETED,2025-07-22 07:55:35
ORD-104919,CUST-1015,Pam Beesly,San Francisco,Electronics,Laptop,345.95,1,0.25,Debit Card,RETURNED,2025-02-13 05:45:52
ORD-104920,CUST-1000,Alice Smith,Berlin,Clothing,Sneakers,95.84,2,0.05,Debit Card,COMPLETED,2025-04-25 08:59:16
ORD-104921,CUST-1000,Alice Smith,,Electronics,Wireless Headphones,666.89,1,0.2,Debit Card,PENDING,2025-05-15 10:31:37
ORD-104922,CUST-1010,Kevin Bacon,,Electronics,Bluetooth Speaker,418.55,5,0.05,Apple Pay,COMPLETED,2025-10-11 12:29:19
ORD-104923,CUST-1018,Steve Rogers,San Francisco,Electronics,Wireless Headphones,587.3,1,0.15,Apple Pay,COMPLETED,2025-06-25 15:44:45
ORD-104924,CUST-1012,Michael Scott,London,Electronics,Smartwatch,815.75,3,0.1,Apple Pay,COMPLETED,2025-03-02 22:19:48
ORD-104925,CUST-1007,Hannah Abbott,Singapore,Home & Kitchen,Toaster,123.51,1,0.15,PayPal,COMPLETED,2025-08-26 12:34:10
ORD-104926,CUST-1004,Evan Wright,London,Clothing,Sneakers,94.71,1,0.05,Credit Card,COMPLETED,2025-07-17 15:02:09
ORD-104927,CUST-1011,Laura Croft,San Francisco,Books,Economics 101,41.02,1,0.1,Apple Pay,COMPLETED,2025-07-06 15:27:43
ORD-104928,CUST-1000,Alice Smith,Toronto,Sports & Outdoors,Camping Tent,19.77,2,0.0,Apple Pay,CANCELLED,2025-10-08 16:09:43
ORD-104929,CUST-1017,Rachel Green,Sydney,Clothing,Sneakers,138.59,1,0.2,Credit Card,CANCELLED,2025-09-26 01:01:33
ORD-104930,CUST-1004,,London,Books,Cookbook,41.15,1,0.0,UPI / Digital Wallet,RETURNED,2025-07-04 17:19:31
ORD-104931,CUST-1004,Evan Wright,Tokyo,Books,History of Computing,29.72,2,0.0,Apple Pay,CANCELLED,2025-05-01 09:10:49
ORD-104932,CUST-1008,Ian Malcolm,Toronto,Clothing,Sneakers,88.81,1,0.25,Apple Pay,RETURNED,2025-03-01 15:37:08
ORD-104933,CUST-1001,Bob Jones,Toronto,Clothing,Hooded Sweatshirt,74.21,1,0.25,UPI / Digital Wallet,CANCELLED,2025-11-30 09:51:44
ORD-104934,CUST-1017,Rachel Green,Singapore,Books,Cookbook,24.14,1,0.0,Apple Pay,COMPLETED,2025-02-09 19:24:58
ORD-104935,CUST-1018,Steve Rogers,Sydney,Home & Kitchen,Espresso Machine,202.83,2,0.15,Credit Card,COMPLETED,2025-07-23 07:17:58
ORD-104936,CUST-1012,Michael Scott,Singapore,Sports & Outdoors,Water Bottle,105.22,1,0.25,Apple Pay,COMPLETED,2025-10-01 08:08:48
ORD-104937,CUST-1017,Rachel Green,Berlin,Sports & Outdoors,Bicycle Helmet,47.68,1,0.15,PayPal,COMPLETED,2025-01-21 23:46:42
ORD-104938,CUST-1004,Evan Wright,,Clothing,Denim Jeans,147.07,2,0.1,Debit Card,COMPLETED,2025-11-21 11:35:02
ORD-104939,CUST-1001,Bob Jones,Berlin,Electronics,Smartwatch,1181.88,1,0.1,PayPal,CANCELLED,2025-08-07 19:20:58
ORD-104940,CUST-1007,Hannah Abbott,Berlin,Electronics,Smartphone,697.26,1,0.0,Apple Pay,PENDING,2025-09-04 14:06:29
ORD-104941,CUST-1013,Nora Jones,London,Sports & Outdoors,Yoga Mat,95.46,2,0.0,Debit Card,COMPLETED,2025-06-08 17:57:07
ORD-104942,CUST-1000,Alice Smith,Tokyo,Sports & Outdoors,Hiking Backpack,115.01,2,0.05,Credit Card,COMPLETED,2025-12-26 14:01:34
ORD-104943,CUST-1016,Quentin Tarantino,London,Electronics,4K Monitor,698.93,1,0.25,Debit Card,COMPLETED,2025-12-29 15:21:31
ORD-104944,CUST-1005,Fiona Gallagher,Singapore,Electronics,Bluetooth Speaker,50.48,3,0.1,Debit Card,RETURNED,2025-08-05 20:32:48
ORD-104945,CUST-1013,Nora Jones,San Francisco,Home & Kitchen,Air Fryer,89.54,1,0.0,PayPal,COMPLETED,2025-07-02 09:03:58
ORD-104946,CUST-1009,Julia Roberts,Mumbai,Sports & Outdoors,Dumbbell Set,162.45,2,0.0,UPI / Digital Wallet,COMPLETED,2025-02-21 11:12:37
ORD-104947,CUST-1012,Michael Scott,New York,Clothing,Denim Jeans,70.86,1,0.25,Apple Pay,PENDING,2025-12-16 05:42:51
ORD-104948,CUST-1015,Pam Beesly,Sydney,Books,Biography,15.77,2,0.05,UPI / Digital Wallet,COMPLETED,2025-09-02 16:54:22
ORD-104949,CUST-1000,Alice Smith,Tokyo,Clothing,Winter Jacket,92.56,1,0.25,UPI / Digital Wallet,COMPLETED,2025-09-10 06:27:26
ORD-104950,CUST-1019,Tony Stark,Paris,Clothing,Denim Jeans,21.23,2,0.15,PayPal,PENDING,2025-09-18 01:00:17
ORD-104951,CUST-1007,Hannah Abbott,Tokyo,Books,History of Computing,23.76,1,0.25,Apple Pay,CANCELLED,2025-02-24 06:59:28
ORD-104952,CUST-1005,Fiona Gallagher,Singapore,Home & Kitchen,Toaster,209.56,2,0.2,UPI / Digital Wallet,COMPLETED,2025-06-10 18:08:46
ORD-104953,CUST-1008,Ian Malcolm,San Francisco,Sports & Outdoors,Water Bottle,90.33,3,0.05,Credit Card,CANCELLED,2025-02-27 05:02:01
ORD-104954,CUST-1009,Julia Roberts,Berlin,Home & Kitchen,Cookware Set,98.28,1,0.25,Credit Card,COMPLETED,2025-07-23 00:24:15
ORD-104955,CUST-1008,Ian Malcolm,New York,Home & Kitchen,Cookware Set,59.47,1,0.25,Apple Pay,COMPLETED,2025-12-07 06:43:24
ORD-104956,CUST-1019,Tony Stark,Paris,Electronics,4K Monitor,1199.51,1,0.0,Credit Card,RETURNED,2025-03-21 03:47:21
ORD-104957,CUST-1013,Nora Jones,Sydney,Sports & Outdoors,Bicycle Helmet,234.34,2,0.25,Apple Pay,COMPLETED,2025-02-25 15:24:39
ORD-104958,CUST-1018,Steve Rogers,San Francisco,Sports & Outdoors,Hiking Backpack,91.62,3,0.0,UPI / Digital Wallet,COMPLETED,2025-05-14 08:38:59
ORD-104959,CUST-1015,Pam Beesly,San Francisco,Books,History of Computing,37.66,2,0.25,Credit Card,RETURNED,2025-08-06 18:17:23
ORD-104960,CUST-1009,Julia Roberts,Singapore,Home & Kitchen,Toaster,71.39,2,0.15,UPI / Digital Wallet,COMPLETED,2025-03-14 11:12:52
ORD-104961,CUST-1000,Alice Smith,Tokyo,Electronics,4K Monitor,465.14,1,0.25,PayPal,COMPLETED,2025-02-02 01:04:14
ORD-104962,CUST-1009,Julia Roberts,Mumbai,Books,Biography,28.64,3,0.1,Credit Card,PENDING,2025-06-27 20:07:36
ORD-104963,CUST-1007,Hannah Abbott,New York,Clothing,Winter Jacket,137.08,1,0.05,PayPal,RETURNED,2025-02-27 13:28:45
ORD-104964,CUST-1001,Bob Jones,Mumbai,Clothing,Winter Jacket,74.61,1,0.25,Credit Card,COMPLETED,2025-04-09 02:47:44
ORD-104965,CUST-1018,Steve Rogers,New York,Electronics,4K Monitor,503.75,1,0.0,Credit Card,COMPLETED,2025-01-27 20:09:02
ORD-104966,CUST-1000,Alice Smith,Mumbai,Electronics,Laptop,261.21,1,0.0,UPI / Digital Wallet,CANCELLED,2025-09-03 18:28:16
ORD-104967,CUST-1008,Ian Malcolm,Mumbai,Electronics,Wireless Headphones,94.88,4,0.0,Debit Card,COMPLETED,2025-02-09 19:47:49
ORD-104968,CUST-1016,Quentin Tarantino,Paris,Electronics,Smartwatch,228.83,3,0.1,UPI / Digital Wallet,COMPLETED,2025-02-19 05:57:36
ORD-104969,CUST-1010,Kevin Bacon,Tokyo,Sports & Outdoors,Water Bottle,45.75,-1,0.2,Apple Pay,CANCELLED,2025-11-07 00:19:20
ORD-104970,CUST-1002,Charlie Brown,London,Home & Kitchen,Blender,242.62,1,0.15,UPI / Digital Wallet,COMPLETED,2025-01-24 23:22:34
ORD-104971,CUST-1017,Rachel Green,Toronto,Sports & Outdoors,Camping Tent,163.29,1,0.2,Apple Pay,RETURNED,2025-11-13 14:49:01
ORD-104972,CUST-1013,Nora Jones,San Francisco,Electronics,Laptop,650.11,1,0.15,Debit Card,COMPLETED,2025-12-15 00:22:24
ORD-104973,CUST-1012,Michael Scott,Paris,Books,Sci-Fi Novel,35.74,1,0.05,Credit Card,COMPLETED,2025-10-12 03:11:30
ORD-104974,CUST-1003,Diana Prince,Berlin,Home & Kitchen,Cookware Set,234.91,4,0.25,UPI / Digital Wallet,PENDING,2025-09-04 16:44:24
ORD-104975,CUST-1001,Bob Jones,London,Books,Biography,29.44,3,0.2,Credit Card,CANCELLED,2025-02-15 12:00:27
ORD-104976,CUST-1013,Nora Jones,New York,Books,Data Engineering Handbook,25.14,1,0.05,UPI / Digital Wallet,COMPLETED,2025-02-21 06:14:38
ORD-104977,CUST-1004,Evan Wright,San Francisco,Home & Kitchen,Cookware Set,175.96,2,0.25,PayPal,PENDING,2025-05-23 19:32:19
ORD-104978,CUST-1004,Evan Wright,Mumbai,Electronics,4K Monitor,91.97,2,0.25,Credit Card,COMPLETED,2025-12-29 06:22:17
ORD-104979,CUST-1011,Laura Croft,Sydney,Books,Data Engineering Handbook,23.0,2,0.0,Apple Pay,COMPLETED,2025-08-23 01:52:50
ORD-104980,CUST-1004,Evan Wright,San Francisco,Books,Biography,13.07,1,0.2,Apple Pay,COMPLETED,2025-02-15 21:22:24
ORD-104981,CUST-1017,Rachel Green,Tokyo,Clothing,Sneakers,102.19,1,0.0,Apple Pay,COMPLETED,2025-10-07 03:24:49
ORD-104982,CUST-1012,Michael Scott,New York,Home & Kitchen,Espresso Machine,121.29,4,0.1,Credit Card,RETURNED,2025-07-20 11:16:45
ORD-104983,CUST-1011,Laura Croft,San Francisco,Electronics,Laptop,1103.61,2,0.05,PayPal,CANCELLED,2025-01-18 13:19:14
ORD-104984,CUST-1013,Nora Jones,Toronto,Clothing,Winter Jacket,71.58,3,0.0,Credit Card,COMPLETED,2025-06-12 20:52:54
ORD-104985,CUST-1000,Alice Smith,Berlin,Clothing,Winter Jacket,129.34,2,0.1,Debit Card,PENDING,2025-10-23 17:44:52
ORD-104986,CUST-1013,Nora Jones,Sydney,Clothing,Hooded Sweatshirt,111.77,4,0.15,Debit Card,COMPLETED,2025-10-12 02:50:11
ORD-104987,CUST-1013,Nora Jones,Paris,Sports & Outdoors,Water Bottle,193.68,1,0.25,UPI / Digital Wallet,PENDING,2025-04-02 02:26:01
ORD-104988,CUST-1014,Oscar Martinez,Tokyo,Books,Economics 101,12.58,2,0.0,Debit Card,COMPLETED,2025-10-08 12:32:54
ORD-104989,CUST-1006,George Clark,Paris,Books,Data Engineering Handbook,34.17,2,0.1,Debit Card,COMPLETED,2025-11-27 11:59:58
ORD-104990,CUST-1008,Ian Malcolm,London,Electronics,Smartwatch,351.57,2,0.0,Apple Pay,PENDING,2025-07-05 11:20:17
ORD-104991,CUST-1012,Michael Scott,San Francisco,Home & Kitchen,Cookware Set,64.15,2,0.15,Credit Card,CANCELLED,2025-11-11 11:19:47
ORD-104992,CUST-1014,,Berlin,Home & Kitchen,Cookware Set,125.61,1,0.1,UPI / Digital Wallet,COMPLETED,2025-12-06 01:16:02
ORD-104993,CUST-1019,Tony Stark,London,Books,Sci-Fi Novel,23.19,2,0.25,PayPal,COMPLETED,2025-01-19 04:54:12
ORD-104994,CUST-1017,,New York,Books,Sci-Fi Novel,36.25,1,0.25,UPI / Digital Wallet,RETURNED,2025-03-03 11:00:48
ORD-104995,CUST-1014,Oscar Martinez,Toronto,Clothing,Sneakers,108.2,1,0.05,Apple Pay,COMPLETED,2025-02-24 23:33:53
ORD-104996,CUST-1009,Julia Roberts,San Francisco,Books,History of Computing,42.65,3,0.05,Apple Pay,PENDING,2025-10-02 15:19:31
ORD-104997,CUST-1006,George Clark,San Francisco,Home & Kitchen,Cookware Set,124.72,1,0.0,PayPal,COMPLETED,2025-03-22 06:30:06
ORD-104998,CUST-1001,Bob Jones,San Francisco,Clothing,Denim Jeans,83.08,2,0.05,Apple Pay,COMPLETED,2025-05-18 00:40:02
ORD-104999,CUST-1009,Julia Roberts,San Francisco,Home & Kitchen,Blender,143.94,1,0.1,Apple Pay,COMPLETED,2025-05-08 11:47:19
ORD-105000,CUST-1017,Rachel Green,Tokyo,Clothing,Hooded Sweatshirt,91.39,3,0.2,UPI / Digital Wallet,COMPLETED,2025-08-28 21:06:03
